id_sample,id_road,time
0,276183,2019-12-21 08:30:00
1,276183,2019-12-21 08:40:00
2,276183,2019-12-21 08:50:00
3,276183,2019-12-21 10:30:00
4,276183,2019-12-21 10:40:00
5,276183,2019-12-21 10:50:00
6,276183,2019-12-21 12:30:00
7,276183,2019-12-21 12:40:00
8,276183,2019-12-21 12:50:00
9,276183,2019-12-21 14:30:00
10,276183,2019-12-21 14:40:00
11,276183,2019-12-21 14:50:00
12,276183,2019-12-21 16:30:00
13,276183,2019-12-21 16:40:00
14,276183,2019-12-21 16:50:00
15,276183,2019-12-21 18:30:00
16,276183,2019-12-21 18:40:00
17,276183,2019-12-21 18:50:00
18,276183,2019-12-21 20:30:00
19,276183,2019-12-21 20:40:00
20,276183,2019-12-21 20:50:00
21,276184,2019-12-21 08:30:00
22,276184,2019-12-21 08:40:00
23,276184,2019-12-21 08:50:00
24,276184,2019-12-21 10:30:00
25,276184,2019-12-21 10:40:00
26,276184,2019-12-21 10:50:00
27,276184,2019-12-21 12:30:00
28,276184,2019-12-21 12:40:00
29,276184,2019-12-21 12:50:00
30,276184,2019-12-21 14:30:00
31,276184,2019-12-21 14:40:00
32,276184,2019-12-21 14:50:00
33,276184,2019-12-21 16:30:00
34,276184,2019-12-21 16:40:00
35,276184,2019-12-21 16:50:00
36,276184,2019-12-21 18:30:00
37,276184,2019-12-21 18:40:00
38,276184,2019-12-21 18:50:00
39,276184,2019-12-21 20:30:00
40,276184,2019-12-21 20:40:00
41,276184,2019-12-21 20:50:00
42,275911,2019-12-21 08:30:00
43,275911,2019-12-21 08:40:00
44,275911,2019-12-21 08:50:00
45,275911,2019-12-21 10:30:00
46,275911,2019-12-21 10:40:00
47,275911,2019-12-21 10:50:00
48,275911,2019-12-21 12:30:00
49,275911,2019-12-21 12:40:00
50,275911,2019-12-21 12:50:00
51,275911,2019-12-21 14:30:00
52,275911,2019-12-21 14:40:00
53,275911,2019-12-21 14:50:00
54,275911,2019-12-21 16:30:00
55,275911,2019-12-21 16:40:00
56,275911,2019-12-21 16:50:00
57,275911,2019-12-21 18:30:00
58,275911,2019-12-21 18:40:00
59,275911,2019-12-21 18:50:00
60,275911,2019-12-21 20:30:00
61,275911,2019-12-21 20:40:00
62,275911,2019-12-21 20:50:00
63,275912,2019-12-21 08:30:00
64,275912,2019-12-21 08:40:00
65,275912,2019-12-21 08:50:00
66,275912,2019-12-21 10:30:00
67,275912,2019-12-21 10:40:00
68,275912,2019-12-21 10:50:00
69,275912,2019-12-21 12:30:00
70,275912,2019-12-21 12:40:00
71,275912,2019-12-21 12:50:00
72,275912,2019-12-21 14:30:00
73,275912,2019-12-21 14:40:00
74,275912,2019-12-21 14:50:00
75,275912,2019-12-21 16:30:00
76,275912,2019-12-21 16:40:00
77,275912,2019-12-21 16:50:00
78,275912,2019-12-21 18:30:00
79,275912,2019-12-21 18:40:00
80,275912,2019-12-21 18:50:00
81,275912,2019-12-21 20:30:00
82,275912,2019-12-21 20:40:00
83,275912,2019-12-21 20:50:00
84,276240,2019-12-21 08:30:00
85,276240,2019-12-21 08:40:00
86,276240,2019-12-21 08:50:00
87,276240,2019-12-21 10:30:00
88,276240,2019-12-21 10:40:00
89,276240,2019-12-21 10:50:00
90,276240,2019-12-21 12:30:00
91,276240,2019-12-21 12:40:00
92,276240,2019-12-21 12:50:00
93,276240,2019-12-21 14:30:00
94,276240,2019-12-21 14:40:00
95,276240,2019-12-21 14:50:00
96,276240,2019-12-21 16:30:00
97,276240,2019-12-21 16:40:00
98,276240,2019-12-21 16:50:00
99,276240,2019-12-21 18:30:00
100,276240,2019-12-21 18:40:00
101,276240,2019-12-21 18:50:00
102,276240,2019-12-21 20:30:00
103,276240,2019-12-21 20:40:00
104,276240,2019-12-21 20:50:00
105,276241,2019-12-21 08:30:00
106,276241,2019-12-21 08:40:00
107,276241,2019-12-21 08:50:00
108,276241,2019-12-21 10:30:00
109,276241,2019-12-21 10:40:00
110,276241,2019-12-21 10:50:00
111,276241,2019-12-21 12:30:00
112,276241,2019-12-21 12:40:00
113,276241,2019-12-21 12:50:00
114,276241,2019-12-21 14:30:00
115,276241,2019-12-21 14:40:00
116,276241,2019-12-21 14:50:00
117,276241,2019-12-21 16:30:00
118,276241,2019-12-21 16:40:00
119,276241,2019-12-21 16:50:00
120,276241,2019-12-21 18:30:00
121,276241,2019-12-21 18:40:00
122,276241,2019-12-21 18:50:00
123,276241,2019-12-21 20:30:00
124,276241,2019-12-21 20:40:00
125,276241,2019-12-21 20:50:00
126,276264,2019-12-21 08:30:00
127,276264,2019-12-21 08:40:00
128,276264,2019-12-21 08:50:00
129,276264,2019-12-21 10:30:00
130,276264,2019-12-21 10:40:00
131,276264,2019-12-21 10:50:00
132,276264,2019-12-21 12:30:00
133,276264,2019-12-21 12:40:00
134,276264,2019-12-21 12:50:00
135,276264,2019-12-21 14:30:00
136,276264,2019-12-21 14:40:00
137,276264,2019-12-21 14:50:00
138,276264,2019-12-21 16:30:00
139,276264,2019-12-21 16:40:00
140,276264,2019-12-21 16:50:00
141,276264,2019-12-21 18:30:00
142,276264,2019-12-21 18:40:00
143,276264,2019-12-21 18:50:00
144,276264,2019-12-21 20:30:00
145,276264,2019-12-21 20:40:00
146,276264,2019-12-21 20:50:00
147,276265,2019-12-21 08:30:00
148,276265,2019-12-21 08:40:00
149,276265,2019-12-21 08:50:00
150,276265,2019-12-21 10:30:00
151,276265,2019-12-21 10:40:00
152,276265,2019-12-21 10:50:00
153,276265,2019-12-21 12:30:00
154,276265,2019-12-21 12:40:00
155,276265,2019-12-21 12:50:00
156,276265,2019-12-21 14:30:00
157,276265,2019-12-21 14:40:00
158,276265,2019-12-21 14:50:00
159,276265,2019-12-21 16:30:00
160,276265,2019-12-21 16:40:00
161,276265,2019-12-21 16:50:00
162,276265,2019-12-21 18:30:00
163,276265,2019-12-21 18:40:00
164,276265,2019-12-21 18:50:00
165,276265,2019-12-21 20:30:00
166,276265,2019-12-21 20:40:00
167,276265,2019-12-21 20:50:00
168,276268,2019-12-21 08:30:00
169,276268,2019-12-21 08:40:00
170,276268,2019-12-21 08:50:00
171,276268,2019-12-21 10:30:00
172,276268,2019-12-21 10:40:00
173,276268,2019-12-21 10:50:00
174,276268,2019-12-21 12:30:00
175,276268,2019-12-21 12:40:00
176,276268,2019-12-21 12:50:00
177,276268,2019-12-21 14:30:00
178,276268,2019-12-21 14:40:00
179,276268,2019-12-21 14:50:00
180,276268,2019-12-21 16:30:00
181,276268,2019-12-21 16:40:00
182,276268,2019-12-21 16:50:00
183,276268,2019-12-21 18:30:00
184,276268,2019-12-21 18:40:00
185,276268,2019-12-21 18:50:00
186,276268,2019-12-21 20:30:00
187,276268,2019-12-21 20:40:00
188,276268,2019-12-21 20:50:00
189,276269,2019-12-21 08:30:00
190,276269,2019-12-21 08:40:00
191,276269,2019-12-21 08:50:00
192,276269,2019-12-21 10:30:00
193,276269,2019-12-21 10:40:00
194,276269,2019-12-21 10:50:00
195,276269,2019-12-21 12:30:00
196,276269,2019-12-21 12:40:00
197,276269,2019-12-21 12:50:00
198,276269,2019-12-21 14:30:00
199,276269,2019-12-21 14:40:00
200,276269,2019-12-21 14:50:00
201,276269,2019-12-21 16:30:00
202,276269,2019-12-21 16:40:00
203,276269,2019-12-21 16:50:00
204,276269,2019-12-21 18:30:00
205,276269,2019-12-21 18:40:00
206,276269,2019-12-21 18:50:00
207,276269,2019-12-21 20:30:00
208,276269,2019-12-21 20:40:00
209,276269,2019-12-21 20:50:00
210,276737,2019-12-21 08:30:00
211,276737,2019-12-21 08:40:00
212,276737,2019-12-21 08:50:00
213,276737,2019-12-21 10:30:00
214,276737,2019-12-21 10:40:00
215,276737,2019-12-21 10:50:00
216,276737,2019-12-21 12:30:00
217,276737,2019-12-21 12:40:00
218,276737,2019-12-21 12:50:00
219,276737,2019-12-21 14:30:00
220,276737,2019-12-21 14:40:00
221,276737,2019-12-21 14:50:00
222,276737,2019-12-21 16:30:00
223,276737,2019-12-21 16:40:00
224,276737,2019-12-21 16:50:00
225,276737,2019-12-21 18:30:00
226,276737,2019-12-21 18:40:00
227,276737,2019-12-21 18:50:00
228,276737,2019-12-21 20:30:00
229,276737,2019-12-21 20:40:00
230,276737,2019-12-21 20:50:00
231,276738,2019-12-21 08:30:00
232,276738,2019-12-21 08:40:00
233,276738,2019-12-21 08:50:00
234,276738,2019-12-21 10:30:00
235,276738,2019-12-21 10:40:00
236,276738,2019-12-21 10:50:00
237,276738,2019-12-21 12:30:00
238,276738,2019-12-21 12:40:00
239,276738,2019-12-21 12:50:00
240,276738,2019-12-21 14:30:00
241,276738,2019-12-21 14:40:00
242,276738,2019-12-21 14:50:00
243,276738,2019-12-21 16:30:00
244,276738,2019-12-21 16:40:00
245,276738,2019-12-21 16:50:00
246,276738,2019-12-21 18:30:00
247,276738,2019-12-21 18:40:00
248,276738,2019-12-21 18:50:00
249,276738,2019-12-21 20:30:00
250,276738,2019-12-21 20:40:00
251,276738,2019-12-21 20:50:00
252,276183,2019-12-22 08:30:00
253,276183,2019-12-22 08:40:00
254,276183,2019-12-22 08:50:00
255,276183,2019-12-22 10:30:00
256,276183,2019-12-22 10:40:00
257,276183,2019-12-22 10:50:00
258,276183,2019-12-22 12:30:00
259,276183,2019-12-22 12:40:00
260,276183,2019-12-22 12:50:00
261,276183,2019-12-22 14:30:00
262,276183,2019-12-22 14:40:00
263,276183,2019-12-22 14:50:00
264,276183,2019-12-22 16:30:00
265,276183,2019-12-22 16:40:00
266,276183,2019-12-22 16:50:00
267,276183,2019-12-22 18:30:00
268,276183,2019-12-22 18:40:00
269,276183,2019-12-22 18:50:00
270,276183,2019-12-22 20:30:00
271,276183,2019-12-22 20:40:00
272,276183,2019-12-22 20:50:00
273,276184,2019-12-22 08:30:00
274,276184,2019-12-22 08:40:00
275,276184,2019-12-22 08:50:00
276,276184,2019-12-22 10:30:00
277,276184,2019-12-22 10:40:00
278,276184,2019-12-22 10:50:00
279,276184,2019-12-22 12:30:00
280,276184,2019-12-22 12:40:00
281,276184,2019-12-22 12:50:00
282,276184,2019-12-22 14:30:00
283,276184,2019-12-22 14:40:00
284,276184,2019-12-22 14:50:00
285,276184,2019-12-22 16:30:00
286,276184,2019-12-22 16:40:00
287,276184,2019-12-22 16:50:00
288,276184,2019-12-22 18:30:00
289,276184,2019-12-22 18:40:00
290,276184,2019-12-22 18:50:00
291,276184,2019-12-22 20:30:00
292,276184,2019-12-22 20:40:00
293,276184,2019-12-22 20:50:00
294,275911,2019-12-22 08:30:00
295,275911,2019-12-22 08:40:00
296,275911,2019-12-22 08:50:00
297,275911,2019-12-22 10:30:00
298,275911,2019-12-22 10:40:00
299,275911,2019-12-22 10:50:00
300,275911,2019-12-22 12:30:00
301,275911,2019-12-22 12:40:00
302,275911,2019-12-22 12:50:00
303,275911,2019-12-22 14:30:00
304,275911,2019-12-22 14:40:00
305,275911,2019-12-22 14:50:00
306,275911,2019-12-22 16:30:00
307,275911,2019-12-22 16:40:00
308,275911,2019-12-22 16:50:00
309,275911,2019-12-22 18:30:00
310,275911,2019-12-22 18:40:00
311,275911,2019-12-22 18:50:00
312,275911,2019-12-22 20:30:00
313,275911,2019-12-22 20:40:00
314,275911,2019-12-22 20:50:00
315,275912,2019-12-22 08:30:00
316,275912,2019-12-22 08:40:00
317,275912,2019-12-22 08:50:00
318,275912,2019-12-22 10:30:00
319,275912,2019-12-22 10:40:00
320,275912,2019-12-22 10:50:00
321,275912,2019-12-22 12:30:00
322,275912,2019-12-22 12:40:00
323,275912,2019-12-22 12:50:00
324,275912,2019-12-22 14:30:00
325,275912,2019-12-22 14:40:00
326,275912,2019-12-22 14:50:00
327,275912,2019-12-22 16:30:00
328,275912,2019-12-22 16:40:00
329,275912,2019-12-22 16:50:00
330,275912,2019-12-22 18:30:00
331,275912,2019-12-22 18:40:00
332,275912,2019-12-22 18:50:00
333,275912,2019-12-22 20:30:00
334,275912,2019-12-22 20:40:00
335,275912,2019-12-22 20:50:00
336,276240,2019-12-22 08:30:00
337,276240,2019-12-22 08:40:00
338,276240,2019-12-22 08:50:00
339,276240,2019-12-22 10:30:00
340,276240,2019-12-22 10:40:00
341,276240,2019-12-22 10:50:00
342,276240,2019-12-22 12:30:00
343,276240,2019-12-22 12:40:00
344,276240,2019-12-22 12:50:00
345,276240,2019-12-22 14:30:00
346,276240,2019-12-22 14:40:00
347,276240,2019-12-22 14:50:00
348,276240,2019-12-22 16:30:00
349,276240,2019-12-22 16:40:00
350,276240,2019-12-22 16:50:00
351,276240,2019-12-22 18:30:00
352,276240,2019-12-22 18:40:00
353,276240,2019-12-22 18:50:00
354,276240,2019-12-22 20:30:00
355,276240,2019-12-22 20:40:00
356,276240,2019-12-22 20:50:00
357,276241,2019-12-22 08:30:00
358,276241,2019-12-22 08:40:00
359,276241,2019-12-22 08:50:00
360,276241,2019-12-22 10:30:00
361,276241,2019-12-22 10:40:00
362,276241,2019-12-22 10:50:00
363,276241,2019-12-22 12:30:00
364,276241,2019-12-22 12:40:00
365,276241,2019-12-22 12:50:00
366,276241,2019-12-22 14:30:00
367,276241,2019-12-22 14:40:00
368,276241,2019-12-22 14:50:00
369,276241,2019-12-22 16:30:00
370,276241,2019-12-22 16:40:00
371,276241,2019-12-22 16:50:00
372,276241,2019-12-22 18:30:00
373,276241,2019-12-22 18:40:00
374,276241,2019-12-22 18:50:00
375,276241,2019-12-22 20:30:00
376,276241,2019-12-22 20:40:00
377,276241,2019-12-22 20:50:00
378,276264,2019-12-22 08:30:00
379,276264,2019-12-22 08:40:00
380,276264,2019-12-22 08:50:00
381,276264,2019-12-22 10:30:00
382,276264,2019-12-22 10:40:00
383,276264,2019-12-22 10:50:00
384,276264,2019-12-22 12:30:00
385,276264,2019-12-22 12:40:00
386,276264,2019-12-22 12:50:00
387,276264,2019-12-22 14:30:00
388,276264,2019-12-22 14:40:00
389,276264,2019-12-22 14:50:00
390,276264,2019-12-22 16:30:00
391,276264,2019-12-22 16:40:00
392,276264,2019-12-22 16:50:00
393,276264,2019-12-22 18:30:00
394,276264,2019-12-22 18:40:00
395,276264,2019-12-22 18:50:00
396,276264,2019-12-22 20:30:00
397,276264,2019-12-22 20:40:00
398,276264,2019-12-22 20:50:00
399,276265,2019-12-22 08:30:00
400,276265,2019-12-22 08:40:00
401,276265,2019-12-22 08:50:00
402,276265,2019-12-22 10:30:00
403,276265,2019-12-22 10:40:00
404,276265,2019-12-22 10:50:00
405,276265,2019-12-22 12:30:00
406,276265,2019-12-22 12:40:00
407,276265,2019-12-22 12:50:00
408,276265,2019-12-22 14:30:00
409,276265,2019-12-22 14:40:00
410,276265,2019-12-22 14:50:00
411,276265,2019-12-22 16:30:00
412,276265,2019-12-22 16:40:00
413,276265,2019-12-22 16:50:00
414,276265,2019-12-22 18:30:00
415,276265,2019-12-22 18:40:00
416,276265,2019-12-22 18:50:00
417,276265,2019-12-22 20:30:00
418,276265,2019-12-22 20:40:00
419,276265,2019-12-22 20:50:00
420,276268,2019-12-22 08:30:00
421,276268,2019-12-22 08:40:00
422,276268,2019-12-22 08:50:00
423,276268,2019-12-22 10:30:00
424,276268,2019-12-22 10:40:00
425,276268,2019-12-22 10:50:00
426,276268,2019-12-22 12:30:00
427,276268,2019-12-22 12:40:00
428,276268,2019-12-22 12:50:00
429,276268,2019-12-22 14:30:00
430,276268,2019-12-22 14:40:00
431,276268,2019-12-22 14:50:00
432,276268,2019-12-22 16:30:00
433,276268,2019-12-22 16:40:00
434,276268,2019-12-22 16:50:00
435,276268,2019-12-22 18:30:00
436,276268,2019-12-22 18:40:00
437,276268,2019-12-22 18:50:00
438,276268,2019-12-22 20:30:00
439,276268,2019-12-22 20:40:00
440,276268,2019-12-22 20:50:00
441,276269,2019-12-22 08:30:00
442,276269,2019-12-22 08:40:00
443,276269,2019-12-22 08:50:00
444,276269,2019-12-22 10:30:00
445,276269,2019-12-22 10:40:00
446,276269,2019-12-22 10:50:00
447,276269,2019-12-22 12:30:00
448,276269,2019-12-22 12:40:00
449,276269,2019-12-22 12:50:00
450,276269,2019-12-22 14:30:00
451,276269,2019-12-22 14:40:00
452,276269,2019-12-22 14:50:00
453,276269,2019-12-22 16:30:00
454,276269,2019-12-22 16:40:00
455,276269,2019-12-22 16:50:00
456,276269,2019-12-22 18:30:00
457,276269,2019-12-22 18:40:00
458,276269,2019-12-22 18:50:00
459,276269,2019-12-22 20:30:00
460,276269,2019-12-22 20:40:00
461,276269,2019-12-22 20:50:00
462,276737,2019-12-22 08:30:00
463,276737,2019-12-22 08:40:00
464,276737,2019-12-22 08:50:00
465,276737,2019-12-22 10:30:00
466,276737,2019-12-22 10:40:00
467,276737,2019-12-22 10:50:00
468,276737,2019-12-22 12:30:00
469,276737,2019-12-22 12:40:00
470,276737,2019-12-22 12:50:00
471,276737,2019-12-22 14:30:00
472,276737,2019-12-22 14:40:00
473,276737,2019-12-22 14:50:00
474,276737,2019-12-22 16:30:00
475,276737,2019-12-22 16:40:00
476,276737,2019-12-22 16:50:00
477,276737,2019-12-22 18:30:00
478,276737,2019-12-22 18:40:00
479,276737,2019-12-22 18:50:00
480,276737,2019-12-22 20:30:00
481,276737,2019-12-22 20:40:00
482,276737,2019-12-22 20:50:00
483,276738,2019-12-22 08:30:00
484,276738,2019-12-22 08:40:00
485,276738,2019-12-22 08:50:00
486,276738,2019-12-22 10:30:00
487,276738,2019-12-22 10:40:00
488,276738,2019-12-22 10:50:00
489,276738,2019-12-22 12:30:00
490,276738,2019-12-22 12:40:00
491,276738,2019-12-22 12:50:00
492,276738,2019-12-22 14:30:00
493,276738,2019-12-22 14:40:00
494,276738,2019-12-22 14:50:00
495,276738,2019-12-22 16:30:00
496,276738,2019-12-22 16:40:00
497,276738,2019-12-22 16:50:00
498,276738,2019-12-22 18:30:00
499,276738,2019-12-22 18:40:00
500,276738,2019-12-22 18:50:00
501,276738,2019-12-22 20:30:00
502,276738,2019-12-22 20:40:00
503,276738,2019-12-22 20:50:00
504,276183,2019-12-23 08:30:00
505,276183,2019-12-23 08:40:00
506,276183,2019-12-23 08:50:00
507,276183,2019-12-23 10:30:00
508,276183,2019-12-23 10:40:00
509,276183,2019-12-23 10:50:00
510,276183,2019-12-23 12:30:00
511,276183,2019-12-23 12:40:00
512,276183,2019-12-23 12:50:00
513,276183,2019-12-23 14:30:00
514,276183,2019-12-23 14:40:00
515,276183,2019-12-23 14:50:00
516,276183,2019-12-23 16:30:00
517,276183,2019-12-23 16:40:00
518,276183,2019-12-23 16:50:00
519,276183,2019-12-23 18:30:00
520,276183,2019-12-23 18:40:00
521,276183,2019-12-23 18:50:00
522,276183,2019-12-23 20:30:00
523,276183,2019-12-23 20:40:00
524,276183,2019-12-23 20:50:00
525,276184,2019-12-23 08:30:00
526,276184,2019-12-23 08:40:00
527,276184,2019-12-23 08:50:00
528,276184,2019-12-23 10:30:00
529,276184,2019-12-23 10:40:00
530,276184,2019-12-23 10:50:00
531,276184,2019-12-23 12:30:00
532,276184,2019-12-23 12:40:00
533,276184,2019-12-23 12:50:00
534,276184,2019-12-23 14:30:00
535,276184,2019-12-23 14:40:00
536,276184,2019-12-23 14:50:00
537,276184,2019-12-23 16:30:00
538,276184,2019-12-23 16:40:00
539,276184,2019-12-23 16:50:00
540,276184,2019-12-23 18:30:00
541,276184,2019-12-23 18:40:00
542,276184,2019-12-23 18:50:00
543,276184,2019-12-23 20:30:00
544,276184,2019-12-23 20:40:00
545,276184,2019-12-23 20:50:00
546,275911,2019-12-23 08:30:00
547,275911,2019-12-23 08:40:00
548,275911,2019-12-23 08:50:00
549,275911,2019-12-23 10:30:00
550,275911,2019-12-23 10:40:00
551,275911,2019-12-23 10:50:00
552,275911,2019-12-23 12:30:00
553,275911,2019-12-23 12:40:00
554,275911,2019-12-23 12:50:00
555,275911,2019-12-23 14:30:00
556,275911,2019-12-23 14:40:00
557,275911,2019-12-23 14:50:00
558,275911,2019-12-23 16:30:00
559,275911,2019-12-23 16:40:00
560,275911,2019-12-23 16:50:00
561,275911,2019-12-23 18:30:00
562,275911,2019-12-23 18:40:00
563,275911,2019-12-23 18:50:00
564,275911,2019-12-23 20:30:00
565,275911,2019-12-23 20:40:00
566,275911,2019-12-23 20:50:00
567,275912,2019-12-23 08:30:00
568,275912,2019-12-23 08:40:00
569,275912,2019-12-23 08:50:00
570,275912,2019-12-23 10:30:00
571,275912,2019-12-23 10:40:00
572,275912,2019-12-23 10:50:00
573,275912,2019-12-23 12:30:00
574,275912,2019-12-23 12:40:00
575,275912,2019-12-23 12:50:00
576,275912,2019-12-23 14:30:00
577,275912,2019-12-23 14:40:00
578,275912,2019-12-23 14:50:00
579,275912,2019-12-23 16:30:00
580,275912,2019-12-23 16:40:00
581,275912,2019-12-23 16:50:00
582,275912,2019-12-23 18:30:00
583,275912,2019-12-23 18:40:00
584,275912,2019-12-23 18:50:00
585,275912,2019-12-23 20:30:00
586,275912,2019-12-23 20:40:00
587,275912,2019-12-23 20:50:00
588,276240,2019-12-23 08:30:00
589,276240,2019-12-23 08:40:00
590,276240,2019-12-23 08:50:00
591,276240,2019-12-23 10:30:00
592,276240,2019-12-23 10:40:00
593,276240,2019-12-23 10:50:00
594,276240,2019-12-23 12:30:00
595,276240,2019-12-23 12:40:00
596,276240,2019-12-23 12:50:00
597,276240,2019-12-23 14:30:00
598,276240,2019-12-23 14:40:00
599,276240,2019-12-23 14:50:00
600,276240,2019-12-23 16:30:00
601,276240,2019-12-23 16:40:00
602,276240,2019-12-23 16:50:00
603,276240,2019-12-23 18:30:00
604,276240,2019-12-23 18:40:00
605,276240,2019-12-23 18:50:00
606,276240,2019-12-23 20:30:00
607,276240,2019-12-23 20:40:00
608,276240,2019-12-23 20:50:00
609,276241,2019-12-23 08:30:00
610,276241,2019-12-23 08:40:00
611,276241,2019-12-23 08:50:00
612,276241,2019-12-23 10:30:00
613,276241,2019-12-23 10:40:00
614,276241,2019-12-23 10:50:00
615,276241,2019-12-23 12:30:00
616,276241,2019-12-23 12:40:00
617,276241,2019-12-23 12:50:00
618,276241,2019-12-23 14:30:00
619,276241,2019-12-23 14:40:00
620,276241,2019-12-23 14:50:00
621,276241,2019-12-23 16:30:00
622,276241,2019-12-23 16:40:00
623,276241,2019-12-23 16:50:00
624,276241,2019-12-23 18:30:00
625,276241,2019-12-23 18:40:00
626,276241,2019-12-23 18:50:00
627,276241,2019-12-23 20:30:00
628,276241,2019-12-23 20:40:00
629,276241,2019-12-23 20:50:00
630,276264,2019-12-23 08:30:00
631,276264,2019-12-23 08:40:00
632,276264,2019-12-23 08:50:00
633,276264,2019-12-23 10:30:00
634,276264,2019-12-23 10:40:00
635,276264,2019-12-23 10:50:00
636,276264,2019-12-23 12:30:00
637,276264,2019-12-23 12:40:00
638,276264,2019-12-23 12:50:00
639,276264,2019-12-23 14:30:00
640,276264,2019-12-23 14:40:00
641,276264,2019-12-23 14:50:00
642,276264,2019-12-23 16:30:00
643,276264,2019-12-23 16:40:00
644,276264,2019-12-23 16:50:00
645,276264,2019-12-23 18:30:00
646,276264,2019-12-23 18:40:00
647,276264,2019-12-23 18:50:00
648,276264,2019-12-23 20:30:00
649,276264,2019-12-23 20:40:00
650,276264,2019-12-23 20:50:00
651,276265,2019-12-23 08:30:00
652,276265,2019-12-23 08:40:00
653,276265,2019-12-23 08:50:00
654,276265,2019-12-23 10:30:00
655,276265,2019-12-23 10:40:00
656,276265,2019-12-23 10:50:00
657,276265,2019-12-23 12:30:00
658,276265,2019-12-23 12:40:00
659,276265,2019-12-23 12:50:00
660,276265,2019-12-23 14:30:00
661,276265,2019-12-23 14:40:00
662,276265,2019-12-23 14:50:00
663,276265,2019-12-23 16:30:00
664,276265,2019-12-23 16:40:00
665,276265,2019-12-23 16:50:00
666,276265,2019-12-23 18:30:00
667,276265,2019-12-23 18:40:00
668,276265,2019-12-23 18:50:00
669,276265,2019-12-23 20:30:00
670,276265,2019-12-23 20:40:00
671,276265,2019-12-23 20:50:00
672,276268,2019-12-23 08:30:00
673,276268,2019-12-23 08:40:00
674,276268,2019-12-23 08:50:00
675,276268,2019-12-23 10:30:00
676,276268,2019-12-23 10:40:00
677,276268,2019-12-23 10:50:00
678,276268,2019-12-23 12:30:00
679,276268,2019-12-23 12:40:00
680,276268,2019-12-23 12:50:00
681,276268,2019-12-23 14:30:00
682,276268,2019-12-23 14:40:00
683,276268,2019-12-23 14:50:00
684,276268,2019-12-23 16:30:00
685,276268,2019-12-23 16:40:00
686,276268,2019-12-23 16:50:00
687,276268,2019-12-23 18:30:00
688,276268,2019-12-23 18:40:00
689,276268,2019-12-23 18:50:00
690,276268,2019-12-23 20:30:00
691,276268,2019-12-23 20:40:00
692,276268,2019-12-23 20:50:00
693,276269,2019-12-23 08:30:00
694,276269,2019-12-23 08:40:00
695,276269,2019-12-23 08:50:00
696,276269,2019-12-23 10:30:00
697,276269,2019-12-23 10:40:00
698,276269,2019-12-23 10:50:00
699,276269,2019-12-23 12:30:00
700,276269,2019-12-23 12:40:00
701,276269,2019-12-23 12:50:00
702,276269,2019-12-23 14:30:00
703,276269,2019-12-23 14:40:00
704,276269,2019-12-23 14:50:00
705,276269,2019-12-23 16:30:00
706,276269,2019-12-23 16:40:00
707,276269,2019-12-23 16:50:00
708,276269,2019-12-23 18:30:00
709,276269,2019-12-23 18:40:00
710,276269,2019-12-23 18:50:00
711,276269,2019-12-23 20:30:00
712,276269,2019-12-23 20:40:00
713,276269,2019-12-23 20:50:00
714,276737,2019-12-23 08:30:00
715,276737,2019-12-23 08:40:00
716,276737,2019-12-23 08:50:00
717,276737,2019-12-23 10:30:00
718,276737,2019-12-23 10:40:00
719,276737,2019-12-23 10:50:00
720,276737,2019-12-23 12:30:00
721,276737,2019-12-23 12:40:00
722,276737,2019-12-23 12:50:00
723,276737,2019-12-23 14:30:00
724,276737,2019-12-23 14:40:00
725,276737,2019-12-23 14:50:00
726,276737,2019-12-23 16:30:00
727,276737,2019-12-23 16:40:00
728,276737,2019-12-23 16:50:00
729,276737,2019-12-23 18:30:00
730,276737,2019-12-23 18:40:00
731,276737,2019-12-23 18:50:00
732,276737,2019-12-23 20:30:00
733,276737,2019-12-23 20:40:00
734,276737,2019-12-23 20:50:00
735,276738,2019-12-23 08:30:00
736,276738,2019-12-23 08:40:00
737,276738,2019-12-23 08:50:00
738,276738,2019-12-23 10:30:00
739,276738,2019-12-23 10:40:00
740,276738,2019-12-23 10:50:00
741,276738,2019-12-23 12:30:00
742,276738,2019-12-23 12:40:00
743,276738,2019-12-23 12:50:00
744,276738,2019-12-23 14:30:00
745,276738,2019-12-23 14:40:00
746,276738,2019-12-23 14:50:00
747,276738,2019-12-23 16:30:00
748,276738,2019-12-23 16:40:00
749,276738,2019-12-23 16:50:00
750,276738,2019-12-23 18:30:00
751,276738,2019-12-23 18:40:00
752,276738,2019-12-23 18:50:00
753,276738,2019-12-23 20:30:00
754,276738,2019-12-23 20:40:00
755,276738,2019-12-23 20:50:00
756,276183,2019-12-24 08:30:00
757,276183,2019-12-24 08:40:00
758,276183,2019-12-24 08:50:00
759,276183,2019-12-24 10:30:00
760,276183,2019-12-24 10:40:00
761,276183,2019-12-24 10:50:00
762,276183,2019-12-24 12:30:00
763,276183,2019-12-24 12:40:00
764,276183,2019-12-24 12:50:00
765,276183,2019-12-24 14:30:00
766,276183,2019-12-24 14:40:00
767,276183,2019-12-24 14:50:00
768,276183,2019-12-24 16:30:00
769,276183,2019-12-24 16:40:00
770,276183,2019-12-24 16:50:00
771,276183,2019-12-24 18:30:00
772,276183,2019-12-24 18:40:00
773,276183,2019-12-24 18:50:00
774,276183,2019-12-24 20:30:00
775,276183,2019-12-24 20:40:00
776,276183,2019-12-24 20:50:00
777,276184,2019-12-24 08:30:00
778,276184,2019-12-24 08:40:00
779,276184,2019-12-24 08:50:00
780,276184,2019-12-24 10:30:00
781,276184,2019-12-24 10:40:00
782,276184,2019-12-24 10:50:00
783,276184,2019-12-24 12:30:00
784,276184,2019-12-24 12:40:00
785,276184,2019-12-24 12:50:00
786,276184,2019-12-24 14:30:00
787,276184,2019-12-24 14:40:00
788,276184,2019-12-24 14:50:00
789,276184,2019-12-24 16:30:00
790,276184,2019-12-24 16:40:00
791,276184,2019-12-24 16:50:00
792,276184,2019-12-24 18:30:00
793,276184,2019-12-24 18:40:00
794,276184,2019-12-24 18:50:00
795,276184,2019-12-24 20:30:00
796,276184,2019-12-24 20:40:00
797,276184,2019-12-24 20:50:00
798,275911,2019-12-24 08:30:00
799,275911,2019-12-24 08:40:00
800,275911,2019-12-24 08:50:00
801,275911,2019-12-24 10:30:00
802,275911,2019-12-24 10:40:00
803,275911,2019-12-24 10:50:00
804,275911,2019-12-24 12:30:00
805,275911,2019-12-24 12:40:00
806,275911,2019-12-24 12:50:00
807,275911,2019-12-24 14:30:00
808,275911,2019-12-24 14:40:00
809,275911,2019-12-24 14:50:00
810,275911,2019-12-24 16:30:00
811,275911,2019-12-24 16:40:00
812,275911,2019-12-24 16:50:00
813,275911,2019-12-24 18:30:00
814,275911,2019-12-24 18:40:00
815,275911,2019-12-24 18:50:00
816,275911,2019-12-24 20:30:00
817,275911,2019-12-24 20:40:00
818,275911,2019-12-24 20:50:00
819,275912,2019-12-24 08:30:00
820,275912,2019-12-24 08:40:00
821,275912,2019-12-24 08:50:00
822,275912,2019-12-24 10:30:00
823,275912,2019-12-24 10:40:00
824,275912,2019-12-24 10:50:00
825,275912,2019-12-24 12:30:00
826,275912,2019-12-24 12:40:00
827,275912,2019-12-24 12:50:00
828,275912,2019-12-24 14:30:00
829,275912,2019-12-24 14:40:00
830,275912,2019-12-24 14:50:00
831,275912,2019-12-24 16:30:00
832,275912,2019-12-24 16:40:00
833,275912,2019-12-24 16:50:00
834,275912,2019-12-24 18:30:00
835,275912,2019-12-24 18:40:00
836,275912,2019-12-24 18:50:00
837,275912,2019-12-24 20:30:00
838,275912,2019-12-24 20:40:00
839,275912,2019-12-24 20:50:00
840,276240,2019-12-24 08:30:00
841,276240,2019-12-24 08:40:00
842,276240,2019-12-24 08:50:00
843,276240,2019-12-24 10:30:00
844,276240,2019-12-24 10:40:00
845,276240,2019-12-24 10:50:00
846,276240,2019-12-24 12:30:00
847,276240,2019-12-24 12:40:00
848,276240,2019-12-24 12:50:00
849,276240,2019-12-24 14:30:00
850,276240,2019-12-24 14:40:00
851,276240,2019-12-24 14:50:00
852,276240,2019-12-24 16:30:00
853,276240,2019-12-24 16:40:00
854,276240,2019-12-24 16:50:00
855,276240,2019-12-24 18:30:00
856,276240,2019-12-24 18:40:00
857,276240,2019-12-24 18:50:00
858,276240,2019-12-24 20:30:00
859,276240,2019-12-24 20:40:00
860,276240,2019-12-24 20:50:00
861,276241,2019-12-24 08:30:00
862,276241,2019-12-24 08:40:00
863,276241,2019-12-24 08:50:00
864,276241,2019-12-24 10:30:00
865,276241,2019-12-24 10:40:00
866,276241,2019-12-24 10:50:00
867,276241,2019-12-24 12:30:00
868,276241,2019-12-24 12:40:00
869,276241,2019-12-24 12:50:00
870,276241,2019-12-24 14:30:00
871,276241,2019-12-24 14:40:00
872,276241,2019-12-24 14:50:00
873,276241,2019-12-24 16:30:00
874,276241,2019-12-24 16:40:00
875,276241,2019-12-24 16:50:00
876,276241,2019-12-24 18:30:00
877,276241,2019-12-24 18:40:00
878,276241,2019-12-24 18:50:00
879,276241,2019-12-24 20:30:00
880,276241,2019-12-24 20:40:00
881,276241,2019-12-24 20:50:00
882,276264,2019-12-24 08:30:00
883,276264,2019-12-24 08:40:00
884,276264,2019-12-24 08:50:00
885,276264,2019-12-24 10:30:00
886,276264,2019-12-24 10:40:00
887,276264,2019-12-24 10:50:00
888,276264,2019-12-24 12:30:00
889,276264,2019-12-24 12:40:00
890,276264,2019-12-24 12:50:00
891,276264,2019-12-24 14:30:00
892,276264,2019-12-24 14:40:00
893,276264,2019-12-24 14:50:00
894,276264,2019-12-24 16:30:00
895,276264,2019-12-24 16:40:00
896,276264,2019-12-24 16:50:00
897,276264,2019-12-24 18:30:00
898,276264,2019-12-24 18:40:00
899,276264,2019-12-24 18:50:00
900,276264,2019-12-24 20:30:00
901,276264,2019-12-24 20:40:00
902,276264,2019-12-24 20:50:00
903,276265,2019-12-24 08:30:00
904,276265,2019-12-24 08:40:00
905,276265,2019-12-24 08:50:00
906,276265,2019-12-24 10:30:00
907,276265,2019-12-24 10:40:00
908,276265,2019-12-24 10:50:00
909,276265,2019-12-24 12:30:00
910,276265,2019-12-24 12:40:00
911,276265,2019-12-24 12:50:00
912,276265,2019-12-24 14:30:00
913,276265,2019-12-24 14:40:00
914,276265,2019-12-24 14:50:00
915,276265,2019-12-24 16:30:00
916,276265,2019-12-24 16:40:00
917,276265,2019-12-24 16:50:00
918,276265,2019-12-24 18:30:00
919,276265,2019-12-24 18:40:00
920,276265,2019-12-24 18:50:00
921,276265,2019-12-24 20:30:00
922,276265,2019-12-24 20:40:00
923,276265,2019-12-24 20:50:00
924,276268,2019-12-24 08:30:00
925,276268,2019-12-24 08:40:00
926,276268,2019-12-24 08:50:00
927,276268,2019-12-24 10:30:00
928,276268,2019-12-24 10:40:00
929,276268,2019-12-24 10:50:00
930,276268,2019-12-24 12:30:00
931,276268,2019-12-24 12:40:00
932,276268,2019-12-24 12:50:00
933,276268,2019-12-24 14:30:00
934,276268,2019-12-24 14:40:00
935,276268,2019-12-24 14:50:00
936,276268,2019-12-24 16:30:00
937,276268,2019-12-24 16:40:00
938,276268,2019-12-24 16:50:00
939,276268,2019-12-24 18:30:00
940,276268,2019-12-24 18:40:00
941,276268,2019-12-24 18:50:00
942,276268,2019-12-24 20:30:00
943,276268,2019-12-24 20:40:00
944,276268,2019-12-24 20:50:00
945,276269,2019-12-24 08:30:00
946,276269,2019-12-24 08:40:00
947,276269,2019-12-24 08:50:00
948,276269,2019-12-24 10:30:00
949,276269,2019-12-24 10:40:00
950,276269,2019-12-24 10:50:00
951,276269,2019-12-24 12:30:00
952,276269,2019-12-24 12:40:00
953,276269,2019-12-24 12:50:00
954,276269,2019-12-24 14:30:00
955,276269,2019-12-24 14:40:00
956,276269,2019-12-24 14:50:00
957,276269,2019-12-24 16:30:00
958,276269,2019-12-24 16:40:00
959,276269,2019-12-24 16:50:00
960,276269,2019-12-24 18:30:00
961,276269,2019-12-24 18:40:00
962,276269,2019-12-24 18:50:00
963,276269,2019-12-24 20:30:00
964,276269,2019-12-24 20:40:00
965,276269,2019-12-24 20:50:00
966,276737,2019-12-24 08:30:00
967,276737,2019-12-24 08:40:00
968,276737,2019-12-24 08:50:00
969,276737,2019-12-24 10:30:00
970,276737,2019-12-24 10:40:00
971,276737,2019-12-24 10:50:00
972,276737,2019-12-24 12:30:00
973,276737,2019-12-24 12:40:00
974,276737,2019-12-24 12:50:00
975,276737,2019-12-24 14:30:00
976,276737,2019-12-24 14:40:00
977,276737,2019-12-24 14:50:00
978,276737,2019-12-24 16:30:00
979,276737,2019-12-24 16:40:00
980,276737,2019-12-24 16:50:00
981,276737,2019-12-24 18:30:00
982,276737,2019-12-24 18:40:00
983,276737,2019-12-24 18:50:00
984,276737,2019-12-24 20:30:00
985,276737,2019-12-24 20:40:00
986,276737,2019-12-24 20:50:00
987,276738,2019-12-24 08:30:00
988,276738,2019-12-24 08:40:00
989,276738,2019-12-24 08:50:00
990,276738,2019-12-24 10:30:00
991,276738,2019-12-24 10:40:00
992,276738,2019-12-24 10:50:00
993,276738,2019-12-24 12:30:00
994,276738,2019-12-24 12:40:00
995,276738,2019-12-24 12:50:00
996,276738,2019-12-24 14:30:00
997,276738,2019-12-24 14:40:00
998,276738,2019-12-24 14:50:00
999,276738,2019-12-24 16:30:00
1000,276738,2019-12-24 16:40:00
1001,276738,2019-12-24 16:50:00
1002,276738,2019-12-24 18:30:00
1003,276738,2019-12-24 18:40:00
1004,276738,2019-12-24 18:50:00
1005,276738,2019-12-24 20:30:00
1006,276738,2019-12-24 20:40:00
1007,276738,2019-12-24 20:50:00
1008,276183,2019-12-25 08:30:00
1009,276183,2019-12-25 08:40:00
1010,276183,2019-12-25 08:50:00
1011,276183,2019-12-25 10:30:00
1012,276183,2019-12-25 10:40:00
1013,276183,2019-12-25 10:50:00
1014,276183,2019-12-25 12:30:00
1015,276183,2019-12-25 12:40:00
1016,276183,2019-12-25 12:50:00
1017,276183,2019-12-25 14:30:00
1018,276183,2019-12-25 14:40:00
1019,276183,2019-12-25 14:50:00
1020,276183,2019-12-25 16:30:00
1021,276183,2019-12-25 16:40:00
1022,276183,2019-12-25 16:50:00
1023,276183,2019-12-25 18:30:00
1024,276183,2019-12-25 18:40:00
1025,276183,2019-12-25 18:50:00
1026,276183,2019-12-25 20:30:00
1027,276183,2019-12-25 20:40:00
1028,276183,2019-12-25 20:50:00
1029,276184,2019-12-25 08:30:00
1030,276184,2019-12-25 08:40:00
1031,276184,2019-12-25 08:50:00
1032,276184,2019-12-25 10:30:00
1033,276184,2019-12-25 10:40:00
1034,276184,2019-12-25 10:50:00
1035,276184,2019-12-25 12:30:00
1036,276184,2019-12-25 12:40:00
1037,276184,2019-12-25 12:50:00
1038,276184,2019-12-25 14:30:00
1039,276184,2019-12-25 14:40:00
1040,276184,2019-12-25 14:50:00
1041,276184,2019-12-25 16:30:00
1042,276184,2019-12-25 16:40:00
1043,276184,2019-12-25 16:50:00
1044,276184,2019-12-25 18:30:00
1045,276184,2019-12-25 18:40:00
1046,276184,2019-12-25 18:50:00
1047,276184,2019-12-25 20:30:00
1048,276184,2019-12-25 20:40:00
1049,276184,2019-12-25 20:50:00
1050,275911,2019-12-25 08:30:00
1051,275911,2019-12-25 08:40:00
1052,275911,2019-12-25 08:50:00
1053,275911,2019-12-25 10:30:00
1054,275911,2019-12-25 10:40:00
1055,275911,2019-12-25 10:50:00
1056,275911,2019-12-25 12:30:00
1057,275911,2019-12-25 12:40:00
1058,275911,2019-12-25 12:50:00
1059,275911,2019-12-25 14:30:00
1060,275911,2019-12-25 14:40:00
1061,275911,2019-12-25 14:50:00
1062,275911,2019-12-25 16:30:00
1063,275911,2019-12-25 16:40:00
1064,275911,2019-12-25 16:50:00
1065,275911,2019-12-25 18:30:00
1066,275911,2019-12-25 18:40:00
1067,275911,2019-12-25 18:50:00
1068,275911,2019-12-25 20:30:00
1069,275911,2019-12-25 20:40:00
1070,275911,2019-12-25 20:50:00
1071,275912,2019-12-25 08:30:00
1072,275912,2019-12-25 08:40:00
1073,275912,2019-12-25 08:50:00
1074,275912,2019-12-25 10:30:00
1075,275912,2019-12-25 10:40:00
1076,275912,2019-12-25 10:50:00
1077,275912,2019-12-25 12:30:00
1078,275912,2019-12-25 12:40:00
1079,275912,2019-12-25 12:50:00
1080,275912,2019-12-25 14:30:00
1081,275912,2019-12-25 14:40:00
1082,275912,2019-12-25 14:50:00
1083,275912,2019-12-25 16:30:00
1084,275912,2019-12-25 16:40:00
1085,275912,2019-12-25 16:50:00
1086,275912,2019-12-25 18:30:00
1087,275912,2019-12-25 18:40:00
1088,275912,2019-12-25 18:50:00
1089,275912,2019-12-25 20:30:00
1090,275912,2019-12-25 20:40:00
1091,275912,2019-12-25 20:50:00
1092,276240,2019-12-25 08:30:00
1093,276240,2019-12-25 08:40:00
1094,276240,2019-12-25 08:50:00
1095,276240,2019-12-25 10:30:00
1096,276240,2019-12-25 10:40:00
1097,276240,2019-12-25 10:50:00
1098,276240,2019-12-25 12:30:00
1099,276240,2019-12-25 12:40:00
1100,276240,2019-12-25 12:50:00
1101,276240,2019-12-25 14:30:00
1102,276240,2019-12-25 14:40:00
1103,276240,2019-12-25 14:50:00
1104,276240,2019-12-25 16:30:00
1105,276240,2019-12-25 16:40:00
1106,276240,2019-12-25 16:50:00
1107,276240,2019-12-25 18:30:00
1108,276240,2019-12-25 18:40:00
1109,276240,2019-12-25 18:50:00
1110,276240,2019-12-25 20:30:00
1111,276240,2019-12-25 20:40:00
1112,276240,2019-12-25 20:50:00
1113,276241,2019-12-25 08:30:00
1114,276241,2019-12-25 08:40:00
1115,276241,2019-12-25 08:50:00
1116,276241,2019-12-25 10:30:00
1117,276241,2019-12-25 10:40:00
1118,276241,2019-12-25 10:50:00
1119,276241,2019-12-25 12:30:00
1120,276241,2019-12-25 12:40:00
1121,276241,2019-12-25 12:50:00
1122,276241,2019-12-25 14:30:00
1123,276241,2019-12-25 14:40:00
1124,276241,2019-12-25 14:50:00
1125,276241,2019-12-25 16:30:00
1126,276241,2019-12-25 16:40:00
1127,276241,2019-12-25 16:50:00
1128,276241,2019-12-25 18:30:00
1129,276241,2019-12-25 18:40:00
1130,276241,2019-12-25 18:50:00
1131,276241,2019-12-25 20:30:00
1132,276241,2019-12-25 20:40:00
1133,276241,2019-12-25 20:50:00
1134,276264,2019-12-25 08:30:00
1135,276264,2019-12-25 08:40:00
1136,276264,2019-12-25 08:50:00
1137,276264,2019-12-25 10:30:00
1138,276264,2019-12-25 10:40:00
1139,276264,2019-12-25 10:50:00
1140,276264,2019-12-25 12:30:00
1141,276264,2019-12-25 12:40:00
1142,276264,2019-12-25 12:50:00
1143,276264,2019-12-25 14:30:00
1144,276264,2019-12-25 14:40:00
1145,276264,2019-12-25 14:50:00
1146,276264,2019-12-25 16:30:00
1147,276264,2019-12-25 16:40:00
1148,276264,2019-12-25 16:50:00
1149,276264,2019-12-25 18:30:00
1150,276264,2019-12-25 18:40:00
1151,276264,2019-12-25 18:50:00
1152,276264,2019-12-25 20:30:00
1153,276264,2019-12-25 20:40:00
1154,276264,2019-12-25 20:50:00
1155,276265,2019-12-25 08:30:00
1156,276265,2019-12-25 08:40:00
1157,276265,2019-12-25 08:50:00
1158,276265,2019-12-25 10:30:00
1159,276265,2019-12-25 10:40:00
1160,276265,2019-12-25 10:50:00
1161,276265,2019-12-25 12:30:00
1162,276265,2019-12-25 12:40:00
1163,276265,2019-12-25 12:50:00
1164,276265,2019-12-25 14:30:00
1165,276265,2019-12-25 14:40:00
1166,276265,2019-12-25 14:50:00
1167,276265,2019-12-25 16:30:00
1168,276265,2019-12-25 16:40:00
1169,276265,2019-12-25 16:50:00
1170,276265,2019-12-25 18:30:00
1171,276265,2019-12-25 18:40:00
1172,276265,2019-12-25 18:50:00
1173,276265,2019-12-25 20:30:00
1174,276265,2019-12-25 20:40:00
1175,276265,2019-12-25 20:50:00
1176,276268,2019-12-25 08:30:00
1177,276268,2019-12-25 08:40:00
1178,276268,2019-12-25 08:50:00
1179,276268,2019-12-25 10:30:00
1180,276268,2019-12-25 10:40:00
1181,276268,2019-12-25 10:50:00
1182,276268,2019-12-25 12:30:00
1183,276268,2019-12-25 12:40:00
1184,276268,2019-12-25 12:50:00
1185,276268,2019-12-25 14:30:00
1186,276268,2019-12-25 14:40:00
1187,276268,2019-12-25 14:50:00
1188,276268,2019-12-25 16:30:00
1189,276268,2019-12-25 16:40:00
1190,276268,2019-12-25 16:50:00
1191,276268,2019-12-25 18:30:00
1192,276268,2019-12-25 18:40:00
1193,276268,2019-12-25 18:50:00
1194,276268,2019-12-25 20:30:00
1195,276268,2019-12-25 20:40:00
1196,276268,2019-12-25 20:50:00
1197,276269,2019-12-25 08:30:00
1198,276269,2019-12-25 08:40:00
1199,276269,2019-12-25 08:50:00
1200,276269,2019-12-25 10:30:00
1201,276269,2019-12-25 10:40:00
1202,276269,2019-12-25 10:50:00
1203,276269,2019-12-25 12:30:00
1204,276269,2019-12-25 12:40:00
1205,276269,2019-12-25 12:50:00
1206,276269,2019-12-25 14:30:00
1207,276269,2019-12-25 14:40:00
1208,276269,2019-12-25 14:50:00
1209,276269,2019-12-25 16:30:00
1210,276269,2019-12-25 16:40:00
1211,276269,2019-12-25 16:50:00
1212,276269,2019-12-25 18:30:00
1213,276269,2019-12-25 18:40:00
1214,276269,2019-12-25 18:50:00
1215,276269,2019-12-25 20:30:00
1216,276269,2019-12-25 20:40:00
1217,276269,2019-12-25 20:50:00
1218,276737,2019-12-25 08:30:00
1219,276737,2019-12-25 08:40:00
1220,276737,2019-12-25 08:50:00
1221,276737,2019-12-25 10:30:00
1222,276737,2019-12-25 10:40:00
1223,276737,2019-12-25 10:50:00
1224,276737,2019-12-25 12:30:00
1225,276737,2019-12-25 12:40:00
1226,276737,2019-12-25 12:50:00
1227,276737,2019-12-25 14:30:00
1228,276737,2019-12-25 14:40:00
1229,276737,2019-12-25 14:50:00
1230,276737,2019-12-25 16:30:00
1231,276737,2019-12-25 16:40:00
1232,276737,2019-12-25 16:50:00
1233,276737,2019-12-25 18:30:00
1234,276737,2019-12-25 18:40:00
1235,276737,2019-12-25 18:50:00
1236,276737,2019-12-25 20:30:00
1237,276737,2019-12-25 20:40:00
1238,276737,2019-12-25 20:50:00
1239,276738,2019-12-25 08:30:00
1240,276738,2019-12-25 08:40:00
1241,276738,2019-12-25 08:50:00
1242,276738,2019-12-25 10:30:00
1243,276738,2019-12-25 10:40:00
1244,276738,2019-12-25 10:50:00
1245,276738,2019-12-25 12:30:00
1246,276738,2019-12-25 12:40:00
1247,276738,2019-12-25 12:50:00
1248,276738,2019-12-25 14:30:00
1249,276738,2019-12-25 14:40:00
1250,276738,2019-12-25 14:50:00
1251,276738,2019-12-25 16:30:00
1252,276738,2019-12-25 16:40:00
1253,276738,2019-12-25 16:50:00
1254,276738,2019-12-25 18:30:00
1255,276738,2019-12-25 18:40:00
1256,276738,2019-12-25 18:50:00
1257,276738,2019-12-25 20:30:00
1258,276738,2019-12-25 20:40:00
1259,276738,2019-12-25 20:50:00
1260,276183,2019-12-26 08:30:00
1261,276183,2019-12-26 08:40:00
1262,276183,2019-12-26 08:50:00
1263,276183,2019-12-26 10:30:00
1264,276183,2019-12-26 10:40:00
1265,276183,2019-12-26 10:50:00
1266,276183,2019-12-26 12:30:00
1267,276183,2019-12-26 12:40:00
1268,276183,2019-12-26 12:50:00
1269,276183,2019-12-26 14:30:00
1270,276183,2019-12-26 14:40:00
1271,276183,2019-12-26 14:50:00
1272,276183,2019-12-26 16:30:00
1273,276183,2019-12-26 16:40:00
1274,276183,2019-12-26 16:50:00
1275,276183,2019-12-26 18:30:00
1276,276183,2019-12-26 18:40:00
1277,276183,2019-12-26 18:50:00
1278,276183,2019-12-26 20:30:00
1279,276183,2019-12-26 20:40:00
1280,276183,2019-12-26 20:50:00
1281,276184,2019-12-26 08:30:00
1282,276184,2019-12-26 08:40:00
1283,276184,2019-12-26 08:50:00
1284,276184,2019-12-26 10:30:00
1285,276184,2019-12-26 10:40:00
1286,276184,2019-12-26 10:50:00
1287,276184,2019-12-26 12:30:00
1288,276184,2019-12-26 12:40:00
1289,276184,2019-12-26 12:50:00
1290,276184,2019-12-26 14:30:00
1291,276184,2019-12-26 14:40:00
1292,276184,2019-12-26 14:50:00
1293,276184,2019-12-26 16:30:00
1294,276184,2019-12-26 16:40:00
1295,276184,2019-12-26 16:50:00
1296,276184,2019-12-26 18:30:00
1297,276184,2019-12-26 18:40:00
1298,276184,2019-12-26 18:50:00
1299,276184,2019-12-26 20:30:00
1300,276184,2019-12-26 20:40:00
1301,276184,2019-12-26 20:50:00
1302,275911,2019-12-26 08:30:00
1303,275911,2019-12-26 08:40:00
1304,275911,2019-12-26 08:50:00
1305,275911,2019-12-26 10:30:00
1306,275911,2019-12-26 10:40:00
1307,275911,2019-12-26 10:50:00
1308,275911,2019-12-26 12:30:00
1309,275911,2019-12-26 12:40:00
1310,275911,2019-12-26 12:50:00
1311,275911,2019-12-26 14:30:00
1312,275911,2019-12-26 14:40:00
1313,275911,2019-12-26 14:50:00
1314,275911,2019-12-26 16:30:00
1315,275911,2019-12-26 16:40:00
1316,275911,2019-12-26 16:50:00
1317,275911,2019-12-26 18:30:00
1318,275911,2019-12-26 18:40:00
1319,275911,2019-12-26 18:50:00
1320,275911,2019-12-26 20:30:00
1321,275911,2019-12-26 20:40:00
1322,275911,2019-12-26 20:50:00
1323,275912,2019-12-26 08:30:00
1324,275912,2019-12-26 08:40:00
1325,275912,2019-12-26 08:50:00
1326,275912,2019-12-26 10:30:00
1327,275912,2019-12-26 10:40:00
1328,275912,2019-12-26 10:50:00
1329,275912,2019-12-26 12:30:00
1330,275912,2019-12-26 12:40:00
1331,275912,2019-12-26 12:50:00
1332,275912,2019-12-26 14:30:00
1333,275912,2019-12-26 14:40:00
1334,275912,2019-12-26 14:50:00
1335,275912,2019-12-26 16:30:00
1336,275912,2019-12-26 16:40:00
1337,275912,2019-12-26 16:50:00
1338,275912,2019-12-26 18:30:00
1339,275912,2019-12-26 18:40:00
1340,275912,2019-12-26 18:50:00
1341,275912,2019-12-26 20:30:00
1342,275912,2019-12-26 20:40:00
1343,275912,2019-12-26 20:50:00
1344,276240,2019-12-26 08:30:00
1345,276240,2019-12-26 08:40:00
1346,276240,2019-12-26 08:50:00
1347,276240,2019-12-26 10:30:00
1348,276240,2019-12-26 10:40:00
1349,276240,2019-12-26 10:50:00
1350,276240,2019-12-26 12:30:00
1351,276240,2019-12-26 12:40:00
1352,276240,2019-12-26 12:50:00
1353,276240,2019-12-26 14:30:00
1354,276240,2019-12-26 14:40:00
1355,276240,2019-12-26 14:50:00
1356,276240,2019-12-26 16:30:00
1357,276240,2019-12-26 16:40:00
1358,276240,2019-12-26 16:50:00
1359,276240,2019-12-26 18:30:00
1360,276240,2019-12-26 18:40:00
1361,276240,2019-12-26 18:50:00
1362,276240,2019-12-26 20:30:00
1363,276240,2019-12-26 20:40:00
1364,276240,2019-12-26 20:50:00
1365,276241,2019-12-26 08:30:00
1366,276241,2019-12-26 08:40:00
1367,276241,2019-12-26 08:50:00
1368,276241,2019-12-26 10:30:00
1369,276241,2019-12-26 10:40:00
1370,276241,2019-12-26 10:50:00
1371,276241,2019-12-26 12:30:00
1372,276241,2019-12-26 12:40:00
1373,276241,2019-12-26 12:50:00
1374,276241,2019-12-26 14:30:00
1375,276241,2019-12-26 14:40:00
1376,276241,2019-12-26 14:50:00
1377,276241,2019-12-26 16:30:00
1378,276241,2019-12-26 16:40:00
1379,276241,2019-12-26 16:50:00
1380,276241,2019-12-26 18:30:00
1381,276241,2019-12-26 18:40:00
1382,276241,2019-12-26 18:50:00
1383,276241,2019-12-26 20:30:00
1384,276241,2019-12-26 20:40:00
1385,276241,2019-12-26 20:50:00
1386,276264,2019-12-26 08:30:00
1387,276264,2019-12-26 08:40:00
1388,276264,2019-12-26 08:50:00
1389,276264,2019-12-26 10:30:00
1390,276264,2019-12-26 10:40:00
1391,276264,2019-12-26 10:50:00
1392,276264,2019-12-26 12:30:00
1393,276264,2019-12-26 12:40:00
1394,276264,2019-12-26 12:50:00
1395,276264,2019-12-26 14:30:00
1396,276264,2019-12-26 14:40:00
1397,276264,2019-12-26 14:50:00
1398,276264,2019-12-26 16:30:00
1399,276264,2019-12-26 16:40:00
1400,276264,2019-12-26 16:50:00
1401,276264,2019-12-26 18:30:00
1402,276264,2019-12-26 18:40:00
1403,276264,2019-12-26 18:50:00
1404,276264,2019-12-26 20:30:00
1405,276264,2019-12-26 20:40:00
1406,276264,2019-12-26 20:50:00
1407,276265,2019-12-26 08:30:00
1408,276265,2019-12-26 08:40:00
1409,276265,2019-12-26 08:50:00
1410,276265,2019-12-26 10:30:00
1411,276265,2019-12-26 10:40:00
1412,276265,2019-12-26 10:50:00
1413,276265,2019-12-26 12:30:00
1414,276265,2019-12-26 12:40:00
1415,276265,2019-12-26 12:50:00
1416,276265,2019-12-26 14:30:00
1417,276265,2019-12-26 14:40:00
1418,276265,2019-12-26 14:50:00
1419,276265,2019-12-26 16:30:00
1420,276265,2019-12-26 16:40:00
1421,276265,2019-12-26 16:50:00
1422,276265,2019-12-26 18:30:00
1423,276265,2019-12-26 18:40:00
1424,276265,2019-12-26 18:50:00
1425,276265,2019-12-26 20:30:00
1426,276265,2019-12-26 20:40:00
1427,276265,2019-12-26 20:50:00
1428,276268,2019-12-26 08:30:00
1429,276268,2019-12-26 08:40:00
1430,276268,2019-12-26 08:50:00
1431,276268,2019-12-26 10:30:00
1432,276268,2019-12-26 10:40:00
1433,276268,2019-12-26 10:50:00
1434,276268,2019-12-26 12:30:00
1435,276268,2019-12-26 12:40:00
1436,276268,2019-12-26 12:50:00
1437,276268,2019-12-26 14:30:00
1438,276268,2019-12-26 14:40:00
1439,276268,2019-12-26 14:50:00
1440,276268,2019-12-26 16:30:00
1441,276268,2019-12-26 16:40:00
1442,276268,2019-12-26 16:50:00
1443,276268,2019-12-26 18:30:00
1444,276268,2019-12-26 18:40:00
1445,276268,2019-12-26 18:50:00
1446,276268,2019-12-26 20:30:00
1447,276268,2019-12-26 20:40:00
1448,276268,2019-12-26 20:50:00
1449,276269,2019-12-26 08:30:00
1450,276269,2019-12-26 08:40:00
1451,276269,2019-12-26 08:50:00
1452,276269,2019-12-26 10:30:00
1453,276269,2019-12-26 10:40:00
1454,276269,2019-12-26 10:50:00
1455,276269,2019-12-26 12:30:00
1456,276269,2019-12-26 12:40:00
1457,276269,2019-12-26 12:50:00
1458,276269,2019-12-26 14:30:00
1459,276269,2019-12-26 14:40:00
1460,276269,2019-12-26 14:50:00
1461,276269,2019-12-26 16:30:00
1462,276269,2019-12-26 16:40:00
1463,276269,2019-12-26 16:50:00
1464,276269,2019-12-26 18:30:00
1465,276269,2019-12-26 18:40:00
1466,276269,2019-12-26 18:50:00
1467,276269,2019-12-26 20:30:00
1468,276269,2019-12-26 20:40:00
1469,276269,2019-12-26 20:50:00
1470,276737,2019-12-26 08:30:00
1471,276737,2019-12-26 08:40:00
1472,276737,2019-12-26 08:50:00
1473,276737,2019-12-26 10:30:00
1474,276737,2019-12-26 10:40:00
1475,276737,2019-12-26 10:50:00
1476,276737,2019-12-26 12:30:00
1477,276737,2019-12-26 12:40:00
1478,276737,2019-12-26 12:50:00
1479,276737,2019-12-26 14:30:00
1480,276737,2019-12-26 14:40:00
1481,276737,2019-12-26 14:50:00
1482,276737,2019-12-26 16:30:00
1483,276737,2019-12-26 16:40:00
1484,276737,2019-12-26 16:50:00
1485,276737,2019-12-26 18:30:00
1486,276737,2019-12-26 18:40:00
1487,276737,2019-12-26 18:50:00
1488,276737,2019-12-26 20:30:00
1489,276737,2019-12-26 20:40:00
1490,276737,2019-12-26 20:50:00
1491,276738,2019-12-26 08:30:00
1492,276738,2019-12-26 08:40:00
1493,276738,2019-12-26 08:50:00
1494,276738,2019-12-26 10:30:00
1495,276738,2019-12-26 10:40:00
1496,276738,2019-12-26 10:50:00
1497,276738,2019-12-26 12:30:00
1498,276738,2019-12-26 12:40:00
1499,276738,2019-12-26 12:50:00
1500,276738,2019-12-26 14:30:00
1501,276738,2019-12-26 14:40:00
1502,276738,2019-12-26 14:50:00
1503,276738,2019-12-26 16:30:00
1504,276738,2019-12-26 16:40:00
1505,276738,2019-12-26 16:50:00
1506,276738,2019-12-26 18:30:00
1507,276738,2019-12-26 18:40:00
1508,276738,2019-12-26 18:50:00
1509,276738,2019-12-26 20:30:00
1510,276738,2019-12-26 20:40:00
1511,276738,2019-12-26 20:50:00
1512,276183,2019-12-27 09:00:00
1513,276183,2019-12-27 09:10:00
1514,276183,2019-12-27 09:20:00
1515,276183,2019-12-27 11:00:00
1516,276183,2019-12-27 11:10:00
1517,276183,2019-12-27 11:20:00
1518,276183,2019-12-27 13:00:00
1519,276183,2019-12-27 13:10:00
1520,276183,2019-12-27 13:20:00
1521,276183,2019-12-27 15:00:00
1522,276183,2019-12-27 15:10:00
1523,276183,2019-12-27 15:20:00
1524,276183,2019-12-27 17:00:00
1525,276183,2019-12-27 17:10:00
1526,276183,2019-12-27 17:20:00
1527,276183,2019-12-27 19:00:00
1528,276183,2019-12-27 19:10:00
1529,276183,2019-12-27 19:20:00
1530,276183,2019-12-27 21:00:00
1531,276183,2019-12-27 21:10:00
1532,276183,2019-12-27 21:20:00
1533,276184,2019-12-27 09:00:00
1534,276184,2019-12-27 09:10:00
1535,276184,2019-12-27 09:20:00
1536,276184,2019-12-27 11:00:00
1537,276184,2019-12-27 11:10:00
1538,276184,2019-12-27 11:20:00
1539,276184,2019-12-27 13:00:00
1540,276184,2019-12-27 13:10:00
1541,276184,2019-12-27 13:20:00
1542,276184,2019-12-27 15:00:00
1543,276184,2019-12-27 15:10:00
1544,276184,2019-12-27 15:20:00
1545,276184,2019-12-27 17:00:00
1546,276184,2019-12-27 17:10:00
1547,276184,2019-12-27 17:20:00
1548,276184,2019-12-27 19:00:00
1549,276184,2019-12-27 19:10:00
1550,276184,2019-12-27 19:20:00
1551,276184,2019-12-27 21:00:00
1552,276184,2019-12-27 21:10:00
1553,276184,2019-12-27 21:20:00
1554,275911,2019-12-27 09:00:00
1555,275911,2019-12-27 09:10:00
1556,275911,2019-12-27 09:20:00
1557,275911,2019-12-27 11:00:00
1558,275911,2019-12-27 11:10:00
1559,275911,2019-12-27 11:20:00
1560,275911,2019-12-27 13:00:00
1561,275911,2019-12-27 13:10:00
1562,275911,2019-12-27 13:20:00
1563,275911,2019-12-27 15:00:00
1564,275911,2019-12-27 15:10:00
1565,275911,2019-12-27 15:20:00
1566,275911,2019-12-27 17:00:00
1567,275911,2019-12-27 17:10:00
1568,275911,2019-12-27 17:20:00
1569,275911,2019-12-27 19:00:00
1570,275911,2019-12-27 19:10:00
1571,275911,2019-12-27 19:20:00
1572,275911,2019-12-27 21:00:00
1573,275911,2019-12-27 21:10:00
1574,275911,2019-12-27 21:20:00
1575,275912,2019-12-27 09:00:00
1576,275912,2019-12-27 09:10:00
1577,275912,2019-12-27 09:20:00
1578,275912,2019-12-27 11:00:00
1579,275912,2019-12-27 11:10:00
1580,275912,2019-12-27 11:20:00
1581,275912,2019-12-27 13:00:00
1582,275912,2019-12-27 13:10:00
1583,275912,2019-12-27 13:20:00
1584,275912,2019-12-27 15:00:00
1585,275912,2019-12-27 15:10:00
1586,275912,2019-12-27 15:20:00
1587,275912,2019-12-27 17:00:00
1588,275912,2019-12-27 17:10:00
1589,275912,2019-12-27 17:20:00
1590,275912,2019-12-27 19:00:00
1591,275912,2019-12-27 19:10:00
1592,275912,2019-12-27 19:20:00
1593,275912,2019-12-27 21:00:00
1594,275912,2019-12-27 21:10:00
1595,275912,2019-12-27 21:20:00
1596,276240,2019-12-27 09:00:00
1597,276240,2019-12-27 09:10:00
1598,276240,2019-12-27 09:20:00
1599,276240,2019-12-27 11:00:00
1600,276240,2019-12-27 11:10:00
1601,276240,2019-12-27 11:20:00
1602,276240,2019-12-27 13:00:00
1603,276240,2019-12-27 13:10:00
1604,276240,2019-12-27 13:20:00
1605,276240,2019-12-27 15:00:00
1606,276240,2019-12-27 15:10:00
1607,276240,2019-12-27 15:20:00
1608,276240,2019-12-27 17:00:00
1609,276240,2019-12-27 17:10:00
1610,276240,2019-12-27 17:20:00
1611,276240,2019-12-27 19:00:00
1612,276240,2019-12-27 19:10:00
1613,276240,2019-12-27 19:20:00
1614,276240,2019-12-27 21:00:00
1615,276240,2019-12-27 21:10:00
1616,276240,2019-12-27 21:20:00
1617,276241,2019-12-27 09:00:00
1618,276241,2019-12-27 09:10:00
1619,276241,2019-12-27 09:20:00
1620,276241,2019-12-27 11:00:00
1621,276241,2019-12-27 11:10:00
1622,276241,2019-12-27 11:20:00
1623,276241,2019-12-27 13:00:00
1624,276241,2019-12-27 13:10:00
1625,276241,2019-12-27 13:20:00
1626,276241,2019-12-27 15:00:00
1627,276241,2019-12-27 15:10:00
1628,276241,2019-12-27 15:20:00
1629,276241,2019-12-27 17:00:00
1630,276241,2019-12-27 17:10:00
1631,276241,2019-12-27 17:20:00
1632,276241,2019-12-27 19:00:00
1633,276241,2019-12-27 19:10:00
1634,276241,2019-12-27 19:20:00
1635,276241,2019-12-27 21:00:00
1636,276241,2019-12-27 21:10:00
1637,276241,2019-12-27 21:20:00
1638,276264,2019-12-27 09:00:00
1639,276264,2019-12-27 09:10:00
1640,276264,2019-12-27 09:20:00
1641,276264,2019-12-27 11:00:00
1642,276264,2019-12-27 11:10:00
1643,276264,2019-12-27 11:20:00
1644,276264,2019-12-27 13:00:00
1645,276264,2019-12-27 13:10:00
1646,276264,2019-12-27 13:20:00
1647,276264,2019-12-27 15:00:00
1648,276264,2019-12-27 15:10:00
1649,276264,2019-12-27 15:20:00
1650,276264,2019-12-27 17:00:00
1651,276264,2019-12-27 17:10:00
1652,276264,2019-12-27 17:20:00
1653,276264,2019-12-27 19:00:00
1654,276264,2019-12-27 19:10:00
1655,276264,2019-12-27 19:20:00
1656,276264,2019-12-27 21:00:00
1657,276264,2019-12-27 21:10:00
1658,276264,2019-12-27 21:20:00
1659,276265,2019-12-27 09:00:00
1660,276265,2019-12-27 09:10:00
1661,276265,2019-12-27 09:20:00
1662,276265,2019-12-27 11:00:00
1663,276265,2019-12-27 11:10:00
1664,276265,2019-12-27 11:20:00
1665,276265,2019-12-27 13:00:00
1666,276265,2019-12-27 13:10:00
1667,276265,2019-12-27 13:20:00
1668,276265,2019-12-27 15:00:00
1669,276265,2019-12-27 15:10:00
1670,276265,2019-12-27 15:20:00
1671,276265,2019-12-27 17:00:00
1672,276265,2019-12-27 17:10:00
1673,276265,2019-12-27 17:20:00
1674,276265,2019-12-27 19:00:00
1675,276265,2019-12-27 19:10:00
1676,276265,2019-12-27 19:20:00
1677,276265,2019-12-27 21:00:00
1678,276265,2019-12-27 21:10:00
1679,276265,2019-12-27 21:20:00
1680,276268,2019-12-27 09:00:00
1681,276268,2019-12-27 09:10:00
1682,276268,2019-12-27 09:20:00
1683,276268,2019-12-27 11:00:00
1684,276268,2019-12-27 11:10:00
1685,276268,2019-12-27 11:20:00
1686,276268,2019-12-27 13:00:00
1687,276268,2019-12-27 13:10:00
1688,276268,2019-12-27 13:20:00
1689,276268,2019-12-27 15:00:00
1690,276268,2019-12-27 15:10:00
1691,276268,2019-12-27 15:20:00
1692,276268,2019-12-27 17:00:00
1693,276268,2019-12-27 17:10:00
1694,276268,2019-12-27 17:20:00
1695,276268,2019-12-27 19:00:00
1696,276268,2019-12-27 19:10:00
1697,276268,2019-12-27 19:20:00
1698,276268,2019-12-27 21:00:00
1699,276268,2019-12-27 21:10:00
1700,276268,2019-12-27 21:20:00
1701,276269,2019-12-27 09:00:00
1702,276269,2019-12-27 09:10:00
1703,276269,2019-12-27 09:20:00
1704,276269,2019-12-27 11:00:00
1705,276269,2019-12-27 11:10:00
1706,276269,2019-12-27 11:20:00
1707,276269,2019-12-27 13:00:00
1708,276269,2019-12-27 13:10:00
1709,276269,2019-12-27 13:20:00
1710,276269,2019-12-27 15:00:00
1711,276269,2019-12-27 15:10:00
1712,276269,2019-12-27 15:20:00
1713,276269,2019-12-27 17:00:00
1714,276269,2019-12-27 17:10:00
1715,276269,2019-12-27 17:20:00
1716,276269,2019-12-27 19:00:00
1717,276269,2019-12-27 19:10:00
1718,276269,2019-12-27 19:20:00
1719,276269,2019-12-27 21:00:00
1720,276269,2019-12-27 21:10:00
1721,276269,2019-12-27 21:20:00
1722,276737,2019-12-27 09:00:00
1723,276737,2019-12-27 09:10:00
1724,276737,2019-12-27 09:20:00
1725,276737,2019-12-27 11:00:00
1726,276737,2019-12-27 11:10:00
1727,276737,2019-12-27 11:20:00
1728,276737,2019-12-27 13:00:00
1729,276737,2019-12-27 13:10:00
1730,276737,2019-12-27 13:20:00
1731,276737,2019-12-27 15:00:00
1732,276737,2019-12-27 15:10:00
1733,276737,2019-12-27 15:20:00
1734,276737,2019-12-27 17:00:00
1735,276737,2019-12-27 17:10:00
1736,276737,2019-12-27 17:20:00
1737,276737,2019-12-27 19:00:00
1738,276737,2019-12-27 19:10:00
1739,276737,2019-12-27 19:20:00
1740,276737,2019-12-27 21:00:00
1741,276737,2019-12-27 21:10:00
1742,276737,2019-12-27 21:20:00
1743,276738,2019-12-27 09:00:00
1744,276738,2019-12-27 09:10:00
1745,276738,2019-12-27 09:20:00
1746,276738,2019-12-27 11:00:00
1747,276738,2019-12-27 11:10:00
1748,276738,2019-12-27 11:20:00
1749,276738,2019-12-27 13:00:00
1750,276738,2019-12-27 13:10:00
1751,276738,2019-12-27 13:20:00
1752,276738,2019-12-27 15:00:00
1753,276738,2019-12-27 15:10:00
1754,276738,2019-12-27 15:20:00
1755,276738,2019-12-27 17:00:00
1756,276738,2019-12-27 17:10:00
1757,276738,2019-12-27 17:20:00
1758,276738,2019-12-27 19:00:00
1759,276738,2019-12-27 19:10:00
1760,276738,2019-12-27 19:20:00
1761,276738,2019-12-27 21:00:00
1762,276738,2019-12-27 21:10:00
1763,276738,2019-12-27 21:20:00
1764,276183,2019-12-28 09:00:00
1765,276183,2019-12-28 09:10:00
1766,276183,2019-12-28 09:20:00
1767,276183,2019-12-28 11:00:00
1768,276183,2019-12-28 11:10:00
1769,276183,2019-12-28 11:20:00
1770,276183,2019-12-28 13:00:00
1771,276183,2019-12-28 13:10:00
1772,276183,2019-12-28 13:20:00
1773,276183,2019-12-28 15:00:00
1774,276183,2019-12-28 15:10:00
1775,276183,2019-12-28 15:20:00
1776,276183,2019-12-28 17:00:00
1777,276183,2019-12-28 17:10:00
1778,276183,2019-12-28 17:20:00
1779,276183,2019-12-28 19:00:00
1780,276183,2019-12-28 19:10:00
1781,276183,2019-12-28 19:20:00
1782,276183,2019-12-28 21:00:00
1783,276183,2019-12-28 21:10:00
1784,276183,2019-12-28 21:20:00
1785,276184,2019-12-28 09:00:00
1786,276184,2019-12-28 09:10:00
1787,276184,2019-12-28 09:20:00
1788,276184,2019-12-28 11:00:00
1789,276184,2019-12-28 11:10:00
1790,276184,2019-12-28 11:20:00
1791,276184,2019-12-28 13:00:00
1792,276184,2019-12-28 13:10:00
1793,276184,2019-12-28 13:20:00
1794,276184,2019-12-28 15:00:00
1795,276184,2019-12-28 15:10:00
1796,276184,2019-12-28 15:20:00
1797,276184,2019-12-28 17:00:00
1798,276184,2019-12-28 17:10:00
1799,276184,2019-12-28 17:20:00
1800,276184,2019-12-28 19:00:00
1801,276184,2019-12-28 19:10:00
1802,276184,2019-12-28 19:20:00
1803,276184,2019-12-28 21:00:00
1804,276184,2019-12-28 21:10:00
1805,276184,2019-12-28 21:20:00
1806,275911,2019-12-28 09:00:00
1807,275911,2019-12-28 09:10:00
1808,275911,2019-12-28 09:20:00
1809,275911,2019-12-28 11:00:00
1810,275911,2019-12-28 11:10:00
1811,275911,2019-12-28 11:20:00
1812,275911,2019-12-28 13:00:00
1813,275911,2019-12-28 13:10:00
1814,275911,2019-12-28 13:20:00
1815,275911,2019-12-28 15:00:00
1816,275911,2019-12-28 15:10:00
1817,275911,2019-12-28 15:20:00
1818,275911,2019-12-28 17:00:00
1819,275911,2019-12-28 17:10:00
1820,275911,2019-12-28 17:20:00
1821,275911,2019-12-28 19:00:00
1822,275911,2019-12-28 19:10:00
1823,275911,2019-12-28 19:20:00
1824,275911,2019-12-28 21:00:00
1825,275911,2019-12-28 21:10:00
1826,275911,2019-12-28 21:20:00
1827,275912,2019-12-28 09:00:00
1828,275912,2019-12-28 09:10:00
1829,275912,2019-12-28 09:20:00
1830,275912,2019-12-28 11:00:00
1831,275912,2019-12-28 11:10:00
1832,275912,2019-12-28 11:20:00
1833,275912,2019-12-28 13:00:00
1834,275912,2019-12-28 13:10:00
1835,275912,2019-12-28 13:20:00
1836,275912,2019-12-28 15:00:00
1837,275912,2019-12-28 15:10:00
1838,275912,2019-12-28 15:20:00
1839,275912,2019-12-28 17:00:00
1840,275912,2019-12-28 17:10:00
1841,275912,2019-12-28 17:20:00
1842,275912,2019-12-28 19:00:00
1843,275912,2019-12-28 19:10:00
1844,275912,2019-12-28 19:20:00
1845,275912,2019-12-28 21:00:00
1846,275912,2019-12-28 21:10:00
1847,275912,2019-12-28 21:20:00
1848,276240,2019-12-28 09:00:00
1849,276240,2019-12-28 09:10:00
1850,276240,2019-12-28 09:20:00
1851,276240,2019-12-28 11:00:00
1852,276240,2019-12-28 11:10:00
1853,276240,2019-12-28 11:20:00
1854,276240,2019-12-28 13:00:00
1855,276240,2019-12-28 13:10:00
1856,276240,2019-12-28 13:20:00
1857,276240,2019-12-28 15:00:00
1858,276240,2019-12-28 15:10:00
1859,276240,2019-12-28 15:20:00
1860,276240,2019-12-28 17:00:00
1861,276240,2019-12-28 17:10:00
1862,276240,2019-12-28 17:20:00
1863,276240,2019-12-28 19:00:00
1864,276240,2019-12-28 19:10:00
1865,276240,2019-12-28 19:20:00
1866,276240,2019-12-28 21:00:00
1867,276240,2019-12-28 21:10:00
1868,276240,2019-12-28 21:20:00
1869,276241,2019-12-28 09:00:00
1870,276241,2019-12-28 09:10:00
1871,276241,2019-12-28 09:20:00
1872,276241,2019-12-28 11:00:00
1873,276241,2019-12-28 11:10:00
1874,276241,2019-12-28 11:20:00
1875,276241,2019-12-28 13:00:00
1876,276241,2019-12-28 13:10:00
1877,276241,2019-12-28 13:20:00
1878,276241,2019-12-28 15:00:00
1879,276241,2019-12-28 15:10:00
1880,276241,2019-12-28 15:20:00
1881,276241,2019-12-28 17:00:00
1882,276241,2019-12-28 17:10:00
1883,276241,2019-12-28 17:20:00
1884,276241,2019-12-28 19:00:00
1885,276241,2019-12-28 19:10:00
1886,276241,2019-12-28 19:20:00
1887,276241,2019-12-28 21:00:00
1888,276241,2019-12-28 21:10:00
1889,276241,2019-12-28 21:20:00
1890,276264,2019-12-28 09:00:00
1891,276264,2019-12-28 09:10:00
1892,276264,2019-12-28 09:20:00
1893,276264,2019-12-28 11:00:00
1894,276264,2019-12-28 11:10:00
1895,276264,2019-12-28 11:20:00
1896,276264,2019-12-28 13:00:00
1897,276264,2019-12-28 13:10:00
1898,276264,2019-12-28 13:20:00
1899,276264,2019-12-28 15:00:00
1900,276264,2019-12-28 15:10:00
1901,276264,2019-12-28 15:20:00
1902,276264,2019-12-28 17:00:00
1903,276264,2019-12-28 17:10:00
1904,276264,2019-12-28 17:20:00
1905,276264,2019-12-28 19:00:00
1906,276264,2019-12-28 19:10:00
1907,276264,2019-12-28 19:20:00
1908,276264,2019-12-28 21:00:00
1909,276264,2019-12-28 21:10:00
1910,276264,2019-12-28 21:20:00
1911,276265,2019-12-28 09:00:00
1912,276265,2019-12-28 09:10:00
1913,276265,2019-12-28 09:20:00
1914,276265,2019-12-28 11:00:00
1915,276265,2019-12-28 11:10:00
1916,276265,2019-12-28 11:20:00
1917,276265,2019-12-28 13:00:00
1918,276265,2019-12-28 13:10:00
1919,276265,2019-12-28 13:20:00
1920,276265,2019-12-28 15:00:00
1921,276265,2019-12-28 15:10:00
1922,276265,2019-12-28 15:20:00
1923,276265,2019-12-28 17:00:00
1924,276265,2019-12-28 17:10:00
1925,276265,2019-12-28 17:20:00
1926,276265,2019-12-28 19:00:00
1927,276265,2019-12-28 19:10:00
1928,276265,2019-12-28 19:20:00
1929,276265,2019-12-28 21:00:00
1930,276265,2019-12-28 21:10:00
1931,276265,2019-12-28 21:20:00
1932,276268,2019-12-28 09:00:00
1933,276268,2019-12-28 09:10:00
1934,276268,2019-12-28 09:20:00
1935,276268,2019-12-28 11:00:00
1936,276268,2019-12-28 11:10:00
1937,276268,2019-12-28 11:20:00
1938,276268,2019-12-28 13:00:00
1939,276268,2019-12-28 13:10:00
1940,276268,2019-12-28 13:20:00
1941,276268,2019-12-28 15:00:00
1942,276268,2019-12-28 15:10:00
1943,276268,2019-12-28 15:20:00
1944,276268,2019-12-28 17:00:00
1945,276268,2019-12-28 17:10:00
1946,276268,2019-12-28 17:20:00
1947,276268,2019-12-28 19:00:00
1948,276268,2019-12-28 19:10:00
1949,276268,2019-12-28 19:20:00
1950,276268,2019-12-28 21:00:00
1951,276268,2019-12-28 21:10:00
1952,276268,2019-12-28 21:20:00
1953,276269,2019-12-28 09:00:00
1954,276269,2019-12-28 09:10:00
1955,276269,2019-12-28 09:20:00
1956,276269,2019-12-28 11:00:00
1957,276269,2019-12-28 11:10:00
1958,276269,2019-12-28 11:20:00
1959,276269,2019-12-28 13:00:00
1960,276269,2019-12-28 13:10:00
1961,276269,2019-12-28 13:20:00
1962,276269,2019-12-28 15:00:00
1963,276269,2019-12-28 15:10:00
1964,276269,2019-12-28 15:20:00
1965,276269,2019-12-28 17:00:00
1966,276269,2019-12-28 17:10:00
1967,276269,2019-12-28 17:20:00
1968,276269,2019-12-28 19:00:00
1969,276269,2019-12-28 19:10:00
1970,276269,2019-12-28 19:20:00
1971,276269,2019-12-28 21:00:00
1972,276269,2019-12-28 21:10:00
1973,276269,2019-12-28 21:20:00
1974,276737,2019-12-28 09:00:00
1975,276737,2019-12-28 09:10:00
1976,276737,2019-12-28 09:20:00
1977,276737,2019-12-28 11:00:00
1978,276737,2019-12-28 11:10:00
1979,276737,2019-12-28 11:20:00
1980,276737,2019-12-28 13:00:00
1981,276737,2019-12-28 13:10:00
1982,276737,2019-12-28 13:20:00
1983,276737,2019-12-28 15:00:00
1984,276737,2019-12-28 15:10:00
1985,276737,2019-12-28 15:20:00
1986,276737,2019-12-28 17:00:00
1987,276737,2019-12-28 17:10:00
1988,276737,2019-12-28 17:20:00
1989,276737,2019-12-28 19:00:00
1990,276737,2019-12-28 19:10:00
1991,276737,2019-12-28 19:20:00
1992,276737,2019-12-28 21:00:00
1993,276737,2019-12-28 21:10:00
1994,276737,2019-12-28 21:20:00
1995,276738,2019-12-28 09:00:00
1996,276738,2019-12-28 09:10:00
1997,276738,2019-12-28 09:20:00
1998,276738,2019-12-28 11:00:00
1999,276738,2019-12-28 11:10:00
2000,276738,2019-12-28 11:20:00
2001,276738,2019-12-28 13:00:00
2002,276738,2019-12-28 13:10:00
2003,276738,2019-12-28 13:20:00
2004,276738,2019-12-28 15:00:00
2005,276738,2019-12-28 15:10:00
2006,276738,2019-12-28 15:20:00
2007,276738,2019-12-28 17:00:00
2008,276738,2019-12-28 17:10:00
2009,276738,2019-12-28 17:20:00
2010,276738,2019-12-28 19:00:00
2011,276738,2019-12-28 19:10:00
2012,276738,2019-12-28 19:20:00
2013,276738,2019-12-28 21:00:00
2014,276738,2019-12-28 21:10:00
2015,276738,2019-12-28 21:20:00
2016,276183,2019-12-29 09:00:00
2017,276183,2019-12-29 09:10:00
2018,276183,2019-12-29 09:20:00
2019,276183,2019-12-29 11:00:00
2020,276183,2019-12-29 11:10:00
2021,276183,2019-12-29 11:20:00
2022,276183,2019-12-29 13:00:00
2023,276183,2019-12-29 13:10:00
2024,276183,2019-12-29 13:20:00
2025,276183,2019-12-29 15:00:00
2026,276183,2019-12-29 15:10:00
2027,276183,2019-12-29 15:20:00
2028,276183,2019-12-29 17:00:00
2029,276183,2019-12-29 17:10:00
2030,276183,2019-12-29 17:20:00
2031,276183,2019-12-29 19:00:00
2032,276183,2019-12-29 19:10:00
2033,276183,2019-12-29 19:20:00
2034,276183,2019-12-29 21:00:00
2035,276183,2019-12-29 21:10:00
2036,276183,2019-12-29 21:20:00
2037,276184,2019-12-29 09:00:00
2038,276184,2019-12-29 09:10:00
2039,276184,2019-12-29 09:20:00
2040,276184,2019-12-29 11:00:00
2041,276184,2019-12-29 11:10:00
2042,276184,2019-12-29 11:20:00
2043,276184,2019-12-29 13:00:00
2044,276184,2019-12-29 13:10:00
2045,276184,2019-12-29 13:20:00
2046,276184,2019-12-29 15:00:00
2047,276184,2019-12-29 15:10:00
2048,276184,2019-12-29 15:20:00
2049,276184,2019-12-29 17:00:00
2050,276184,2019-12-29 17:10:00
2051,276184,2019-12-29 17:20:00
2052,276184,2019-12-29 19:00:00
2053,276184,2019-12-29 19:10:00
2054,276184,2019-12-29 19:20:00
2055,276184,2019-12-29 21:00:00
2056,276184,2019-12-29 21:10:00
2057,276184,2019-12-29 21:20:00
2058,275911,2019-12-29 09:00:00
2059,275911,2019-12-29 09:10:00
2060,275911,2019-12-29 09:20:00
2061,275911,2019-12-29 11:00:00
2062,275911,2019-12-29 11:10:00
2063,275911,2019-12-29 11:20:00
2064,275911,2019-12-29 13:00:00
2065,275911,2019-12-29 13:10:00
2066,275911,2019-12-29 13:20:00
2067,275911,2019-12-29 15:00:00
2068,275911,2019-12-29 15:10:00
2069,275911,2019-12-29 15:20:00
2070,275911,2019-12-29 17:00:00
2071,275911,2019-12-29 17:10:00
2072,275911,2019-12-29 17:20:00
2073,275911,2019-12-29 19:00:00
2074,275911,2019-12-29 19:10:00
2075,275911,2019-12-29 19:20:00
2076,275911,2019-12-29 21:00:00
2077,275911,2019-12-29 21:10:00
2078,275911,2019-12-29 21:20:00
2079,275912,2019-12-29 09:00:00
2080,275912,2019-12-29 09:10:00
2081,275912,2019-12-29 09:20:00
2082,275912,2019-12-29 11:00:00
2083,275912,2019-12-29 11:10:00
2084,275912,2019-12-29 11:20:00
2085,275912,2019-12-29 13:00:00
2086,275912,2019-12-29 13:10:00
2087,275912,2019-12-29 13:20:00
2088,275912,2019-12-29 15:00:00
2089,275912,2019-12-29 15:10:00
2090,275912,2019-12-29 15:20:00
2091,275912,2019-12-29 17:00:00
2092,275912,2019-12-29 17:10:00
2093,275912,2019-12-29 17:20:00
2094,275912,2019-12-29 19:00:00
2095,275912,2019-12-29 19:10:00
2096,275912,2019-12-29 19:20:00
2097,275912,2019-12-29 21:00:00
2098,275912,2019-12-29 21:10:00
2099,275912,2019-12-29 21:20:00
2100,276240,2019-12-29 09:00:00
2101,276240,2019-12-29 09:10:00
2102,276240,2019-12-29 09:20:00
2103,276240,2019-12-29 11:00:00
2104,276240,2019-12-29 11:10:00
2105,276240,2019-12-29 11:20:00
2106,276240,2019-12-29 13:00:00
2107,276240,2019-12-29 13:10:00
2108,276240,2019-12-29 13:20:00
2109,276240,2019-12-29 15:00:00
2110,276240,2019-12-29 15:10:00
2111,276240,2019-12-29 15:20:00
2112,276240,2019-12-29 17:00:00
2113,276240,2019-12-29 17:10:00
2114,276240,2019-12-29 17:20:00
2115,276240,2019-12-29 19:00:00
2116,276240,2019-12-29 19:10:00
2117,276240,2019-12-29 19:20:00
2118,276240,2019-12-29 21:00:00
2119,276240,2019-12-29 21:10:00
2120,276240,2019-12-29 21:20:00
2121,276241,2019-12-29 09:00:00
2122,276241,2019-12-29 09:10:00
2123,276241,2019-12-29 09:20:00
2124,276241,2019-12-29 11:00:00
2125,276241,2019-12-29 11:10:00
2126,276241,2019-12-29 11:20:00
2127,276241,2019-12-29 13:00:00
2128,276241,2019-12-29 13:10:00
2129,276241,2019-12-29 13:20:00
2130,276241,2019-12-29 15:00:00
2131,276241,2019-12-29 15:10:00
2132,276241,2019-12-29 15:20:00
2133,276241,2019-12-29 17:00:00
2134,276241,2019-12-29 17:10:00
2135,276241,2019-12-29 17:20:00
2136,276241,2019-12-29 19:00:00
2137,276241,2019-12-29 19:10:00
2138,276241,2019-12-29 19:20:00
2139,276241,2019-12-29 21:00:00
2140,276241,2019-12-29 21:10:00
2141,276241,2019-12-29 21:20:00
2142,276264,2019-12-29 09:00:00
2143,276264,2019-12-29 09:10:00
2144,276264,2019-12-29 09:20:00
2145,276264,2019-12-29 11:00:00
2146,276264,2019-12-29 11:10:00
2147,276264,2019-12-29 11:20:00
2148,276264,2019-12-29 13:00:00
2149,276264,2019-12-29 13:10:00
2150,276264,2019-12-29 13:20:00
2151,276264,2019-12-29 15:00:00
2152,276264,2019-12-29 15:10:00
2153,276264,2019-12-29 15:20:00
2154,276264,2019-12-29 17:00:00
2155,276264,2019-12-29 17:10:00
2156,276264,2019-12-29 17:20:00
2157,276264,2019-12-29 19:00:00
2158,276264,2019-12-29 19:10:00
2159,276264,2019-12-29 19:20:00
2160,276264,2019-12-29 21:00:00
2161,276264,2019-12-29 21:10:00
2162,276264,2019-12-29 21:20:00
2163,276265,2019-12-29 09:00:00
2164,276265,2019-12-29 09:10:00
2165,276265,2019-12-29 09:20:00
2166,276265,2019-12-29 11:00:00
2167,276265,2019-12-29 11:10:00
2168,276265,2019-12-29 11:20:00
2169,276265,2019-12-29 13:00:00
2170,276265,2019-12-29 13:10:00
2171,276265,2019-12-29 13:20:00
2172,276265,2019-12-29 15:00:00
2173,276265,2019-12-29 15:10:00
2174,276265,2019-12-29 15:20:00
2175,276265,2019-12-29 17:00:00
2176,276265,2019-12-29 17:10:00
2177,276265,2019-12-29 17:20:00
2178,276265,2019-12-29 19:00:00
2179,276265,2019-12-29 19:10:00
2180,276265,2019-12-29 19:20:00
2181,276265,2019-12-29 21:00:00
2182,276265,2019-12-29 21:10:00
2183,276265,2019-12-29 21:20:00
2184,276268,2019-12-29 09:00:00
2185,276268,2019-12-29 09:10:00
2186,276268,2019-12-29 09:20:00
2187,276268,2019-12-29 11:00:00
2188,276268,2019-12-29 11:10:00
2189,276268,2019-12-29 11:20:00
2190,276268,2019-12-29 13:00:00
2191,276268,2019-12-29 13:10:00
2192,276268,2019-12-29 13:20:00
2193,276268,2019-12-29 15:00:00
2194,276268,2019-12-29 15:10:00
2195,276268,2019-12-29 15:20:00
2196,276268,2019-12-29 17:00:00
2197,276268,2019-12-29 17:10:00
2198,276268,2019-12-29 17:20:00
2199,276268,2019-12-29 19:00:00
2200,276268,2019-12-29 19:10:00
2201,276268,2019-12-29 19:20:00
2202,276268,2019-12-29 21:00:00
2203,276268,2019-12-29 21:10:00
2204,276268,2019-12-29 21:20:00
2205,276269,2019-12-29 09:00:00
2206,276269,2019-12-29 09:10:00
2207,276269,2019-12-29 09:20:00
2208,276269,2019-12-29 11:00:00
2209,276269,2019-12-29 11:10:00
2210,276269,2019-12-29 11:20:00
2211,276269,2019-12-29 13:00:00
2212,276269,2019-12-29 13:10:00
2213,276269,2019-12-29 13:20:00
2214,276269,2019-12-29 15:00:00
2215,276269,2019-12-29 15:10:00
2216,276269,2019-12-29 15:20:00
2217,276269,2019-12-29 17:00:00
2218,276269,2019-12-29 17:10:00
2219,276269,2019-12-29 17:20:00
2220,276269,2019-12-29 19:00:00
2221,276269,2019-12-29 19:10:00
2222,276269,2019-12-29 19:20:00
2223,276269,2019-12-29 21:00:00
2224,276269,2019-12-29 21:10:00
2225,276269,2019-12-29 21:20:00
2226,276737,2019-12-29 09:00:00
2227,276737,2019-12-29 09:10:00
2228,276737,2019-12-29 09:20:00
2229,276737,2019-12-29 11:00:00
2230,276737,2019-12-29 11:10:00
2231,276737,2019-12-29 11:20:00
2232,276737,2019-12-29 13:00:00
2233,276737,2019-12-29 13:10:00
2234,276737,2019-12-29 13:20:00
2235,276737,2019-12-29 15:00:00
2236,276737,2019-12-29 15:10:00
2237,276737,2019-12-29 15:20:00
2238,276737,2019-12-29 17:00:00
2239,276737,2019-12-29 17:10:00
2240,276737,2019-12-29 17:20:00
2241,276737,2019-12-29 19:00:00
2242,276737,2019-12-29 19:10:00
2243,276737,2019-12-29 19:20:00
2244,276737,2019-12-29 21:00:00
2245,276737,2019-12-29 21:10:00
2246,276737,2019-12-29 21:20:00
2247,276738,2019-12-29 09:00:00
2248,276738,2019-12-29 09:10:00
2249,276738,2019-12-29 09:20:00
2250,276738,2019-12-29 11:00:00
2251,276738,2019-12-29 11:10:00
2252,276738,2019-12-29 11:20:00
2253,276738,2019-12-29 13:00:00
2254,276738,2019-12-29 13:10:00
2255,276738,2019-12-29 13:20:00
2256,276738,2019-12-29 15:00:00
2257,276738,2019-12-29 15:10:00
2258,276738,2019-12-29 15:20:00
2259,276738,2019-12-29 17:00:00
2260,276738,2019-12-29 17:10:00
2261,276738,2019-12-29 17:20:00
2262,276738,2019-12-29 19:00:00
2263,276738,2019-12-29 19:10:00
2264,276738,2019-12-29 19:20:00
2265,276738,2019-12-29 21:00:00
2266,276738,2019-12-29 21:10:00
2267,276738,2019-12-29 21:20:00
2268,276183,2019-12-30 09:00:00
2269,276183,2019-12-30 09:10:00
2270,276183,2019-12-30 09:20:00
2271,276183,2019-12-30 11:00:00
2272,276183,2019-12-30 11:10:00
2273,276183,2019-12-30 11:20:00
2274,276183,2019-12-30 13:00:00
2275,276183,2019-12-30 13:10:00
2276,276183,2019-12-30 13:20:00
2277,276183,2019-12-30 15:00:00
2278,276183,2019-12-30 15:10:00
2279,276183,2019-12-30 15:20:00
2280,276183,2019-12-30 17:00:00
2281,276183,2019-12-30 17:10:00
2282,276183,2019-12-30 17:20:00
2283,276183,2019-12-30 19:00:00
2284,276183,2019-12-30 19:10:00
2285,276183,2019-12-30 19:20:00
2286,276183,2019-12-30 21:00:00
2287,276183,2019-12-30 21:10:00
2288,276183,2019-12-30 21:20:00
2289,276184,2019-12-30 09:00:00
2290,276184,2019-12-30 09:10:00
2291,276184,2019-12-30 09:20:00
2292,276184,2019-12-30 11:00:00
2293,276184,2019-12-30 11:10:00
2294,276184,2019-12-30 11:20:00
2295,276184,2019-12-30 13:00:00
2296,276184,2019-12-30 13:10:00
2297,276184,2019-12-30 13:20:00
2298,276184,2019-12-30 15:00:00
2299,276184,2019-12-30 15:10:00
2300,276184,2019-12-30 15:20:00
2301,276184,2019-12-30 17:00:00
2302,276184,2019-12-30 17:10:00
2303,276184,2019-12-30 17:20:00
2304,276184,2019-12-30 19:00:00
2305,276184,2019-12-30 19:10:00
2306,276184,2019-12-30 19:20:00
2307,276184,2019-12-30 21:00:00
2308,276184,2019-12-30 21:10:00
2309,276184,2019-12-30 21:20:00
2310,275911,2019-12-30 09:00:00
2311,275911,2019-12-30 09:10:00
2312,275911,2019-12-30 09:20:00
2313,275911,2019-12-30 11:00:00
2314,275911,2019-12-30 11:10:00
2315,275911,2019-12-30 11:20:00
2316,275911,2019-12-30 13:00:00
2317,275911,2019-12-30 13:10:00
2318,275911,2019-12-30 13:20:00
2319,275911,2019-12-30 15:00:00
2320,275911,2019-12-30 15:10:00
2321,275911,2019-12-30 15:20:00
2322,275911,2019-12-30 17:00:00
2323,275911,2019-12-30 17:10:00
2324,275911,2019-12-30 17:20:00
2325,275911,2019-12-30 19:00:00
2326,275911,2019-12-30 19:10:00
2327,275911,2019-12-30 19:20:00
2328,275911,2019-12-30 21:00:00
2329,275911,2019-12-30 21:10:00
2330,275911,2019-12-30 21:20:00
2331,275912,2019-12-30 09:00:00
2332,275912,2019-12-30 09:10:00
2333,275912,2019-12-30 09:20:00
2334,275912,2019-12-30 11:00:00
2335,275912,2019-12-30 11:10:00
2336,275912,2019-12-30 11:20:00
2337,275912,2019-12-30 13:00:00
2338,275912,2019-12-30 13:10:00
2339,275912,2019-12-30 13:20:00
2340,275912,2019-12-30 15:00:00
2341,275912,2019-12-30 15:10:00
2342,275912,2019-12-30 15:20:00
2343,275912,2019-12-30 17:00:00
2344,275912,2019-12-30 17:10:00
2345,275912,2019-12-30 17:20:00
2346,275912,2019-12-30 19:00:00
2347,275912,2019-12-30 19:10:00
2348,275912,2019-12-30 19:20:00
2349,275912,2019-12-30 21:00:00
2350,275912,2019-12-30 21:10:00
2351,275912,2019-12-30 21:20:00
2352,276240,2019-12-30 09:00:00
2353,276240,2019-12-30 09:10:00
2354,276240,2019-12-30 09:20:00
2355,276240,2019-12-30 11:00:00
2356,276240,2019-12-30 11:10:00
2357,276240,2019-12-30 11:20:00
2358,276240,2019-12-30 13:00:00
2359,276240,2019-12-30 13:10:00
2360,276240,2019-12-30 13:20:00
2361,276240,2019-12-30 15:00:00
2362,276240,2019-12-30 15:10:00
2363,276240,2019-12-30 15:20:00
2364,276240,2019-12-30 17:00:00
2365,276240,2019-12-30 17:10:00
2366,276240,2019-12-30 17:20:00
2367,276240,2019-12-30 19:00:00
2368,276240,2019-12-30 19:10:00
2369,276240,2019-12-30 19:20:00
2370,276240,2019-12-30 21:00:00
2371,276240,2019-12-30 21:10:00
2372,276240,2019-12-30 21:20:00
2373,276241,2019-12-30 09:00:00
2374,276241,2019-12-30 09:10:00
2375,276241,2019-12-30 09:20:00
2376,276241,2019-12-30 11:00:00
2377,276241,2019-12-30 11:10:00
2378,276241,2019-12-30 11:20:00
2379,276241,2019-12-30 13:00:00
2380,276241,2019-12-30 13:10:00
2381,276241,2019-12-30 13:20:00
2382,276241,2019-12-30 15:00:00
2383,276241,2019-12-30 15:10:00
2384,276241,2019-12-30 15:20:00
2385,276241,2019-12-30 17:00:00
2386,276241,2019-12-30 17:10:00
2387,276241,2019-12-30 17:20:00
2388,276241,2019-12-30 19:00:00
2389,276241,2019-12-30 19:10:00
2390,276241,2019-12-30 19:20:00
2391,276241,2019-12-30 21:00:00
2392,276241,2019-12-30 21:10:00
2393,276241,2019-12-30 21:20:00
2394,276264,2019-12-30 09:00:00
2395,276264,2019-12-30 09:10:00
2396,276264,2019-12-30 09:20:00
2397,276264,2019-12-30 11:00:00
2398,276264,2019-12-30 11:10:00
2399,276264,2019-12-30 11:20:00
2400,276264,2019-12-30 13:00:00
2401,276264,2019-12-30 13:10:00
2402,276264,2019-12-30 13:20:00
2403,276264,2019-12-30 15:00:00
2404,276264,2019-12-30 15:10:00
2405,276264,2019-12-30 15:20:00
2406,276264,2019-12-30 17:00:00
2407,276264,2019-12-30 17:10:00
2408,276264,2019-12-30 17:20:00
2409,276264,2019-12-30 19:00:00
2410,276264,2019-12-30 19:10:00
2411,276264,2019-12-30 19:20:00
2412,276264,2019-12-30 21:00:00
2413,276264,2019-12-30 21:10:00
2414,276264,2019-12-30 21:20:00
2415,276265,2019-12-30 09:00:00
2416,276265,2019-12-30 09:10:00
2417,276265,2019-12-30 09:20:00
2418,276265,2019-12-30 11:00:00
2419,276265,2019-12-30 11:10:00
2420,276265,2019-12-30 11:20:00
2421,276265,2019-12-30 13:00:00
2422,276265,2019-12-30 13:10:00
2423,276265,2019-12-30 13:20:00
2424,276265,2019-12-30 15:00:00
2425,276265,2019-12-30 15:10:00
2426,276265,2019-12-30 15:20:00
2427,276265,2019-12-30 17:00:00
2428,276265,2019-12-30 17:10:00
2429,276265,2019-12-30 17:20:00
2430,276265,2019-12-30 19:00:00
2431,276265,2019-12-30 19:10:00
2432,276265,2019-12-30 19:20:00
2433,276265,2019-12-30 21:00:00
2434,276265,2019-12-30 21:10:00
2435,276265,2019-12-30 21:20:00
2436,276268,2019-12-30 09:00:00
2437,276268,2019-12-30 09:10:00
2438,276268,2019-12-30 09:20:00
2439,276268,2019-12-30 11:00:00
2440,276268,2019-12-30 11:10:00
2441,276268,2019-12-30 11:20:00
2442,276268,2019-12-30 13:00:00
2443,276268,2019-12-30 13:10:00
2444,276268,2019-12-30 13:20:00
2445,276268,2019-12-30 15:00:00
2446,276268,2019-12-30 15:10:00
2447,276268,2019-12-30 15:20:00
2448,276268,2019-12-30 17:00:00
2449,276268,2019-12-30 17:10:00
2450,276268,2019-12-30 17:20:00
2451,276268,2019-12-30 19:00:00
2452,276268,2019-12-30 19:10:00
2453,276268,2019-12-30 19:20:00
2454,276268,2019-12-30 21:00:00
2455,276268,2019-12-30 21:10:00
2456,276268,2019-12-30 21:20:00
2457,276269,2019-12-30 09:00:00
2458,276269,2019-12-30 09:10:00
2459,276269,2019-12-30 09:20:00
2460,276269,2019-12-30 11:00:00
2461,276269,2019-12-30 11:10:00
2462,276269,2019-12-30 11:20:00
2463,276269,2019-12-30 13:00:00
2464,276269,2019-12-30 13:10:00
2465,276269,2019-12-30 13:20:00
2466,276269,2019-12-30 15:00:00
2467,276269,2019-12-30 15:10:00
2468,276269,2019-12-30 15:20:00
2469,276269,2019-12-30 17:00:00
2470,276269,2019-12-30 17:10:00
2471,276269,2019-12-30 17:20:00
2472,276269,2019-12-30 19:00:00
2473,276269,2019-12-30 19:10:00
2474,276269,2019-12-30 19:20:00
2475,276269,2019-12-30 21:00:00
2476,276269,2019-12-30 21:10:00
2477,276269,2019-12-30 21:20:00
2478,276737,2019-12-30 09:00:00
2479,276737,2019-12-30 09:10:00
2480,276737,2019-12-30 09:20:00
2481,276737,2019-12-30 11:00:00
2482,276737,2019-12-30 11:10:00
2483,276737,2019-12-30 11:20:00
2484,276737,2019-12-30 13:00:00
2485,276737,2019-12-30 13:10:00
2486,276737,2019-12-30 13:20:00
2487,276737,2019-12-30 15:00:00
2488,276737,2019-12-30 15:10:00
2489,276737,2019-12-30 15:20:00
2490,276737,2019-12-30 17:00:00
2491,276737,2019-12-30 17:10:00
2492,276737,2019-12-30 17:20:00
2493,276737,2019-12-30 19:00:00
2494,276737,2019-12-30 19:10:00
2495,276737,2019-12-30 19:20:00
2496,276737,2019-12-30 21:00:00
2497,276737,2019-12-30 21:10:00
2498,276737,2019-12-30 21:20:00
2499,276738,2019-12-30 09:00:00
2500,276738,2019-12-30 09:10:00
2501,276738,2019-12-30 09:20:00
2502,276738,2019-12-30 11:00:00
2503,276738,2019-12-30 11:10:00
2504,276738,2019-12-30 11:20:00
2505,276738,2019-12-30 13:00:00
2506,276738,2019-12-30 13:10:00
2507,276738,2019-12-30 13:20:00
2508,276738,2019-12-30 15:00:00
2509,276738,2019-12-30 15:10:00
2510,276738,2019-12-30 15:20:00
2511,276738,2019-12-30 17:00:00
2512,276738,2019-12-30 17:10:00
2513,276738,2019-12-30 17:20:00
2514,276738,2019-12-30 19:00:00
2515,276738,2019-12-30 19:10:00
2516,276738,2019-12-30 19:20:00
2517,276738,2019-12-30 21:00:00
2518,276738,2019-12-30 21:10:00
2519,276738,2019-12-30 21:20:00
2520,276183,2019-12-31 09:00:00
2521,276183,2019-12-31 09:10:00
2522,276183,2019-12-31 09:20:00
2523,276183,2019-12-31 11:00:00
2524,276183,2019-12-31 11:10:00
2525,276183,2019-12-31 11:20:00
2526,276183,2019-12-31 13:00:00
2527,276183,2019-12-31 13:10:00
2528,276183,2019-12-31 13:20:00
2529,276183,2019-12-31 15:00:00
2530,276183,2019-12-31 15:10:00
2531,276183,2019-12-31 15:20:00
2532,276183,2019-12-31 17:00:00
2533,276183,2019-12-31 17:10:00
2534,276183,2019-12-31 17:20:00
2535,276183,2019-12-31 19:00:00
2536,276183,2019-12-31 19:10:00
2537,276183,2019-12-31 19:20:00
2538,276183,2019-12-31 21:00:00
2539,276183,2019-12-31 21:10:00
2540,276183,2019-12-31 21:20:00
2541,276184,2019-12-31 09:00:00
2542,276184,2019-12-31 09:10:00
2543,276184,2019-12-31 09:20:00
2544,276184,2019-12-31 11:00:00
2545,276184,2019-12-31 11:10:00
2546,276184,2019-12-31 11:20:00
2547,276184,2019-12-31 13:00:00
2548,276184,2019-12-31 13:10:00
2549,276184,2019-12-31 13:20:00
2550,276184,2019-12-31 15:00:00
2551,276184,2019-12-31 15:10:00
2552,276184,2019-12-31 15:20:00
2553,276184,2019-12-31 17:00:00
2554,276184,2019-12-31 17:10:00
2555,276184,2019-12-31 17:20:00
2556,276184,2019-12-31 19:00:00
2557,276184,2019-12-31 19:10:00
2558,276184,2019-12-31 19:20:00
2559,276184,2019-12-31 21:00:00
2560,276184,2019-12-31 21:10:00
2561,276184,2019-12-31 21:20:00
2562,275911,2019-12-31 09:00:00
2563,275911,2019-12-31 09:10:00
2564,275911,2019-12-31 09:20:00
2565,275911,2019-12-31 11:00:00
2566,275911,2019-12-31 11:10:00
2567,275911,2019-12-31 11:20:00
2568,275911,2019-12-31 13:00:00
2569,275911,2019-12-31 13:10:00
2570,275911,2019-12-31 13:20:00
2571,275911,2019-12-31 15:00:00
2572,275911,2019-12-31 15:10:00
2573,275911,2019-12-31 15:20:00
2574,275911,2019-12-31 17:00:00
2575,275911,2019-12-31 17:10:00
2576,275911,2019-12-31 17:20:00
2577,275911,2019-12-31 19:00:00
2578,275911,2019-12-31 19:10:00
2579,275911,2019-12-31 19:20:00
2580,275911,2019-12-31 21:00:00
2581,275911,2019-12-31 21:10:00
2582,275911,2019-12-31 21:20:00
2583,275912,2019-12-31 09:00:00
2584,275912,2019-12-31 09:10:00
2585,275912,2019-12-31 09:20:00
2586,275912,2019-12-31 11:00:00
2587,275912,2019-12-31 11:10:00
2588,275912,2019-12-31 11:20:00
2589,275912,2019-12-31 13:00:00
2590,275912,2019-12-31 13:10:00
2591,275912,2019-12-31 13:20:00
2592,275912,2019-12-31 15:00:00
2593,275912,2019-12-31 15:10:00
2594,275912,2019-12-31 15:20:00
2595,275912,2019-12-31 17:00:00
2596,275912,2019-12-31 17:10:00
2597,275912,2019-12-31 17:20:00
2598,275912,2019-12-31 19:00:00
2599,275912,2019-12-31 19:10:00
2600,275912,2019-12-31 19:20:00
2601,275912,2019-12-31 21:00:00
2602,275912,2019-12-31 21:10:00
2603,275912,2019-12-31 21:20:00
2604,276240,2019-12-31 09:00:00
2605,276240,2019-12-31 09:10:00
2606,276240,2019-12-31 09:20:00
2607,276240,2019-12-31 11:00:00
2608,276240,2019-12-31 11:10:00
2609,276240,2019-12-31 11:20:00
2610,276240,2019-12-31 13:00:00
2611,276240,2019-12-31 13:10:00
2612,276240,2019-12-31 13:20:00
2613,276240,2019-12-31 15:00:00
2614,276240,2019-12-31 15:10:00
2615,276240,2019-12-31 15:20:00
2616,276240,2019-12-31 17:00:00
2617,276240,2019-12-31 17:10:00
2618,276240,2019-12-31 17:20:00
2619,276240,2019-12-31 19:00:00
2620,276240,2019-12-31 19:10:00
2621,276240,2019-12-31 19:20:00
2622,276240,2019-12-31 21:00:00
2623,276240,2019-12-31 21:10:00
2624,276240,2019-12-31 21:20:00
2625,276241,2019-12-31 09:00:00
2626,276241,2019-12-31 09:10:00
2627,276241,2019-12-31 09:20:00
2628,276241,2019-12-31 11:00:00
2629,276241,2019-12-31 11:10:00
2630,276241,2019-12-31 11:20:00
2631,276241,2019-12-31 13:00:00
2632,276241,2019-12-31 13:10:00
2633,276241,2019-12-31 13:20:00
2634,276241,2019-12-31 15:00:00
2635,276241,2019-12-31 15:10:00
2636,276241,2019-12-31 15:20:00
2637,276241,2019-12-31 17:00:00
2638,276241,2019-12-31 17:10:00
2639,276241,2019-12-31 17:20:00
2640,276241,2019-12-31 19:00:00
2641,276241,2019-12-31 19:10:00
2642,276241,2019-12-31 19:20:00
2643,276241,2019-12-31 21:00:00
2644,276241,2019-12-31 21:10:00
2645,276241,2019-12-31 21:20:00
2646,276264,2019-12-31 09:00:00
2647,276264,2019-12-31 09:10:00
2648,276264,2019-12-31 09:20:00
2649,276264,2019-12-31 11:00:00
2650,276264,2019-12-31 11:10:00
2651,276264,2019-12-31 11:20:00
2652,276264,2019-12-31 13:00:00
2653,276264,2019-12-31 13:10:00
2654,276264,2019-12-31 13:20:00
2655,276264,2019-12-31 15:00:00
2656,276264,2019-12-31 15:10:00
2657,276264,2019-12-31 15:20:00
2658,276264,2019-12-31 17:00:00
2659,276264,2019-12-31 17:10:00
2660,276264,2019-12-31 17:20:00
2661,276264,2019-12-31 19:00:00
2662,276264,2019-12-31 19:10:00
2663,276264,2019-12-31 19:20:00
2664,276264,2019-12-31 21:00:00
2665,276264,2019-12-31 21:10:00
2666,276264,2019-12-31 21:20:00
2667,276265,2019-12-31 09:00:00
2668,276265,2019-12-31 09:10:00
2669,276265,2019-12-31 09:20:00
2670,276265,2019-12-31 11:00:00
2671,276265,2019-12-31 11:10:00
2672,276265,2019-12-31 11:20:00
2673,276265,2019-12-31 13:00:00
2674,276265,2019-12-31 13:10:00
2675,276265,2019-12-31 13:20:00
2676,276265,2019-12-31 15:00:00
2677,276265,2019-12-31 15:10:00
2678,276265,2019-12-31 15:20:00
2679,276265,2019-12-31 17:00:00
2680,276265,2019-12-31 17:10:00
2681,276265,2019-12-31 17:20:00
2682,276265,2019-12-31 19:00:00
2683,276265,2019-12-31 19:10:00
2684,276265,2019-12-31 19:20:00
2685,276265,2019-12-31 21:00:00
2686,276265,2019-12-31 21:10:00
2687,276265,2019-12-31 21:20:00
2688,276268,2019-12-31 09:00:00
2689,276268,2019-12-31 09:10:00
2690,276268,2019-12-31 09:20:00
2691,276268,2019-12-31 11:00:00
2692,276268,2019-12-31 11:10:00
2693,276268,2019-12-31 11:20:00
2694,276268,2019-12-31 13:00:00
2695,276268,2019-12-31 13:10:00
2696,276268,2019-12-31 13:20:00
2697,276268,2019-12-31 15:00:00
2698,276268,2019-12-31 15:10:00
2699,276268,2019-12-31 15:20:00
2700,276268,2019-12-31 17:00:00
2701,276268,2019-12-31 17:10:00
2702,276268,2019-12-31 17:20:00
2703,276268,2019-12-31 19:00:00
2704,276268,2019-12-31 19:10:00
2705,276268,2019-12-31 19:20:00
2706,276268,2019-12-31 21:00:00
2707,276268,2019-12-31 21:10:00
2708,276268,2019-12-31 21:20:00
2709,276269,2019-12-31 09:00:00
2710,276269,2019-12-31 09:10:00
2711,276269,2019-12-31 09:20:00
2712,276269,2019-12-31 11:00:00
2713,276269,2019-12-31 11:10:00
2714,276269,2019-12-31 11:20:00
2715,276269,2019-12-31 13:00:00
2716,276269,2019-12-31 13:10:00
2717,276269,2019-12-31 13:20:00
2718,276269,2019-12-31 15:00:00
2719,276269,2019-12-31 15:10:00
2720,276269,2019-12-31 15:20:00
2721,276269,2019-12-31 17:00:00
2722,276269,2019-12-31 17:10:00
2723,276269,2019-12-31 17:20:00
2724,276269,2019-12-31 19:00:00
2725,276269,2019-12-31 19:10:00
2726,276269,2019-12-31 19:20:00
2727,276269,2019-12-31 21:00:00
2728,276269,2019-12-31 21:10:00
2729,276269,2019-12-31 21:20:00
2730,276737,2019-12-31 09:00:00
2731,276737,2019-12-31 09:10:00
2732,276737,2019-12-31 09:20:00
2733,276737,2019-12-31 11:00:00
2734,276737,2019-12-31 11:10:00
2735,276737,2019-12-31 11:20:00
2736,276737,2019-12-31 13:00:00
2737,276737,2019-12-31 13:10:00
2738,276737,2019-12-31 13:20:00
2739,276737,2019-12-31 15:00:00
2740,276737,2019-12-31 15:10:00
2741,276737,2019-12-31 15:20:00
2742,276737,2019-12-31 17:00:00
2743,276737,2019-12-31 17:10:00
2744,276737,2019-12-31 17:20:00
2745,276737,2019-12-31 19:00:00
2746,276737,2019-12-31 19:10:00
2747,276737,2019-12-31 19:20:00
2748,276737,2019-12-31 21:00:00
2749,276737,2019-12-31 21:10:00
2750,276737,2019-12-31 21:20:00
2751,276738,2019-12-31 09:00:00
2752,276738,2019-12-31 09:10:00
2753,276738,2019-12-31 09:20:00
2754,276738,2019-12-31 11:00:00
2755,276738,2019-12-31 11:10:00
2756,276738,2019-12-31 11:20:00
2757,276738,2019-12-31 13:00:00
2758,276738,2019-12-31 13:10:00
2759,276738,2019-12-31 13:20:00
2760,276738,2019-12-31 15:00:00
2761,276738,2019-12-31 15:10:00
2762,276738,2019-12-31 15:20:00
2763,276738,2019-12-31 17:00:00
2764,276738,2019-12-31 17:10:00
2765,276738,2019-12-31 17:20:00
2766,276738,2019-12-31 19:00:00
2767,276738,2019-12-31 19:10:00
2768,276738,2019-12-31 19:20:00
2769,276738,2019-12-31 21:00:00
2770,276738,2019-12-31 21:10:00
2771,276738,2019-12-31 21:20:00
2772,276183,2020-01-01 09:00:00
2773,276183,2020-01-01 09:10:00
2774,276183,2020-01-01 09:20:00
2775,276183,2020-01-01 11:00:00
2776,276183,2020-01-01 11:10:00
2777,276183,2020-01-01 11:20:00
2778,276183,2020-01-01 13:00:00
2779,276183,2020-01-01 13:10:00
2780,276183,2020-01-01 13:20:00
2781,276183,2020-01-01 15:00:00
2782,276183,2020-01-01 15:10:00
2783,276183,2020-01-01 15:20:00
2784,276183,2020-01-01 17:00:00
2785,276183,2020-01-01 17:10:00
2786,276183,2020-01-01 17:20:00
2787,276183,2020-01-01 19:00:00
2788,276183,2020-01-01 19:10:00
2789,276183,2020-01-01 19:20:00
2790,276183,2020-01-01 21:00:00
2791,276183,2020-01-01 21:10:00
2792,276183,2020-01-01 21:20:00
2793,276184,2020-01-01 09:00:00
2794,276184,2020-01-01 09:10:00
2795,276184,2020-01-01 09:20:00
2796,276184,2020-01-01 11:00:00
2797,276184,2020-01-01 11:10:00
2798,276184,2020-01-01 11:20:00
2799,276184,2020-01-01 13:00:00
2800,276184,2020-01-01 13:10:00
2801,276184,2020-01-01 13:20:00
2802,276184,2020-01-01 15:00:00
2803,276184,2020-01-01 15:10:00
2804,276184,2020-01-01 15:20:00
2805,276184,2020-01-01 17:00:00
2806,276184,2020-01-01 17:10:00
2807,276184,2020-01-01 17:20:00
2808,276184,2020-01-01 19:00:00
2809,276184,2020-01-01 19:10:00
2810,276184,2020-01-01 19:20:00
2811,276184,2020-01-01 21:00:00
2812,276184,2020-01-01 21:10:00
2813,276184,2020-01-01 21:20:00
2814,275911,2020-01-01 09:00:00
2815,275911,2020-01-01 09:10:00
2816,275911,2020-01-01 09:20:00
2817,275911,2020-01-01 11:00:00
2818,275911,2020-01-01 11:10:00
2819,275911,2020-01-01 11:20:00
2820,275911,2020-01-01 13:00:00
2821,275911,2020-01-01 13:10:00
2822,275911,2020-01-01 13:20:00
2823,275911,2020-01-01 15:00:00
2824,275911,2020-01-01 15:10:00
2825,275911,2020-01-01 15:20:00
2826,275911,2020-01-01 17:00:00
2827,275911,2020-01-01 17:10:00
2828,275911,2020-01-01 17:20:00
2829,275911,2020-01-01 19:00:00
2830,275911,2020-01-01 19:10:00
2831,275911,2020-01-01 19:20:00
2832,275911,2020-01-01 21:00:00
2833,275911,2020-01-01 21:10:00
2834,275911,2020-01-01 21:20:00
2835,275912,2020-01-01 09:00:00
2836,275912,2020-01-01 09:10:00
2837,275912,2020-01-01 09:20:00
2838,275912,2020-01-01 11:00:00
2839,275912,2020-01-01 11:10:00
2840,275912,2020-01-01 11:20:00
2841,275912,2020-01-01 13:00:00
2842,275912,2020-01-01 13:10:00
2843,275912,2020-01-01 13:20:00
2844,275912,2020-01-01 15:00:00
2845,275912,2020-01-01 15:10:00
2846,275912,2020-01-01 15:20:00
2847,275912,2020-01-01 17:00:00
2848,275912,2020-01-01 17:10:00
2849,275912,2020-01-01 17:20:00
2850,275912,2020-01-01 19:00:00
2851,275912,2020-01-01 19:10:00
2852,275912,2020-01-01 19:20:00
2853,275912,2020-01-01 21:00:00
2854,275912,2020-01-01 21:10:00
2855,275912,2020-01-01 21:20:00
2856,276240,2020-01-01 09:00:00
2857,276240,2020-01-01 09:10:00
2858,276240,2020-01-01 09:20:00
2859,276240,2020-01-01 11:00:00
2860,276240,2020-01-01 11:10:00
2861,276240,2020-01-01 11:20:00
2862,276240,2020-01-01 13:00:00
2863,276240,2020-01-01 13:10:00
2864,276240,2020-01-01 13:20:00
2865,276240,2020-01-01 15:00:00
2866,276240,2020-01-01 15:10:00
2867,276240,2020-01-01 15:20:00
2868,276240,2020-01-01 17:00:00
2869,276240,2020-01-01 17:10:00
2870,276240,2020-01-01 17:20:00
2871,276240,2020-01-01 19:00:00
2872,276240,2020-01-01 19:10:00
2873,276240,2020-01-01 19:20:00
2874,276240,2020-01-01 21:00:00
2875,276240,2020-01-01 21:10:00
2876,276240,2020-01-01 21:20:00
2877,276241,2020-01-01 09:00:00
2878,276241,2020-01-01 09:10:00
2879,276241,2020-01-01 09:20:00
2880,276241,2020-01-01 11:00:00
2881,276241,2020-01-01 11:10:00
2882,276241,2020-01-01 11:20:00
2883,276241,2020-01-01 13:00:00
2884,276241,2020-01-01 13:10:00
2885,276241,2020-01-01 13:20:00
2886,276241,2020-01-01 15:00:00
2887,276241,2020-01-01 15:10:00
2888,276241,2020-01-01 15:20:00
2889,276241,2020-01-01 17:00:00
2890,276241,2020-01-01 17:10:00
2891,276241,2020-01-01 17:20:00
2892,276241,2020-01-01 19:00:00
2893,276241,2020-01-01 19:10:00
2894,276241,2020-01-01 19:20:00
2895,276241,2020-01-01 21:00:00
2896,276241,2020-01-01 21:10:00
2897,276241,2020-01-01 21:20:00
2898,276264,2020-01-01 09:00:00
2899,276264,2020-01-01 09:10:00
2900,276264,2020-01-01 09:20:00
2901,276264,2020-01-01 11:00:00
2902,276264,2020-01-01 11:10:00
2903,276264,2020-01-01 11:20:00
2904,276264,2020-01-01 13:00:00
2905,276264,2020-01-01 13:10:00
2906,276264,2020-01-01 13:20:00
2907,276264,2020-01-01 15:00:00
2908,276264,2020-01-01 15:10:00
2909,276264,2020-01-01 15:20:00
2910,276264,2020-01-01 17:00:00
2911,276264,2020-01-01 17:10:00
2912,276264,2020-01-01 17:20:00
2913,276264,2020-01-01 19:00:00
2914,276264,2020-01-01 19:10:00
2915,276264,2020-01-01 19:20:00
2916,276264,2020-01-01 21:00:00
2917,276264,2020-01-01 21:10:00
2918,276264,2020-01-01 21:20:00
2919,276265,2020-01-01 09:00:00
2920,276265,2020-01-01 09:10:00
2921,276265,2020-01-01 09:20:00
2922,276265,2020-01-01 11:00:00
2923,276265,2020-01-01 11:10:00
2924,276265,2020-01-01 11:20:00
2925,276265,2020-01-01 13:00:00
2926,276265,2020-01-01 13:10:00
2927,276265,2020-01-01 13:20:00
2928,276265,2020-01-01 15:00:00
2929,276265,2020-01-01 15:10:00
2930,276265,2020-01-01 15:20:00
2931,276265,2020-01-01 17:00:00
2932,276265,2020-01-01 17:10:00
2933,276265,2020-01-01 17:20:00
2934,276265,2020-01-01 19:00:00
2935,276265,2020-01-01 19:10:00
2936,276265,2020-01-01 19:20:00
2937,276265,2020-01-01 21:00:00
2938,276265,2020-01-01 21:10:00
2939,276265,2020-01-01 21:20:00
2940,276268,2020-01-01 09:00:00
2941,276268,2020-01-01 09:10:00
2942,276268,2020-01-01 09:20:00
2943,276268,2020-01-01 11:00:00
2944,276268,2020-01-01 11:10:00
2945,276268,2020-01-01 11:20:00
2946,276268,2020-01-01 13:00:00
2947,276268,2020-01-01 13:10:00
2948,276268,2020-01-01 13:20:00
2949,276268,2020-01-01 15:00:00
2950,276268,2020-01-01 15:10:00
2951,276268,2020-01-01 15:20:00
2952,276268,2020-01-01 17:00:00
2953,276268,2020-01-01 17:10:00
2954,276268,2020-01-01 17:20:00
2955,276268,2020-01-01 19:00:00
2956,276268,2020-01-01 19:10:00
2957,276268,2020-01-01 19:20:00
2958,276268,2020-01-01 21:00:00
2959,276268,2020-01-01 21:10:00
2960,276268,2020-01-01 21:20:00
2961,276269,2020-01-01 09:00:00
2962,276269,2020-01-01 09:10:00
2963,276269,2020-01-01 09:20:00
2964,276269,2020-01-01 11:00:00
2965,276269,2020-01-01 11:10:00
2966,276269,2020-01-01 11:20:00
2967,276269,2020-01-01 13:00:00
2968,276269,2020-01-01 13:10:00
2969,276269,2020-01-01 13:20:00
2970,276269,2020-01-01 15:00:00
2971,276269,2020-01-01 15:10:00
2972,276269,2020-01-01 15:20:00
2973,276269,2020-01-01 17:00:00
2974,276269,2020-01-01 17:10:00
2975,276269,2020-01-01 17:20:00
2976,276269,2020-01-01 19:00:00
2977,276269,2020-01-01 19:10:00
2978,276269,2020-01-01 19:20:00
2979,276269,2020-01-01 21:00:00
2980,276269,2020-01-01 21:10:00
2981,276269,2020-01-01 21:20:00
2982,276737,2020-01-01 09:00:00
2983,276737,2020-01-01 09:10:00
2984,276737,2020-01-01 09:20:00
2985,276737,2020-01-01 11:00:00
2986,276737,2020-01-01 11:10:00
2987,276737,2020-01-01 11:20:00
2988,276737,2020-01-01 13:00:00
2989,276737,2020-01-01 13:10:00
2990,276737,2020-01-01 13:20:00
2991,276737,2020-01-01 15:00:00
2992,276737,2020-01-01 15:10:00
2993,276737,2020-01-01 15:20:00
2994,276737,2020-01-01 17:00:00
2995,276737,2020-01-01 17:10:00
2996,276737,2020-01-01 17:20:00
2997,276737,2020-01-01 19:00:00
2998,276737,2020-01-01 19:10:00
2999,276737,2020-01-01 19:20:00
3000,276737,2020-01-01 21:00:00
3001,276737,2020-01-01 21:10:00
3002,276737,2020-01-01 21:20:00
3003,276738,2020-01-01 09:00:00
3004,276738,2020-01-01 09:10:00
3005,276738,2020-01-01 09:20:00
3006,276738,2020-01-01 11:00:00
3007,276738,2020-01-01 11:10:00
3008,276738,2020-01-01 11:20:00
3009,276738,2020-01-01 13:00:00
3010,276738,2020-01-01 13:10:00
3011,276738,2020-01-01 13:20:00
3012,276738,2020-01-01 15:00:00
3013,276738,2020-01-01 15:10:00
3014,276738,2020-01-01 15:20:00
3015,276738,2020-01-01 17:00:00
3016,276738,2020-01-01 17:10:00
3017,276738,2020-01-01 17:20:00
3018,276738,2020-01-01 19:00:00
3019,276738,2020-01-01 19:10:00
3020,276738,2020-01-01 19:20:00
3021,276738,2020-01-01 21:00:00
3022,276738,2020-01-01 21:10:00
3023,276738,2020-01-01 21:20:00
