,TTI
0,1.0249495103746868
1,1.0254368439538242
2,1.022925137729976
3,1.1482819761212888
4,1.146704949357718
5,1.1536917551942756
6,1.1207191759973962
7,1.1224850148435432
8,1.135806537150161
9,1.1440816715569275
10,1.1419533727783695
11,1.1395363753375591
12,1.2671560520908431
13,1.255590901194068
14,1.2465636050281381
15,1.3675286428069726
16,1.3623152022115819
17,1.3656425312677793
18,1.204409176106972
19,1.2039680408411493
20,1.21342645044164
21,1.0927765034083197
22,1.0973483489916167
23,1.1009622630752085
24,1.228393540000251
25,1.2250568362951044
26,1.2353057131677987
27,1.2086461770996064
28,1.2022317812267893
29,1.2086597092311215
30,1.160520700853232
31,1.1586765666879324
32,1.1529705294915222
33,1.1511245171853914
34,1.142351971646231
35,1.139738100723348
36,1.2009922233432084
37,1.1856113062196678
38,1.1855785725945271
39,1.1555041868416542
40,1.159879361100951
41,1.1573289078310751
42,1.0263826941163865
43,1.0269898431829747
44,1.0282379445620713
45,1.1032462922211999
46,1.1075496627449746
47,1.10834662506586
48,1.114280653869328
49,1.1126631822208644
50,1.1115753404549138
51,1.1438126598642377
52,1.1418946076773773
53,1.1357498515410063
54,1.1754693550831403
55,1.1861233366466937
56,1.1839306263518363
57,1.3195010177896809
58,1.303697169233023
59,1.3188531858706596
60,1.160006189996003
61,1.1549314954869605
62,1.153314837642005
63,1.023602496035347
64,1.0247290536083995
65,1.025290169105201
66,1.1139645965992653
67,1.113833350235805
68,1.112905064427258
69,1.147545945737314
70,1.1461836846843672
71,1.1477344334258777
72,1.126238627919018
73,1.1325436741029278
74,1.1342553315069714
75,1.1151814168546885
76,1.120188637379187
77,1.12465259445877
78,1.1672469225554603
79,1.165222556139666
80,1.163333763909814
81,1.2020135125015432
82,1.2035023706085501
83,1.1966364201517237
84,1.1055795143756348
85,1.0994454859254648
86,1.0967126262785836
87,1.1700365229134708
88,1.1684058932991181
89,1.1730989443821707
90,1.143963385115403
91,1.1425385283823046
92,1.1406272873128727
93,1.1313976699555888
94,1.1315368470525122
95,1.130627377142125
96,1.183495746722906
97,1.177397054455084
98,1.1771161264217234
99,1.1970352146482561
100,1.2010431340879228
101,1.1983470977944148
102,1.189759866624556
103,1.1788727634062486
104,1.1773043371048588
105,1.1005926042454217
106,1.0938271276635225
107,1.0952350780279392
108,1.117433216416925
109,1.1131161790194481
110,1.1105648425133372
111,1.120815151586938
112,1.1144781657375258
113,1.1128553760328295
114,1.1635264214668948
115,1.1617883819926484
116,1.163561692820914
117,1.1310380444953543
118,1.1295248885066613
119,1.1277891774686324
120,1.152505236012206
121,1.1559472457824744
122,1.1531184842468343
123,1.1608213928334081
124,1.1626972544556156
125,1.1633756137261386
126,1.1425698243921478
127,1.143115807087714
128,1.1416471237282433
129,1.1716345321444057
130,1.1675952384968546
131,1.1683185659192274
132,1.1865109804822893
133,1.1877097817330617
134,1.1907973391955773
135,1.2211909707693476
136,1.1978865405271777
137,1.1971111018078067
138,1.1897262121885968
139,1.1818382748868705
140,1.1783884950959709
141,1.2239810777265498
142,1.2180819362828057
143,1.218764937100443
144,1.194246256680006
145,1.1932045383080765
146,1.1905783683808366
147,1.095773557840892
148,1.0939445406509714
149,1.0958761581730676
150,1.1112594226104169
151,1.1176146651843462
152,1.1237194073472747
153,1.1234414055922666
154,1.1278663963743258
155,1.1207008106015084
156,1.1477417607300051
157,1.1410142513619024
158,1.1375572478830909
159,1.1669795694221552
160,1.1607693946561202
161,1.1621006148479498
162,1.1780157593204903
163,1.1879183143680057
164,1.193392868762656
165,1.1947438427267612
166,1.1986830470277519
167,1.2049139681005983
168,1.0939299177796167
169,1.0960945393275179
170,1.098579375711624
171,1.1374135567342065
172,1.1326355518104387
173,1.140608071946554
174,1.1318612205065444
175,1.1260924461464297
176,1.1225169758110174
177,1.1392328096666067
178,1.1378203627568795
179,1.144072984474866
180,1.2081427376432252
181,1.2106848260185887
182,1.2052723641743566
183,1.2160536378404827
184,1.2163284937630605
185,1.2177922676747415
186,1.2084806691415921
187,1.2118403177761456
188,1.2127900422852276
189,1.1222097543816174
190,1.1189329308366296
191,1.1189495134120093
192,1.1377192283320317
193,1.1367167197887216
194,1.1371691910169195
195,1.137982562442198
196,1.135490173535724
197,1.137229405050292
198,1.1487096645643475
199,1.1479217843986316
200,1.1497636936344937
201,1.158122013812324
202,1.1500351080111533
203,1.1499593896650633
204,1.1415574566065918
205,1.1398374214674833
206,1.1386019446432345
207,1.1660729073880403
208,1.1592655205731466
209,1.1551388496098414
210,1.5305697252077706
211,1.5154195094937997
212,1.5100589111015417
213,1.8495949688390148
214,1.8358568995193267
215,1.8098651548233704
216,1.812722847099229
217,1.8170815318505689
218,1.8255928820736638
219,1.9405213657022002
220,1.9108002645911943
221,1.9285152859051269
222,2.169403177797846
223,2.15900895516735
224,2.146370415527362
225,1.9052151955235594
226,1.9025438955858762
227,1.885577568217256
228,1.7079142827730718
229,1.705865049433108
230,1.6915710936831507
231,1.4828372790437374
232,1.4743087935051387
233,1.4918300295471258
234,1.716715085194043
235,1.6594269569946698
236,1.6487492074990964
237,2.3221087786260517
238,2.3180470374844666
239,2.199257360953067
240,2.1195383619470003
241,2.113812291811108
242,2.139229024569724
243,4.042743817506942
244,4.162887988946562
245,4.317318952524703
246,1.894080115947967
247,1.9043284729684444
248,1.9004479781025723
249,1.4732813632845028
250,1.4426954784589816
251,1.4584921225757346
252,1.9285151332068455
253,1.9345981820475304
254,1.9211854646031608
255,1.3316119979966696
256,1.275894399502191
257,1.2523149570910566
258,1.1476051424046718
259,1.1381936064998683
260,1.1415099483603293
261,1.1938637152741365
262,1.1931188432776718
263,1.1860254953417424
264,1.3205423826473324
265,1.3040453911976329
266,1.3154921838865659
267,1.7239490530518462
268,1.725213651239017
269,1.7180522387433097
270,1.3915122029213922
271,1.3423815392711083
272,1.3211968806002738
273,2.872690627713739
274,2.918346822270588
275,2.806818416098527
276,2.695771444933626
277,2.6870965012544343
278,2.727951296493486
279,1.1280048154813962
280,1.1254199577604274
281,1.1205564273827864
282,1.539507838268442
283,1.5305871654018437
284,1.5038362507128658
285,1.2054545777592764
286,1.1936042946468
287,1.1810217922625434
288,1.2777797039823704
289,1.278762237677014
290,1.253831449289229
291,1.1868117021376323
292,1.2009106894984118
293,1.202271577480418
294,1.291264189841453
295,1.290542722077503
296,1.28062222502365
297,1.3219964813762524
298,1.29963669261962
299,1.3180871086867136
300,1.1042974438593032
301,1.1065151014020993
302,1.10491929081824
303,1.1838746009446237
304,1.1850529245497634
305,1.1824256075021125
306,1.7760487252885995
307,1.7884425676495053
308,1.8182591502031349
309,1.6885294910138688
310,1.6900328466184953
311,1.718089010438703
312,1.2057996488780318
313,1.2204237082049603
314,1.1906069197418447
315,2.5882999725767863
316,2.609698250618606
317,2.54432519093945
318,2.5446516062440985
319,2.609698250618606
320,2.54432519093945
321,1.1250820832744337
322,1.118842702247163
323,1.1212391808001523
324,1.336190365559601
325,1.3283809519298575
326,1.3325856505064655
327,1.1606160001592984
328,1.1603669570434532
329,1.1629417603269605
330,1.2328082499630963
331,1.2238496652420925
332,1.2269187989473571
333,1.243687450497491
334,1.2400459258481784
335,1.235157228390713
336,1.2642890808321114
337,1.262163935607348
338,1.2697284358284182
339,1.1743863605850358
340,1.1737353658998848
341,1.17435822638937
342,1.1770070471305325
343,1.1743354996995707
344,1.1753780857536347
345,1.1860998845568869
346,1.178893703115008
347,1.1776469694859542
348,1.2391272890987544
349,1.2338144765832875
350,1.2159193216069175
351,1.3343643314482936
352,1.3355402361089133
353,1.3410692775790547
354,1.2189081429046043
355,1.207474687136477
356,1.2141105827237806
357,2.0457609510302985
358,2.125500188290662
359,2.056379771297684
360,1.398224615140568
361,1.3820976352441017
362,1.3893712570152301
363,1.1222171017018634
364,1.1183608686191324
365,1.1244882922205057
366,1.164033350339365
367,1.1606019463633694
368,1.164477886552634
369,1.1441447187114915
370,1.145780117502462
371,1.1407040531474906
372,1.2058571342526372
373,1.21185216604498
374,1.2227395548915618
375,1.1994035125714348
376,1.2139179941127336
377,1.2164963917826177
378,1.1795386819242135
379,1.1852101583117944
380,1.183133626472954
381,1.15974096929676
382,1.1585682410481515
383,1.1565487052833558
384,1.1790752335209487
385,1.1721761568352775
386,1.1682926252210182
387,1.2320256763739432
388,1.2180444813329327
389,1.2229231717208808
390,1.1766668657075001
391,1.1752626053748414
392,1.1782852874258178
393,1.1975451448991152
394,1.2057722159151625
395,1.2105071230265374
396,1.2298088273127954
397,1.2341915302208988
398,1.224654249210457
399,3.294175402668286
400,3.454645304871901
401,3.3433400752449707
402,1.1503360310100557
403,1.1461738467064577
404,1.147021707985672
405,1.1297445456092525
406,1.1323559970907513
407,1.1307279206852017
408,1.2322975299750403
409,1.2465788476324868
410,1.2478469457382397
411,1.1879070612177052
412,1.184396417518006
413,1.1876451724156778
414,1.2484689031345746
415,1.2543405824292573
416,1.2648476011708134
417,1.2855650751486762
418,1.2839344165198123
419,1.268364951671433
420,1.4027513467731971
421,1.4160879111316558
422,1.4386482585478417
423,1.1719872098601618
424,1.172843947027418
425,1.1717283345676195
426,1.1439234794537048
427,1.1394118630409582
428,1.1385447956469004
429,1.1672826086003145
430,1.1632079192651255
431,1.1654484913166432
432,1.211048722167679
433,1.2139329328794357
434,1.2162590016887789
435,1.2544066935177494
436,1.2526669767411815
437,1.2508263952724787
438,1.2220712391113666
439,1.218897393963125
440,1.2295565611382722
441,2.5743913742051228
442,2.5707558897543983
443,2.5315076861658183
444,1.497549695816611
445,1.5342241826524368
446,1.5743235814283028
447,1.1334137593437632
448,1.1283029393872626
449,1.1264915214871072
450,1.164706816814755
451,1.162805986525595
452,1.1646185506442497
453,1.149944079499215
454,1.1454573298043147
455,1.1455598805626261
456,1.2299178245289133
457,1.2376614340920709
458,1.2441297296787581
459,1.2021685242205542
460,1.2060568151599926
461,1.2036392188814249
462,1.3490045495861824
463,1.3345157211382708
464,1.3649588731320141
465,1.5703847450059445
466,1.5802204795619037
467,1.5595998556677533
468,1.892626027195077
469,1.8304974373131744
470,1.8187695864197688
471,2.2301166567717563
472,2.193048761926224
473,2.1915701498576
474,1.8620960041281502
475,1.814358843211469
476,1.779132798839313
477,1.6362857052711857
478,1.6272540249597727
479,1.622759982150779
480,1.7209068019836007
481,1.730909229746573
482,1.7381606606245685
483,1.553318777530344
484,1.5315322491680097
485,1.5130848956068184
486,1.4861583561498615
487,1.4740019594006881
488,1.4905905136674287
489,1.989187093291918
490,1.9870966064878344
491,2.003245200370239
492,2.481057245039638
493,2.439926558780095
494,2.477650301508387
495,1.7849414941371622
496,1.7115732404786286
497,1.6800813536636707
498,1.6569776083138645
499,1.6344753447518827
500,1.6436993507800959
501,1.562521487824004
502,1.5829870106547874
503,1.5919387117649395
504,1.691193412588811
505,1.684602029330851
506,1.6905605140436581
507,1.4217887143847574
508,1.444285187922492
509,1.4434734970664909
510,1.153302839150631
511,1.155414638360289
512,1.151971125956993
513,1.302278642871476
514,1.3286880971701516
515,1.3263271002821357
516,1.6917463469988934
517,1.692955061371757
518,1.6877478174986889
519,1.6871149050353185
520,1.6844156412245996
521,1.6909148272583183
522,1.6947726983606222
523,1.677836125282756
524,1.677775537469197
525,2.5501639536456673
526,2.4922394601359654
527,2.5508947893953975
528,2.578004012151453
529,2.585305133438041
530,2.5270282594351445
531,1.1326253231100105
532,1.1291874623353557
533,1.1266223428481918
534,1.6640714623265211
535,1.6523828798964935
536,1.6584976461633045
537,1.5004261587756667
538,1.5350966882548245
539,1.5621430143172985
540,1.4874609281253324
541,1.4868799144806586
542,1.4955630608852155
543,1.15511700789845
544,1.1560256773426
545,1.1515612037592038
546,1.1216289001787019
547,1.1238709561342681
548,1.1211156492024736
549,1.1645312121414977
550,1.1527649836465834
551,1.1662217704120992
552,1.2897501670821219
553,1.2944801196849434
554,1.2768659459407372
555,1.2304177661714681
556,1.23443408293796
557,1.226730585776784
558,1.8992947319031614
559,1.901568208019883
560,1.8999652684446475
561,2.146925740590335
562,2.1986419892069806
563,2.202142834557326
564,2.1381997063907896
565,2.1165612176302857
566,2.1243505046024844
567,2.337338061016164
568,2.327774027397938
569,2.3610250648061863
570,1.9295489544226458
571,1.9857911706133777
572,1.992306616440427
573,1.101444667102634
574,1.109888671769712
575,1.1068315619237201
576,1.4999920197983845
577,1.485728912088427
578,1.5033069930852774
579,1.5059531834755087
580,1.5210365884232242
581,1.505854924727101
582,1.8478487583236816
583,1.8306719571349022
584,1.8323985143589703
585,1.8136112438601095
586,1.7870094913324706
587,1.822601552564624
588,1.4077536991835353
589,1.4050478616450415
590,1.4027224968031151
591,1.1694323882332849
592,1.1654619864446176
593,1.1689805030354206
594,1.1644831928586805
595,1.1643212451888352
596,1.1613213653024854
597,1.1845339119400586
598,1.1803391038487003
599,1.1793097316566787
600,1.2357461040175222
601,1.2392290019591108
602,1.2351188219076483
603,1.771466731587191
604,1.8429414585540633
605,1.8211041349799415
606,1.2894549703829923
607,1.283721479581604
608,1.2879845327780521
609,1.5023404334238304
610,1.4892782151341197
611,1.4819133018076058
612,1.3529365064459729
613,1.3709723558403495
614,1.3825046836529766
615,1.1113782880106347
616,1.108370057295043
617,1.1047401076050645
618,1.1482598024365154
619,1.1466648796722274
620,1.1496248142314718
621,1.2118742062943049
622,1.2036867002906948
623,1.1948962006408987
624,1.2070133506318341
625,1.213213610847735
626,1.2229470109131608
627,1.200402264521285
628,1.2130783110913521
629,1.2158332412581454
630,1.1643940064200238
631,1.1678701637223918
632,1.1706738116532476
633,1.1578867152029952
634,1.155052552705346
635,1.155969225239537
636,1.170328180234714
637,1.1626170935029432
638,1.1589521179314644
639,1.1901646596207043
640,1.1929065011294748
641,1.1913543744602606
642,1.1584364490768375
643,1.151674887230546
644,1.1546063231650352
645,1.1801180510988731
646,1.177296735190683
647,1.1797997819697226
648,1.1944058347833202
649,1.1984290596455565
650,1.1967533380678501
651,3.078109085992162
652,3.0030028812878227
653,2.992338551938923
654,1.1548645855227933
655,1.157341830432668
656,1.1524263033544355
657,1.1581294699677125
658,1.1571627438326986
659,1.1528397622059523
660,1.222232742029465
661,1.2250165440940168
662,1.222008317539909
663,1.245567554468363
664,1.2535830635554726
665,1.2554497367942556
666,1.2268193682089037
667,1.2253600376051974
668,1.2330075236909088
669,1.2838087118076595
670,1.283071801599454
671,1.2719999618185056
672,1.1978563985970752
673,1.204276243936287
674,1.2090480475500174
675,1.1584454474164954
676,1.1541736192852166
677,1.1486416082313136
678,1.13717513854002
679,1.1336693892318612
680,1.1388502130252434
681,1.1628488536879575
682,1.1585811929871763
683,1.156141181856287
684,1.2134498506227787
685,1.2179304077785618
686,1.2177294726090488
687,1.239871572964638
688,1.2429156830557817
689,1.2439156014181432
690,1.2718252966456343
691,1.2726925721869098
692,1.2720317090962165
693,2.622662140379373
694,2.673154586179124
695,2.78628228780563
696,1.3045818256006818
697,1.2969033714631748
698,1.3074632120942316
699,1.1391798311716126
700,1.1355118841125784
701,1.1328569738425553
702,1.2215170242113034
703,1.237524802204855
704,1.241121949172333
705,1.2136948715680358
706,1.206760389391567
707,1.2066162033013168
708,1.2127685214373827
709,1.2114439325193742
710,1.2089423119222271
711,1.220299535416765
712,1.2240095773033994
713,1.2145957796153048
714,1.494545994925796
715,1.4678892940064403
716,1.4714864115427002
717,1.5513627395527374
718,1.5359492365639138
719,1.548147406717665
720,1.785234287080568
721,1.7595715966848529
722,1.727795488242655
723,1.9211583041372506
724,1.877558355189617
725,1.87212358046844
726,1.7672166810057268
727,1.7604352330827524
728,1.7651067004758745
729,1.6489831495713578
730,1.6584019117830135
731,1.6548198289475813
732,1.7710051356006526
733,1.7613136630778188
734,1.7393641221073977
735,1.4549285335940776
736,1.4489273876359268
737,1.475865088477656
738,1.7727843455689378
739,1.7759510708822968
740,1.7824978007922883
741,1.6406355549012308
742,1.6121808063782985
743,1.6226427841512088
744,3.0332775496960966
745,2.9319646036197216
746,2.924990107028597
747,2.4202077600551632
748,2.418138477130206
749,2.3801555821611173
750,2.088361108359025
751,2.1176005537210805
752,2.125285729049447
753,1.58609790320786
754,1.5889129601329273
755,1.6001028164283762
756,1.0730796920163552
757,1.0684749165097998
758,1.0740877150438735
759,1.1929034874469477
760,1.1930334557134916
761,1.1900681437463911
762,1.1725251694089425
763,1.1708601212614829
764,1.164801771782007
765,1.4207794038609936
766,1.431883384459983
767,1.4424176239481283
768,1.70716330588813
769,1.7035661020492632
770,1.708861105695298
771,1.710370878951094
772,1.7035661020492632
773,1.7159421516291076
774,1.189724765813293
775,1.1961572064261987
776,1.1978597230906947
777,1.197572599904979
778,1.1936274081023361
779,1.1833851028357498
780,1.5276117474182724
781,1.5408506061964222
782,1.5648580620289478
783,1.1587688024973373
784,1.162760871324893
785,1.164397229267963
786,1.546849231066334
787,1.5425119261580604
788,1.56704292402788
789,1.3235329412628305
790,1.3224553440254843
791,1.3224600853911161
792,1.282660215123845
793,1.2883887399272567
794,1.2925826011984745
795,1.1440857781722646
796,1.1422145868132207
797,1.1440720668441482
798,1.0580402958029884
799,1.0580613509547592
800,1.0577021937044917
801,1.215817356233313
802,1.2318136080613673
803,1.24177211485097
804,1.1086654723292124
805,1.1083178954665243
806,1.107080096936903
807,1.4583760795869984
808,1.4386145008274849
809,1.4657455639198544
810,1.8197132825600408
811,1.8018693987682417
812,1.8175018837252248
813,2.144041578540442
814,2.118534343303152
815,2.1243505046024844
816,1.117034790293373
817,1.1155506707326999
818,1.119029237574563
819,1.1290771591542463
820,1.1234860276238698
821,1.1282589450634068
822,1.4921189457820274
823,1.4796369208954452
824,1.5003720830428442
825,1.1780179844994134
826,1.171267698387053
827,1.177962622349651
828,1.7065410602260447
829,1.7162417756646025
830,1.7179829503024326
831,1.5051314546059578
832,1.4319753657692438
833,1.4065504513428515
834,1.7435343738594986
835,1.7446773620803189
836,1.732280666350421
837,1.143016381684314
838,1.1413854776573222
839,1.1419507196752359
840,1.1145309809078403
841,1.115667425878404
842,1.113726895117874
843,1.1446612930625069
844,1.1389141265424785
845,1.136300743718231
846,1.1695168232257198
847,1.1675713112242243
848,1.1742367446635213
849,1.1461071401562015
850,1.1419239867889022
851,1.13619408815452
852,1.2335922698465849
853,1.2374154428594348
854,1.234755810128348
855,1.6707326403017118
856,1.6775033191158726
857,1.669001270781857
858,1.2261382064205204
859,1.2186228726339225
860,1.218524578883878
861,1.1252680622680993
862,1.1244757645055605
863,1.1200865308229602
864,1.1571289871383996
865,1.1602439697224696
866,1.162458255818459
867,1.1365930522522147
868,1.1365434850221097
869,1.1351590337841735
870,1.2164338079869772
871,1.2151007386372008
872,1.2245354004326627
873,1.187315354103114
874,1.192853296321196
875,1.1954448293424236
876,1.294261357903071
877,1.300457668869201
878,1.3109480146017918
879,1.1496450594872483
880,1.153920458458674
881,1.156332930197142
882,1.1758780134653113
883,1.175120073958198
884,1.1799253117247352
885,1.1682791128843402
886,1.1661156630586627
887,1.1672490307833203
888,1.2005736350877012
889,1.2007661731095942
890,1.1980901272642779
891,1.1972713846300784
892,1.2051205934348426
893,1.2057786632886258
894,1.1747534651034837
895,1.1768703007563552
896,1.1807269425342384
897,1.1728616988734548
898,1.1673689980647683
899,1.1678841700010925
900,1.1944710250656239
901,1.1981392436233813
902,1.1982716983153534
903,1.1192395921124931
904,1.1049161217977281
905,1.1061038026943062
906,1.1339114337272655
907,1.134525162617026
908,1.1367850784812235
909,1.3847771065416445
910,1.3963121024664726
911,1.3986950086352097
912,1.238988935160311
913,1.2366295415533215
914,1.2417420765835876
915,1.2974355013492551
916,1.2714190024983971
917,1.2912765373445518
918,1.2362105786230044
919,1.2361986237127331
920,1.2438690290412502
921,1.3227468160219966
922,1.329692050284704
923,1.330604541757331
924,1.1243079573395447
925,1.1211456222812162
926,1.120608749750705
927,1.1590528382452263
928,1.157386106936064
929,1.1575621022333296
930,1.1558532788672706
931,1.1500813322083383
932,1.1462120253639843
933,1.172390483092093
934,1.1746612151735432
935,1.1762775571538222
936,1.2046775052670735
937,1.2120071310478895
938,1.2099035744032571
939,1.2479812099248826
940,1.2502885466434202
941,1.24619527194784
942,1.2217409115102635
943,1.225365700008272
944,1.2330600126988502
945,1.1851303683004009
946,1.1826188819550363
947,1.1805637584662365
948,1.1728443277665854
949,1.1608023582349933
950,1.1581378732951486
951,1.143989846618916
952,1.138479780729518
953,1.1330814588384903
954,1.2324411061211475
955,1.2243272027025598
956,1.222838936317623
957,1.217542259405698
958,1.2228120356093202
959,1.2185509152719616
960,1.2156095037854233
961,1.2131281225060904
962,1.2071101950821792
963,1.2113132254183665
964,1.2069829567658092
965,1.208734204559152
966,1.536496264207969
967,1.5303237246832286
968,1.5367132954866525
969,1.7165404248661367
970,1.7133788805082282
971,1.7188581316764862
972,1.7671876312007593
973,1.7347474399685483
974,1.7259884072339617
975,1.8813289713497898
976,1.8345649604363943
977,1.792090625829881
978,1.701265602257211
979,1.713913455730868
980,1.7243529819808632
981,1.624356070840964
982,1.6407564213926014
983,1.6525314064427414
984,1.671455963954554
985,1.668098421553637
986,1.6650646964487796
987,1.558729255830186
988,1.561714844937411
989,1.5407949805521264
990,1.5632961492919357
991,1.5898524106124097
992,1.5974267553450476
993,2.127644127417583
994,2.1883584165620387
995,2.2283952879267144
996,2.5617062367957075
997,2.5160240435371546
998,2.5890008711629946
999,2.905939271079941
1000,2.7712189649903425
1001,2.888634988569006
1002,2.0511222939242657
1003,2.0480311366718857
1004,2.058790948655688
1005,1.540687916669232
1006,1.552429807045421
1007,1.564742495580583
1008,1.0328810320850332
1009,1.0318423418059115
1010,1.029507965236146
1011,1.1270295549686915
1012,1.1261730956637312
1013,1.1333247555528825
1014,1.1418067068365343
1015,1.1511131063013342
1016,1.1602775553668958
1017,1.291180917533851
1018,1.28165828047428
1019,1.2756121820925823
1020,1.5611971054404832
1021,1.5859967455139794
1022,1.5656609304488902
1023,1.5989716343503124
1024,1.5944976426698845
1025,1.5604696049947548
1026,1.2055341415029812
1027,1.2045229702222873
1028,1.2181377434427105
1029,1.116182506204152
1030,1.1089057694252442
1031,1.1115329456081948
1032,1.1763558853326022
1033,1.1709287898375147
1034,1.1697680529560597
1035,1.1481831647748275
1036,1.1486445922170105
1037,1.1497315608600192
1038,1.3475151712359936
1039,1.3535522741585848
1040,1.3602037915486354
1041,1.2884677118397436
1042,1.2773482189593128
1043,1.2643476526150017
1044,1.154521484604066
1045,1.1601639568151532
1046,1.1559454431668625
1047,1.1368352373090986
1048,1.1298012313588928
1049,1.1252040168965924
1050,1.0335488354104152
1051,1.0369965673877366
1052,1.038719506999111
1053,1.113118537562296
1054,1.1077798992484529
1055,1.1049218855317315
1056,1.080355336676785
1057,1.0847599250396058
1058,1.0868232973165
1059,1.1933820724975672
1060,1.1864718999331905
1061,1.185368046182378
1062,1.4149906562436076
1063,1.4116645090588265
1064,1.4213458540575608
1065,1.2712861892958147
1066,1.2561801634770973
1067,1.2736243442631419
1068,1.1477649868218964
1069,1.1502538970779475
1070,1.1505497834472749
1071,1.0649162125676943
1072,1.0623561255839238
1073,1.066713746139037
1074,1.5170542391389834
1075,1.517532339768682
1076,1.4971368388229762
1077,1.7455966238650378
1078,1.7436290720583445
1079,1.7640460484803424
1080,1.685174477438092
1081,1.6683129801595884
1082,1.6421143027086826
1083,1.8215331314527397
1084,1.8395897841728703
1085,1.8581781567202582
1086,1.3938065215404782
1087,1.367110742182622
1088,1.3813446051980252
1089,1.1828737893576187
1090,1.1702014807544814
1091,1.1760768118032465
1092,1.1019417120357462
1093,1.0973526403452964
1094,1.09814964529716
1095,1.1536896140512771
1096,1.1477344271626209
1097,1.148464774786046
1098,1.133267730016781
1099,1.129623284411816
1100,1.1343594937388775
1101,1.163470100893341
1102,1.1696377598514383
1103,1.1644534707674725
1104,1.1879259081062585
1105,1.1862035482305786
1106,1.1801075892244004
1107,1.2049356283440282
1108,1.1993163228820205
1109,1.1856579374785947
1110,1.1876853012856239
1111,1.1804102377250307
1112,1.1800135937351126
1113,1.106659883805561
1114,1.1074232985333565
1115,1.1078350834188295
1116,1.1427622162931537
1117,1.14031278889778
1118,1.139934863739905
1119,1.1296742050305386
1120,1.1267121097116672
1121,1.121479440894129
1122,1.1874054387992719
1123,1.1884869551349473
1124,1.177469204462311
1125,1.1786107208469654
1126,1.1651926994295803
1127,1.1636552348575728
1128,1.152865027275792
1129,1.154672093380854
1130,1.1545213721301417
1131,1.1411377187395828
1132,1.1369283752542483
1133,1.1330647883404081
1134,1.2104868347731432
1135,1.215358795665422
1136,1.209097325030117
1137,1.202117082720691
1138,1.2071770254644294
1139,1.209517473203631
1140,1.1942612523117877
1141,1.1847967536146125
1142,1.1777008142600645
1143,1.4126328787795337
1144,1.3853752302929598
1145,1.3565140382779681
1146,1.3252773459128606
1147,1.2728504196058632
1148,1.3225209622778746
1149,1.2087207030699743
1150,1.2152807527159748
1151,1.2089685072915743
1152,1.2243321484023186
1153,1.2165358635178214
1154,1.2277805287431474
1155,1.2038336131206582
1156,1.1814792160496073
1157,1.1888621598227473
1158,1.1809262071851094
1159,1.1858635284558128
1160,1.1905312896235
1161,1.1610784426564775
1162,1.1629167101796989
1163,1.1623459413655886
1164,1.450998976908008
1165,1.3928751300910922
1166,1.4155073456895662
1167,1.5204958502429733
1168,1.5105110874627778
1169,1.5299773288386502
1170,1.2430473608199448
1171,1.2492306546417469
1172,1.2320394167258535
1173,1.3000863771633773
1174,1.3112497460830403
1175,1.3133050420440018
1176,1.0898547862104409
1177,1.084438702131525
1178,1.0859874466405248
1179,1.1634406595989213
1180,1.158839504705708
1181,1.1579496516913086
1182,1.1431409627748985
1183,1.1441490399141907
1184,1.1446360037616858
1185,1.1885774002626457
1186,1.186705322726227
1187,1.1824746880507173
1188,1.1824934172277834
1189,1.1763961249155492
1190,1.1755235967051862
1191,1.2165036135033347
1192,1.2180610896932387
1193,1.2191027650368782
1194,1.1924606813607426
1195,1.1971306020551877
1196,1.1958358400062152
1197,1.1336236894229448
1198,1.1335691617183055
1199,1.136930662549207
1200,1.1472621579819269
1201,1.140407292385275
1202,1.1379612104715058
1203,1.1525900970439356
1204,1.1480947850009673
1205,1.1491889763605887
1206,1.2103702986484846
1207,1.204958986140181
1208,1.2045293012396034
1209,1.1599330663168448
1210,1.1508916094576869
1211,1.1481229203206502
1212,1.2095003944395228
1213,1.2070881991270537
1214,1.203893572392129
1215,1.1770235621504217
1216,1.176047074588523
1217,1.1753593498122095
1218,1.6330197930132335
1219,1.6354232100967248
1220,1.6251419834587728
1221,1.7264485177305937
1222,1.7374514446526992
1223,1.7456352624297353
1224,1.928133019303647
1225,1.8872473382748178
1226,1.8352954322942945
1227,2.178901099659368
1228,2.1805715507386996
1229,2.2053635921613175
1230,2.1817110914826006
1231,2.2007586421398595
1232,2.202339611803808
1233,1.7983141356465484
1234,1.7894264920935945
1235,1.7940260286564895
1236,1.6317883305981293
1237,1.6448859886895475
1238,1.645708982180703
1239,1.4770295949927585
1240,1.468270768173911
1241,1.4777165164583972
1242,1.739897954469862
1243,1.7424556719439335
1244,1.7554897565165306
1245,3.1873764775447144
1246,3.0548311119573652
1247,3.0935053076764234
1248,4.648879231001218
1249,4.873962001603014
1250,4.812003592172453
1251,3.8880341663684344
1252,3.8361054444121994
1253,3.8935648082340757
1254,2.059136646218021
1255,2.1056808829172735
1256,2.08037568282473
1257,1.6502669609826526
1258,1.6262989058163255
1259,1.6337529594523919
1260,1.819745870523362
1261,1.816773294387121
1262,1.8122379196222944
1263,1.370387867454869
1264,1.339425478857894
1265,1.3288520682636347
1266,1.1433276201553322
1267,1.1296923899568139
1268,1.1277685903794819
1269,1.2885618255647022
1270,1.305492108734644
1271,1.3194326378421946
1272,1.7085297159401502
1273,1.7055490116382404
1274,1.716051020844018
1275,1.7449198657958727
1276,1.7473087374245562
1277,1.7361506529987742
1278,1.6654748309951433
1279,1.666442733503969
1280,1.6396708899243064
1281,2.933656674572169
1282,2.918346822270588
1283,2.806818416098527
1284,2.8062193714215136
1285,2.865777631241982
1286,2.806818416098527
1287,1.1515828802579575
1288,1.1467466639349309
1289,1.1456449629637555
1290,1.8448846089165725
1291,1.9025608198951844
1292,1.9793563394625455
1293,1.3413950860029005
1294,1.3362736910800592
1295,1.3305744066150895
1296,1.5101435533653829
1297,1.5327728316534632
1298,1.5185789906753966
1299,1.2155536904988
1300,1.2060462545137844
1301,1.2050046546150002
1302,1.4598198107523037
1303,1.451033404748344
1304,1.4745878421154435
1305,1.1765880681024852
1306,1.1780636348037825
1307,1.1712636700283183
1308,1.1362000346180898
1309,1.1418340819149164
1310,1.1419998478468805
1311,1.4592672610464328
1312,1.4335162296263528
1313,1.4172660108076327
1314,1.6517300312370802
1315,1.6490840445875203
1316,1.6400422504233005
1317,2.1477861239954
1318,2.1895468228233064
1319,2.193066748128165
1320,1.4021222748160427
1321,1.4073377635791846
1322,1.4194567505148075
1323,2.538489617492189
1324,2.609698250618606
1325,2.54432519093945
1326,2.2467161313162824
1327,2.281723097793404
1328,2.2909248966104783
1329,1.2975136988713183
1330,1.2420027039417305
1331,1.2438444953124297
1332,1.6280219876986977
1333,1.6087369641729177
1334,1.6114977315512338
1335,1.2430315129833052
1336,1.2348925433384579
1337,1.2330381666668822
1338,1.5136366865928979
1339,1.5208727750003603
1340,1.5038962171576904
1341,1.151934970239983
1342,1.1492029935312584
1343,1.1526171389587767
1344,1.7438325580442582
1345,1.7069122894766282
1346,1.7207415791333058
1347,1.1820332662507733
1348,1.1775644019921954
1349,1.1756679835416677
1350,1.148142187560565
1351,1.145189514415962
1352,1.1464385643363504
1353,1.1932017997234678
1354,1.1930285466937147
1355,1.1895337865541098
1356,1.1969682161732969
1357,1.1983527186030432
1358,1.1861923097623464
1359,1.4340550850350164
1360,1.4731407847611162
1361,1.4780103259767639
1362,1.212834772575451
1363,1.2052338693593172
1364,1.2066441828657215
1365,2.0180496781947257
1366,2.125500188290662
1367,2.0456918502153147
1368,1.4862398213762236
1369,1.4963535018737875
1370,1.4837481542028421
1371,1.134249902782557
1372,1.1325924843546802
1373,1.1346139993427218
1374,1.153192060554936
1375,1.1550781519472408
1376,1.1590182345865707
1377,1.1378281984914473
1378,1.138877240416732
1379,1.1398207633043487
1380,1.2555295213795785
1381,1.2541737918132334
1382,1.261902495985436
1383,1.1933010094501648
1384,1.1879024975957684
1385,1.1765104771277037
1386,1.2088812665137012
1387,1.2160558550774356
1388,1.2256021001701205
1389,1.149194382341619
1390,1.146662189429159
1391,1.14103260018587
1392,1.1693000169804246
1393,1.160331565910289
1394,1.1613230508155294
1395,1.165245555184428
1396,1.1618627156222967
1397,1.1575319566811277
1398,1.1765465279873584
1399,1.1730157563107628
1400,1.1714702928558718
1401,1.1819054826420283
1402,1.1796983430201822
1403,1.1759635851023569
1404,1.1905704742119674
1405,1.1886109604479826
1406,1.1897621292174
1407,3.3166062724003007
1408,3.4407923950822887
1409,3.3433400752449707
1410,1.1627837552140856
1411,1.1580751743049615
1412,1.1541700199215084
1413,1.2251760621568768
1414,1.2237095964916378
1415,1.2204991665603293
1416,1.2245255784008355
1417,1.2261259240927864
1418,1.2280256312030096
1419,1.2866727927650108
1420,1.26411718205316
1421,1.2510886738651508
1422,1.245862502905981
1423,1.257384675927194
1424,1.2655966064470432
1425,1.2616224279677675
1426,1.259650987954139
1427,1.270455274085594
1428,1.3401808142937932
1429,1.3286441182657964
1430,1.3353635110104287
1431,1.1766947404692183
1432,1.1785096202409324
1433,1.1808365847048214
1434,1.1521849054196034
1435,1.1575138793188644
1436,1.1666752618379064
1437,1.147952735994227
1438,1.1554687720232135
1439,1.1566168624152076
1440,1.1854433195006022
1441,1.186268193693545
1442,1.1882028061490832
1443,1.2310928184385659
1444,1.2274990746279357
1445,1.2259711911972577
1446,1.2766527650733097
1447,1.2741006566949058
1448,1.273742802819994
1449,3.9735586175184654
1450,4.224657348501942
1451,4.200117368162935
1452,1.3738567649199604
1453,1.3218728917336935
1454,1.3362924396409044
1455,1.1401955121378338
1456,1.1475527062694446
1457,1.1612280674657431
1458,1.1906848405643677
1459,1.1892797932942267
1460,1.1947101215813196
1461,1.1803645942700909
1462,1.1694055952535722
1463,1.1677340613067257
1464,1.1886110983771236
1465,1.1821159905968301
1466,1.1732669589220646
1467,1.1885939394801253
1468,1.1822615610947282
1469,1.1765182719972522
1470,1.5277443321714608
1471,1.5172904185354898
1472,1.5226325526708073
1473,1.5592403850964431
1474,1.537796635972335
1475,1.5509291194071313
1476,1.7228830433199622
1477,1.7198621833782566
1478,1.7260595308017472
1479,1.9145804542777918
1480,1.863347052650921
1481,1.8183732481885135
1482,1.8769786665583637
1483,1.8265407794147746
1484,1.7915127768389427
1485,1.6809952162700146
1486,1.6710936932066112
1487,1.6595835794998781
1488,1.5860106729840031
1489,1.5938070793393435
1490,1.6003840477877793
1491,1.6373091280805192
1492,1.713912148705821
1493,1.71128586726042
1494,1.5447332105592155
1495,1.5396076067833948
1496,1.5425718877493904
1497,2.1188154515592297
1498,2.11632140779519
1499,2.182795352577878
1500,1.8767360990878221
1501,1.906996521981168
1502,1.95207155069596
1503,1.9235634518122855
1504,1.9203615864670622
1505,1.9659190045099173
1506,2.1293447759687267
1507,2.054843568036969
1508,2.0510852434754234
1509,1.6249580391355074
1510,1.632512389173117
1511,1.6696723560369329
1512,1.8205247641559132
1513,1.8100882322460714
1514,1.8049461841858392
1515,1.2183717259929852
1516,1.2068174401372045
1517,1.201835235861975
1518,2.121646380437227
1519,1.9947164360102254
1520,2.003625449610989
1521,1.5879822665474654
1522,1.5951110407106934
1523,1.5681773265761094
1524,1.8514746699638405
1525,1.8555546749225915
1526,1.8608004481486278
1527,1.7628948794566193
1528,1.7550963821110641
1529,1.7575085560739132
1530,1.5239825473171373
1531,1.552450795104008
1532,1.5654320867561706
1533,2.38252976199148
1534,2.367615357955317
1535,2.331892829711221
1536,2.3446082036185447
1537,2.3177818243462007
1538,2.3380764955549713
1539,1.1674711881403614
1540,1.1650176845730824
1541,1.1680101533667828
1542,1.6704070821427106
1543,1.6537314731350126
1544,1.6520404199692844
1545,1.3068359313002627
1546,1.3093807801598816
1547,1.292480117275499
1548,1.2699072177683102
1549,1.2804149611314815
1550,1.2678757066440363
1551,1.3615266283151768
1552,1.360032540803201
1553,1.3729360486781044
1554,1.2516095380813248
1555,1.2458827834897117
1556,1.2642586053372054
1557,1.3437912084055648
1558,1.3405339885025729
1559,1.3193965811740092
1560,1.1098802927639373
1561,1.1117227564489571
1562,1.1137579164879678
1563,1.4884562783579467
1564,1.482459091348635
1565,1.4707335635850944
1566,1.89034230276175
1567,1.9124299365152722
1568,1.9105495303775468
1569,2.109400550670109
1570,2.0846553934858045
1571,2.1087737385342495
1572,1.6044309589462786
1573,1.6042899135470092
1574,1.6224959703901414
1575,2.538489617492189
1576,2.609698250618606
1577,2.54432519093945
1578,2.1133679897092206
1579,2.1672578535954403
1580,2.1599508548673807
1581,1.1460029628064012
1582,1.1500394500623825
1583,1.1482996206120393
1584,1.5733413771449043
1585,1.5529905631619663
1586,1.5382492923890627
1587,1.8494594900225167
1588,1.867993439305185
1589,1.8739160345276507
1590,1.7165050266754973
1591,1.7250350579015343
1592,1.710103134518338
1593,1.1507380709200126
1594,1.145980187819774
1595,1.142441091456421
1596,1.5307595439096884
1597,1.525757630945144
1598,1.5533175257626668
1599,1.2578982563486167
1600,1.2571730043415508
1601,1.2591320102208041
1602,1.1694547752839703
1603,1.1676294294725804
1604,1.1758539736426845
1605,1.2137550949340106
1606,1.2047684674513386
1607,1.2036267176361353
1608,1.429421833369416
1609,1.4327443702079987
1610,1.4269917167366886
1611,1.5240781958854526
1612,1.5233485531902902
1613,1.563559092679058
1614,1.2297863574923977
1615,1.234659170646058
1616,1.2340470626849371
1617,1.9085715389652818
1618,1.9834178290671116
1619,1.8779440757527572
1620,1.3667289007519836
1621,1.3586504682252467
1622,1.341861987610511
1623,1.112207949406106
1624,1.1112166883960362
1625,1.1066841599639827
1626,1.1754585457997726
1627,1.1711324570292128
1628,1.1681822490965361
1629,1.2163869823681517
1630,1.2067067295837413
1631,1.1960798036595257
1632,1.2354474915883784
1633,1.2442128146381566
1634,1.2379601767834891
1635,1.1990556046689707
1636,1.2105616303034425
1637,1.2185286218230948
1638,1.1595649946090942
1639,1.1560665464534101
1640,1.1551332945390342
1641,1.4470790016991684
1642,1.424433955790178
1643,1.4047585992319953
1644,1.2022428723998573
1645,1.2010837934247043
1646,1.199045959465114
1647,1.187680291895293
1648,1.1817264388111988
1649,1.1778542519281872
1650,1.1690123584376975
1651,1.1663275317665167
1652,1.1651218276857633
1653,1.2238897213834214
1654,1.2168684828218104
1655,1.2224822630589964
1656,1.1975413620170594
1657,1.2093389856334908
1658,1.2094637398954158
1659,1.579275090832216
1660,1.5840176673851236
1661,1.5199967045956233
1662,1.3923778762539927
1663,1.4619778426531977
1664,1.4570260969771602
1665,1.2062968449587705
1666,1.2016036206446175
1667,1.2014550771485328
1668,1.7626672034499595
1669,1.7793978264322166
1670,1.7992280902900117
1671,1.207471024607747
1672,1.2100410285384078
1673,1.2121697192417444
1674,1.2023110840187199
1675,1.2019549406918468
1676,1.2026620076970038
1677,1.3188452523076495
1678,1.3284133656939567
1679,1.3219920497848812
1680,1.17919891761839
1681,1.172888115995032
1682,1.1741961995891363
1683,1.1641181813893013
1684,1.1581317806348712
1685,1.1582959048838213
1686,1.1549991306772662
1687,1.153841881476289
1688,1.1510733544673803
1689,1.1989139104375752
1690,1.1993078567628686
1691,1.198954924654661
1692,1.2440117693895776
1693,1.2396806872002395
1694,1.2389506898556126
1695,1.2925233369917395
1696,1.292153442239882
1697,1.2925017911834091
1698,1.2638170116235004
1699,1.267169305599542
1700,1.2677376161937168
1701,2.566111103109945
1702,2.517816169277185
1703,2.447612006635801
1704,1.267700636147882
1705,1.2714084123745462
1706,1.2698020351707087
1707,1.1271660298740336
1708,1.1232097834473047
1709,1.123223663948389
1710,1.1520647763305898
1711,1.1466804904417283
1712,1.1453314686316245
1713,1.148848397315969
1714,1.1439497831067127
1715,1.140448119757607
1716,1.1907933159812927
1717,1.1770382279276406
1718,1.169935793882787
1719,1.2240159524652716
1720,1.2272762906563965
1721,1.2175422382158034
1722,1.56403477439028
1723,1.584832123153988
1724,1.5660573329734595
1725,2.22698680498521
1726,2.2604518704568606
1727,2.31099769054522
1728,1.739771654121272
1729,1.731341123155075
1730,1.7309661886786496
1731,1.833921263341729
1732,1.803867166074682
1733,1.8277569223928185
1734,1.6922545491638619
1735,1.6864079240767742
1736,1.6704876654046825
1737,1.6479784174486682
1738,1.6652459636881773
1739,1.6812710462487592
1740,1.7211221702697277
1741,1.7150567484943453
1742,1.7113716756080073
1743,1.5166582731503608
1744,1.589861326986019
1745,1.588609554980982
1746,3.7365404882663653
1747,3.976689237761848
1748,4.099770363565639
1749,2.720523206385701
1750,2.725237885975847
1751,2.6719923985452527
1752,3.3641128540336727
1753,3.138919878012449
1754,3.209336261169732
1755,1.8682332438990978
1756,1.7589217474493315
1757,1.7364728996514984
1758,1.6679848211697954
1759,1.6415477325656198
1760,1.6331306990556913
1761,1.8307909495893266
1762,1.806453440947768
1763,1.8325188467629074
1764,1.6412175698708633
1765,1.604738166552925
1766,1.616077329669631
1767,1.341523840167427
1768,1.3345580425676218
1769,1.3233548954844319
1770,1.170621208532273
1771,1.169293634753498
1772,1.1692684204965378
1773,1.4403398695124585
1774,1.4395058327145196
1775,1.4426073461975137
1776,2.003354296912503
1777,2.024420994263514
1778,2.0014028433692856
1779,1.7140387975995435
1780,1.6977812439091928
1781,1.6870864836248705
1782,1.3999502664128747
1783,1.4099083191867394
1784,1.4006222653191223
1785,2.9069852711777977
1786,2.892548177222814
1787,2.806818416098527
1788,2.1176745859359305
1789,2.1927184183283464
1790,2.0825418176961548
1791,1.22734200263684
1792,1.2333235607033637
1793,1.2280840809956328
1794,1.3955528775257084
1795,1.4112000767196413
1796,1.4240543262889098
1797,1.251307419539749
1798,1.2395447266823854
1799,1.2343033383512576
1800,1.648920008717929
1801,1.630411049101557
1802,1.6076597093019163
1803,1.276438845315104
1804,1.2789384629901057
1805,1.2534481870531333
1806,1.3454020469107615
1807,1.3474911394497673
1808,1.3019672164416265
1809,1.4204197562034262
1810,1.4135763525063523
1811,1.4213024254253273
1812,1.1904771112131987
1813,1.1822439314658082
1814,1.173624240958103
1815,1.9806862435333215
1816,1.9519895742743254
1817,1.9334691263485304
1818,2.050251052967542
1819,2.0838197148495516
1820,2.104525924785466
1821,2.3016170475758555
1822,2.2833427754824536
1823,2.284969273123742
1824,2.157833813177131
1825,2.193240880696529
1826,2.180425432647757
1827,2.5882999725767863
1828,2.609698250618606
1829,2.54432519093945
1830,2.0632551813433233
1831,2.1040577441627537
1832,2.1177424113569057
1833,1.2804396004894085
1834,1.2946829853466377
1835,1.2927923333632192
1836,1.516486362945203
1837,1.4912332828159474
1838,1.493016619742957
1839,1.4143241451372772
1840,1.4210945959669166
1841,1.4160638156798535
1842,1.5824359537844026
1843,1.5932270566309599
1844,1.579169338338612
1845,1.1598648692831823
1846,1.160263052425437
1847,1.1619354029886686
1848,1.451094526571539
1849,1.45746664391699
1850,1.4328329604516574
1851,1.2071091727811285
1852,1.196097779089119
1853,1.1879797764277935
1854,1.166633019674272
1855,1.1677520094183662
1856,1.1648738585988885
1857,1.31396828923757
1858,1.312099060840017
1859,1.3404715679847652
1860,1.2883673677147711
1861,1.2849309141463732
1862,1.292624272867091
1863,1.764243173200978
1864,1.8429414585540633
1865,1.8425852041043154
1866,1.2140940990626048
1867,1.2060909769593318
1868,1.2098258472786374
1869,1.9031084778967433
1870,1.9827710066189461
1871,1.8779440757527572
1872,1.2035094359345115
1873,1.2164358477399102
1874,1.216500443471153
1875,1.12239601682358
1876,1.1226042976687967
1877,1.123429639677416
1878,1.164553923358825
1879,1.1619755678183659
1880,1.1631503787259925
1881,1.2561245261636806
1882,1.2510773523404393
1883,1.256693381610958
1884,1.3240664836191853
1885,1.3257392885666777
1886,1.3327338836133955
1887,1.2260276692559373
1888,1.2142591851308426
1889,1.221519376199303
1890,1.1631004299006895
1891,1.1612217424917914
1892,1.159509218308954
1893,1.2169016402989674
1894,1.214914947011137
1895,1.2017537974703312
1896,1.216368083493148
1897,1.2115468715680202
1898,1.2022451352263581
1899,1.1754427837443362
1900,1.1708720276069902
1901,1.1718452766646688
1902,1.1947775826599623
1903,1.1980739058136711
1904,1.1940603008679636
1905,1.1874282685644246
1906,1.1845772071520289
1907,1.1808587105242723
1908,1.1884529079678294
1909,1.1892457738777447
1910,1.1909785907042825
1911,2.653014941219211
1912,2.4930587008891525
1913,2.3086407486478095
1914,1.194031025823243
1915,1.1806380459685921
1916,1.1760425620025043
1917,1.237856331974073
1918,1.2422615060835314
1919,1.2407161159606344
1920,1.2129784002811448
1921,1.212454475267509
1922,1.2209276257436632
1923,1.243320379471068
1924,1.2451120379621352
1925,1.2421106724812614
1926,1.2179189619981519
1927,1.2230707220863568
1928,1.222766937867843
1929,1.2682665650718028
1930,1.2610255203321563
1931,1.2614521775458212
1932,1.1860794887869133
1933,1.1799083654367455
1934,1.1762638145037891
1935,1.1750328046313543
1936,1.1772220966175009
1937,1.1789202524837301
1938,1.1487503902652745
1939,1.1552292495466487
1940,1.1563740467390582
1941,1.1840496089709776
1942,1.178104763402968
1943,1.1748795872270885
1944,1.2036052020900296
1945,1.204966182656505
1946,1.2093463659823822
1947,1.3177159474680882
1948,1.3163002354316395
1949,1.3253557021132176
1950,1.2184034190459783
1951,1.2182624521056065
1952,1.2171275408781272
1953,2.087661477895076
1954,2.1351851526558847
1955,2.2329652706093217
1956,1.3315716379266658
1957,1.3257920975638222
1958,1.3330411598152696
1959,1.12844897666875
1960,1.1268417584144643
1961,1.1263558794244286
1962,1.1823579081907667
1963,1.1709979695314898
1964,1.1636100734431865
1965,1.1689574808677496
1966,1.166515398503273
1967,1.160832943867214
1968,1.2271681591218622
1969,1.2325780276052782
1970,1.2331526636464576
1971,1.2044859092061146
1972,1.1992914454590466
1973,1.1964135579441544
1974,1.7139018667435328
1975,1.697406987158534
1976,1.6885125832406689
1977,1.9027503204417757
1978,1.8922417955972604
1979,1.8904566715784057
1980,2.109442451976405
1981,2.157697960224823
1982,2.1866586606956986
1983,1.8701211899129473
1984,1.8307463958766164
1985,1.812153561382472
1986,1.8079981914054097
1987,1.7478934327751263
1988,1.718829481507872
1989,1.6217990221220848
1990,1.6697376595509832
1991,1.7038689181020101
1992,1.8076239482850964
1993,1.7832103268070871
1994,1.8116625798071082
1995,1.554282014396663
1996,1.6129791006561454
1997,1.6569159027596176
1998,2.3889893007203375
1999,2.3685328716744927
2000,2.3586317153449667
2001,2.9581202367734414
2002,2.728790273940289
2003,2.590557384256149
2004,3.929413991485345
2005,3.8059668306320154
2006,3.709217132141757
2007,3.261499797768145
2008,3.1012721110652253
2009,3.1530170304178746
2010,2.0839220042323303
2011,2.099516701332033
2012,2.0724700220275176
2013,1.563514948615155
2014,1.5707840428268809
2015,1.589474220100236
2016,1.8242661616013343
2017,1.8048683720541248
2018,1.8049910053030085
2019,1.3372860416108374
2020,1.3573029075697627
2021,1.3792080555529875
2022,1.1903431815813503
2023,1.1931759129925443
2024,1.194866846352006
2025,1.7563738746221866
2026,1.7567895802016926
2027,1.7630641552604358
2028,1.7290660931593207
2029,1.720679708285242
2030,1.723774567598317
2031,1.8604773731928912
2032,1.8344457936076068
2033,1.8131832179461944
2034,1.7011419985034077
2035,1.697673300140983
2036,1.6963448952871842
2037,2.5967751050493737
2038,2.6348591796342324
2039,2.6690203594888446
2040,2.668750222150786
2041,2.6528055730160047
2042,2.669616435256727
2043,1.2334207012313378
2044,1.2177379764955274
2045,1.2023310163859222
2046,1.7547745121242941
2047,1.8214766837192842
2048,1.818150938545238
2049,1.6760767614248633
2050,1.6459592637870213
2051,1.654277076594466
2052,2.6499634388969446
2053,2.683242532974283
2054,2.7186504094523207
2055,1.3045234595010928
2056,1.3220938396402857
2057,1.3231794026829942
2058,1.3170018564570813
2059,1.2931152937940296
2060,1.2568472551840253
2061,2.3016170475758555
2062,2.283656058398052
2063,2.284969273123742
2064,1.2239448286875731
2065,1.2266165380482787
2066,1.2256812595781892
2067,1.6680496830428566
2068,1.666715510573242
2069,1.6235322527438505
2070,1.6106264116515334
2071,1.6217849091793144
2072,1.6102593811846342
2073,2.227997630577652
2074,2.224546683687073
2075,2.2299201467790475
2076,2.3016170475758555
2077,2.3176169159865045
2078,2.284969273123742
2079,2.525487677079513
2080,2.609698250618606
2081,2.54432519093945
2082,2.0759478806232186
2083,2.0669397564939196
2084,2.042626391740252
2085,1.2944805894991664
2086,1.2880941530794643
2087,1.2911202962375807
2088,1.9014760365855166
2089,1.8923787108941965
2090,1.9391107748500243
2091,2.1973561439153375
2092,2.1625791140887687
2093,2.1457607090631794
2094,1.6703148618389696
2095,1.6486589684621573
2096,1.6371441910532418
2097,1.315274195535003
2098,1.3275698140293601
2099,1.334554138745322
2100,1.5216364594308345
2101,1.5401720092127806
2102,1.5385205689320158
2103,1.2675707056664078
2104,1.2722595464883655
2105,1.2794772873392206
2106,1.1514698262656293
2107,1.153012693758559
2108,1.1553026208361157
2109,1.2337592771097459
2110,1.2238140426210122
2111,1.2176385622201014
2112,1.7351232819346127
2113,1.6885674160753317
2114,1.6942690943847154
2115,1.7972156345010595
2116,1.8225748684211145
2117,1.8425852041043154
2118,1.6243464785169959
2119,1.6231457475145559
2120,1.586378353394404
2121,1.8848494974724448
2122,1.820299862774395
2123,1.835432384522034
2124,1.2213372186517664
2125,1.2080011004557922
2126,1.1940424002616907
2127,1.1525242333198078
2128,1.1509279475067444
2129,1.1497853205660316
2130,1.374614788919443
2131,1.376538068947667
2132,1.3811809210561539
2133,1.3134453555844092
2134,1.3113003364805673
2135,1.311983810578682
2136,1.3392686234586666
2137,1.3150079255118754
2138,1.3311727034070064
2139,1.2147669504836995
2140,1.2107079257274742
2141,1.217452587167696
2142,1.183476317790699
2143,1.1789198729785226
2144,1.176884439178083
2145,1.181244509427379
2146,1.190007599574513
2147,1.1876387426388089
2148,1.373964615312788
2149,1.3239033125607673
2150,1.3268289709016554
2151,1.8742158146835737
2152,1.8755507927498238
2153,1.8492587901496846
2154,1.208148549975297
2155,1.2035870291239268
2156,1.191322509183897
2157,1.189923510456178
2158,1.181769071712666
2159,1.1816281969376525
2160,1.1921933357679309
2161,1.1976852591993081
2162,1.197617250473032
2163,2.0246327268224116
2164,2.0723184822862675
2165,2.1333385724238605
2166,1.2244196766130582
2167,1.2202215248100523
2168,1.2306743090216639
2169,1.741818567655498
2170,1.7556687082081806
2171,1.8623320202185705
2172,2.3459930810058047
2173,2.4608495948537223
2174,2.2241732350660834
2175,1.1993280834163542
2176,1.2035068984467703
2177,1.202475526764064
2178,1.2098914650126549
2179,1.2129042410374682
2180,1.2231412667212
2181,1.217701386554265
2182,1.2214757406001142
2183,1.218351759834024
2184,1.1966254853067269
2185,1.1992485005270963
2186,1.196602995883278
2187,1.1827699235964737
2188,1.1760840099772958
2189,1.1735545772885085
2190,1.1668688648084748
2191,1.1597124959313232
2192,1.1567847960112827
2193,1.1899747583210079
2194,1.187134215654425
2195,1.1859605678898468
2196,1.224608033505043
2197,1.2200760266196584
2198,1.2246159375191135
2199,1.2972916395431147
2200,1.2942837345996718
2201,1.291872473598076
2202,1.264604235174207
2203,1.2648046355441436
2204,1.2654135101470039
2205,2.199987407922884
2206,2.0222474601799263
2207,1.9323571794885546
2208,1.404063230997426
2209,1.420467014914756
2210,1.3825032589241162
2211,1.1228084465456913
2212,1.1232385821355748
2213,1.132254726080814
2214,1.2383623388774945
2215,1.2664602591484724
2216,1.2501766103307452
2217,1.2068884655356664
2218,1.2110842027666702
2219,1.2097156196913466
2220,1.2199821139809433
2221,1.2236045315321307
2222,1.2231555126754667
2223,1.2227992756252448
2224,1.223878069313065
2225,1.2172442868610658
2226,1.6832314451189099
2227,1.7158287448223337
2228,1.7439428269210808
2229,2.824083036031869
2230,2.862084598021417
2231,2.9387481247369016
2232,3.5295008387286346
2233,3.547755314951129
2234,3.6567174961992364
2235,3.5060378375257413
2236,3.5446409098546328
2237,3.6567174961992364
2238,1.8075160007773856
2239,1.7525050795427073
2240,1.725200691390803
2241,1.7237338353480696
2242,1.7134047882366623
2243,1.7131174897973118
2244,1.7908127291405649
2245,1.7897937409691722
2246,1.796324032271177
2247,1.9123360068123094
2248,1.9095330885420856
2249,1.939243097048463
2250,4.594971876773279
2251,4.764063476224336
2252,4.915736849348077
2253,8.155664723167314
2254,8.467138426575476
2255,8.507704963625896
2256,6.660600695506536
2257,7.331705860363468
2258,7.4566748467131205
2259,3.9522137426874884
2260,3.7258970487244945
2261,3.603769109746456
2262,3.5559374770728467
2263,3.6147848228684905
2264,3.4145428506175017
2265,2.3013728567215694
2266,2.246534145611211
2267,2.2127644347340194
2268,1.137501049588489
2269,1.1386411591156258
2270,1.1414895901110917
2271,1.529856117092472
2272,1.54388089357617
2273,1.542300848083969
2274,1.2115086440067087
2275,1.2056623572579785
2276,1.2092528893538652
2277,1.6451806513673382
2278,1.6795415497964548
2279,1.6901370818917991
2280,2.0736248698122037
2281,2.024420994263514
2282,2.0014028433692856
2283,2.003354296912503
2284,2.024420994263514
2285,2.0014028433692856
2286,1.4076359806642542
2287,1.4066026812120818
2288,1.4103499766524854
2289,1.5316913247259845
2290,1.5468980542046296
2291,1.5615106274607364
2292,1.6509318559586639
2293,1.6168081841249953
2294,1.5875483880432422
2295,1.3053224714422966
2296,1.3115842954512864
2297,1.284560415936743
2298,1.7663411257804307
2299,1.8208546250090374
2300,1.8252080225433405
2301,1.4245177861854137
2302,1.411406826127208
2303,1.4240543262889098
2304,1.273157238239625
2305,1.2743159800951653
2306,1.2634950067197217
2307,1.2241975152044489
2308,1.2276854771889523
2309,1.2321115674740062
2310,1.1713644238053331
2311,1.194802270129222
2312,1.1942782572774358
2313,1.7297562433895164
2314,1.7567416230109838
2315,1.7463202549359602
2316,1.469789842438445
2317,1.4871915239884304
2318,1.4756767072766337
2319,1.9815345387287877
2320,1.9855517670197527
2321,1.9905795974201446
2322,2.3016170475758555
2323,2.2858362652195607
2324,2.284969273123742
2325,2.3016170475758555
2326,2.3176169159865045
2327,2.284969273123742
2328,1.2921774626489888
2329,1.2894850049141606
2330,1.2719304158980256
2331,1.4205030728083476
2332,1.4265384039888434
2333,1.4106153174635245
2334,1.8712794516948936
2335,1.8587484060409565
2336,1.8544328380380672
2337,1.7278057046007134
2338,1.7383679010279833
2339,1.7443743773612672
2340,1.924922825895723
2341,1.9826040068317112
2342,1.9516488351500592
2343,1.9770694842402594
2344,1.9738152527951045
2345,1.9708993024873251
2346,1.827874242219947
2347,1.8226069758045587
2348,1.8382740532564832
2349,1.1874192318893837
2350,1.1956618560885846
2351,1.197551632191158
2352,1.204807289323768
2353,1.2001755794127307
2354,1.1885118820635163
2355,1.225408666271997
2356,1.2218925177814712
2357,1.2181804560341298
2358,1.2152572906571526
2359,1.1945804939956683
2360,1.1845176825917783
2361,1.287482306404402
2362,1.2930768119730265
2363,1.309029235402727
2364,1.7795297757191284
2365,1.8429414585540633
2366,1.8425852041043154
2367,1.697273091391706
2368,1.6828073007917241
2369,1.6659043029729845
2370,1.218069565101565
2371,1.2064961311776898
2372,1.205045905329714
2373,1.155037342138783
2374,1.1549089239514199
2375,1.15295204586956
2376,1.1958199156688425
2377,1.2135341042427823
2378,1.2151142538486084
2379,1.181269588664729
2380,1.170931647700967
2381,1.1687528824704452
2382,1.4696064312158639
2383,1.473129061975906
2384,1.4644891501815351
2385,1.26967323913481
2386,1.2460154347339116
2387,1.2645673034345573
2388,1.231377301870265
2389,1.24032250259674
2390,1.236577469153036
2391,1.191940891436923
2392,1.1909935922483603
2393,1.1922313791147294
2394,1.3033601029571318
2395,1.2652355743191
2396,1.2719110858428595
2397,1.2031249909225605
2398,1.2043279153512638
2399,1.2024336502206179
2400,1.2610988891475214
2401,1.2517847161964868
2402,1.2493435717279695
2403,1.6434526298126821
2404,1.666830337321456
2405,1.6434856763127152
2406,1.2077793340539196
2407,1.2316358262608182
2408,1.21563649166146
2409,1.1925105209731341
2410,1.2005002383579795
2411,1.2000991234169553
2412,1.195649996982729
2413,1.1982877892187407
2414,1.1976467712989194
2415,1.1451487575510764
2416,1.1406366235252305
2417,1.1379914170275272
2418,1.190431920838475
2419,1.1782098672854875
2420,1.1705886380364952
2421,1.463863269178301
2422,1.4071755272963264
2423,1.4494122012364912
2424,1.4990103138752664
2425,1.477478290796106
2426,1.486114683569982
2427,1.2039305262187487
2428,1.206670474663771
2429,1.2127806941182733
2430,1.1908527258469306
2431,1.189155267703754
2432,1.1895486526485108
2433,1.28482074279487
2434,1.2911049909707313
2435,1.2830066115393302
2436,1.1574394198760214
2437,1.151360198285449
2438,1.1482977381485122
2439,1.1791452727481744
2440,1.17085984274222
2441,1.1708292549638413
2442,1.1813643049628477
2443,1.1789572080453306
2444,1.1759186948423384
2445,1.2335838012219533
2446,1.2341101874754397
2447,1.234257630285363
2448,1.2254125402966938
2449,1.2216112939220314
2450,1.225407556699853
2451,1.2621871997264176
2452,1.2684342234854795
2453,1.2669375709938255
2454,1.2292306809032891
2455,1.2322470552267915
2456,1.2406236222953866
2457,1.1876844478473534
2458,1.1809190905055762
2459,1.176290359726501
2460,1.2951677371417278
2461,1.2859076151356477
2462,1.319166384664769
2463,1.1478975421945756
2464,1.1428223008535279
2465,1.1440633335664268
2466,1.4042989087916398
2467,1.4091390577017058
2468,1.3877544182499233
2469,1.2392695157847597
2470,1.225687359509522
2471,1.2164132696819725
2472,1.2139138702581338
2473,1.208546079496112
2474,1.2092763908223612
2475,1.1908993825624126
2476,1.1871854092059981
2477,1.175268813510089
2478,1.915058032234896
2479,1.8632837282606758
2480,1.8667123078150696
2481,2.922992013707838
2482,2.8743142135797073
2483,2.929836404781117
2484,2.3829953812194105
2485,2.347008201519029
2486,2.362751397834586
2487,2.7234815876648546
2488,2.7377659065210938
2489,2.6496987536770753
2490,1.9134788083266858
2491,1.8620643234027456
2492,1.8336888471753778
2493,1.9098244627311245
2494,1.8625533477963803
2495,1.8227928425231033
2496,1.748814638380141
2497,1.7248409607666972
2498,1.7230761289453203
2499,3.653681248026198
2500,3.344958130818777
2501,3.2045156973230613
2502,4.645945218951418
2503,4.809583319891046
2504,5.038150726352929
2505,5.975459892444117
2506,6.2250052495498425
2507,6.170791479855039
2508,4.502687409804086
2509,4.7547202682278575
2510,4.871355581083772
2511,4.543482196243111
2512,4.754840818930008
2513,4.922844738753544
2514,3.7672047250081455
2515,3.7258970487244945
2516,3.6316998047282354
2517,1.6804834106478752
2518,1.658278410932109
2519,1.6649110424453026
2520,1.0861604762896615
2521,1.0876325369504116
2522,1.0930426331761924
2523,1.2353486739194384
2524,1.2358880709042661
2525,1.2322790540036566
2526,1.1448580571361768
2527,1.1413969589473258
2528,1.1375182404543187
2529,1.5295212317470974
2530,1.5434169802360935
2531,1.542809521231722
2532,1.6858852542402252
2533,1.684593404782588
2534,1.6911890499421198
2535,1.6769925973432793
2536,1.6862020874811314
2537,1.6908194464291895
2538,1.278637273329754
2539,1.2742769444638826
2540,1.2821878095090193
2541,1.2153362666679293
2542,1.2168369003330182
2543,1.208982799648154
2544,1.5164340633328675
2545,1.5352817447074598
2546,1.575157714160972
2547,1.1631828644449824
2548,1.1589416650193325
2549,1.1524743191029783
2550,1.7725119387895223
2551,1.826831216966721
2552,1.8246801575732283
2553,1.3466099331977666
2554,1.3400559278300408
2555,1.335857168220779
2556,1.176653947642097
2557,1.1677291916958488
2558,1.165282430517261
2559,1.1837931233791303
2560,1.164680553635805
2561,1.1792094505131074
2562,1.0637189441696002
2563,1.0653227036980024
2564,1.066588961426101
2565,1.222409846090104
2566,1.2196422338811157
2567,1.193240307161781
2568,1.1100172390046814
2569,1.1088690058173503
2570,1.1091494392066599
2571,2.0538860251769204
2572,2.092164208871188
2573,2.137269560130704
2574,1.8057250503354814
2575,1.7954246204328022
2576,1.811705977218438
2577,1.6425423892712792
2578,1.623251287009965
2579,1.60290926004368
2580,1.2097025212014416
2581,1.206454187777131
2582,1.1949793460887481
2583,1.1457223000759105
2584,1.1418751560952565
2585,1.140475676799936
2586,1.4840571210201665
2587,1.4884806509121165
2588,1.5021704441901387
2589,1.254016149976774
2590,1.2359769008998382
2591,1.2379478997594215
2592,2.563954458703623
2593,2.609698250618606
2594,2.54432519093945
2595,2.2224632623226626
2596,2.1547614345246844
2597,2.1513273077607002
2598,1.8870450204807288
2599,1.887991710770633
2600,1.9438631438854876
2601,1.1575698416681297
2602,1.161047716210406
2603,1.166504810108554
2604,1.1335361172100595
2605,1.1325460479360123
2606,1.1313282583376063
2607,1.2065900816983282
2608,1.2021220641841728
2609,1.2012321134072521
2610,1.1944573884205645
2611,1.1972486127544353
2612,1.1840245212244738
2613,1.2700274237009401
2614,1.2856986359371685
2615,1.2990944364771952
2616,1.212999814674059
2617,1.2044201732864193
2618,1.2072589990722538
2619,1.198119346528829
2620,1.1905759024955276
2621,1.1921359989803153
2622,1.2020537013656871
2623,1.2025911501133242
2624,1.1992661766169634
2625,1.1229479566198952
2626,1.1219238926248607
2627,1.120782900578
2628,1.1742420820298027
2629,1.170903606557419
2630,1.166804885447826
2631,1.1420689937968131
2632,1.1374363413482929
2633,1.138266950169666
2634,1.4582186250475457
2635,1.4140322221571189
2636,1.3773508726324286
2637,1.3445812829411838
2638,1.3159579286115106
2639,1.3260024634536007
2640,1.1985919736154214
2641,1.2146152418062837
2642,1.2217951556054534
2643,1.1715836430314799
2644,1.167854317695586
2645,1.16474284869629
2646,1.2121004093165124
2647,1.19739906163369
2648,1.1978344424984728
2649,2.0006341834055372
2650,1.995181191270938
2651,2.217288491796665
2652,2.123039600207329
2653,2.2548238123601068
2654,2.2823417057719966
2655,1.1668159643622813
2656,1.168585306413463
2657,1.1705567668364254
2658,1.2796711479821952
2659,1.3025089649087214
2660,1.2750582359650866
2661,1.231276375064297
2662,1.2208877828597617
2663,1.2292571217145354
2664,1.2285753576863803
2665,1.2386931710500646
2666,1.243682982301295
2667,1.1671316855536729
2668,1.166284596186793
2669,1.1654826582754187
2670,1.1853074022213326
2671,1.1726439846144958
2672,1.1698569003870831
2673,1.3423984382452638
2674,1.2697698421268737
2675,1.270914178588453
2676,1.260200767621856
2677,1.2727943814039533
2678,1.269482614129306
2679,1.1798889013220664
2680,1.1780452590002366
2681,1.173418259339717
2682,1.238840568853544
2683,1.2304147690436538
2684,1.232534465159694
2685,1.416594999636493
2686,1.3435030979742253
2687,1.2989640798581374
2688,1.151430876964232
2689,1.1502024165443114
2690,1.1527107598749697
2691,1.1811061921538284
2692,1.1696978462976835
2693,1.1636135572707669
2694,1.1746872745662083
2695,1.1639010552139355
2696,1.1599228849719636
2697,1.2323147704714514
2698,1.2375014612214728
2699,1.2387780339118344
2700,1.2949212842596693
2701,1.2910119479426057
2702,1.2874348548632093
2703,1.3067631536397137
2704,1.313208716047062
2705,1.3268785026455139
2706,1.2622970524258639
2707,1.265355211479127
2708,1.266167202750446
2709,1.1505121904094409
2710,1.146133560902076
2711,1.145235346268563
2712,1.222059635830413
2713,1.22391306502564
2714,1.2233161406264215
2715,1.1524415309587936
2716,1.145212698027615
2717,1.1427828122507555
2718,1.4553534659916323
2719,1.4425643129905885
2720,1.4123784612321217
2721,1.226238964895289
2722,1.2257344084068542
2723,1.217756239607042
2724,1.1841371999832067
2725,1.1726815255810819
2726,1.169956786222917
2727,1.1634432266072783
2728,1.159657798186065
2729,1.1611378449776941
2730,1.8863592145657353
2731,1.8206235482130833
2732,1.806382133731246
2733,2.535219932284601
2734,2.5113691742359485
2735,2.466657449384679
2736,2.593840019144371
2737,2.5808366343100198
2738,2.592052540148532
2739,3.52350845567135
2740,3.5192667573463132
2741,3.418737114384583
2742,2.3766512324515636
2743,2.3286062413250344
2744,2.3616064841350575
2745,2.7796113575719907
2746,2.830024683147549
2747,2.8744002107373117
2748,1.9055024011060269
2749,1.924337850277864
2750,1.9261669904781744
2751,2.190087803011983
2752,2.13566695373616
2753,2.1117001703750042
2754,5.755720582108862
2755,5.856152216330884
2756,6.345366403090131
2757,6.607996834965425
2758,6.676538536535714
2759,6.870875747238322
2760,4.4825873705453185
2761,4.775515164795761
2762,5.031314373718413
2763,2.314439088900886
2764,2.2961169549263842
2765,2.2189504197209895
2766,2.0510914153647164
2767,2.076742519959691
2768,2.092354679003062
2769,1.6721851652516462
2770,1.6385895130653474
2771,1.6230493341370722
2772,1.653523860654227
2773,1.6768274341135123
2774,1.6726986274810163
2775,1.307109902702609
2776,1.3133237361712475
2777,1.3115362085770406
2778,1.1734973656681913
2779,1.1747160648314954
2780,1.1697075531374832
2781,1.6345008875645721
2782,1.6274515257079383
2783,1.6572931885798103
2784,1.7137536075041393
2785,1.7037946065926683
2786,1.711667407363117
2787,1.6225153084320807
2788,1.6294545456085279
2789,1.6490520610462207
2790,1.5067982034199392
2791,1.5163411101249835
2792,1.5040009799897618
2793,2.6748048481306332
2794,2.6778892015208178
2795,2.719530673371882
2796,1.766883582649903
2797,1.8072626232530942
2798,1.7428493716168643
2799,1.2228935593589645
2800,1.2299344681362694
2801,1.2302902406556049
2802,2.08498197701605
2803,2.028302662280822
2804,2.0910929943353325
2805,1.354807953361466
2806,1.3489888309391371
2807,1.3495910680083658
2808,1.2962196618159074
2809,1.2908279401980167
2810,1.2940274293016052
2811,1.220474929781062
2812,1.2173785355180036
2813,1.2045800250085545
2814,1.164630242227002
2815,1.1474068185360178
2816,1.165401334232102
2817,1.4483489310781639
2818,1.434425511964695
2819,1.4118157201381405
2820,1.1704619911368215
2821,1.1852779001091927
2822,1.177454390921051
2823,1.5430361763036864
2824,1.5384032660260891
2825,1.567335641878549
2826,1.9474479989128124
2827,1.979880237326361
2828,1.9822577016709226
2829,2.2966403561143878
2830,2.3176169159865045
2831,2.284969273123742
2832,1.5256066429042823
2833,1.532565581135346
2834,1.5333112264707058
2835,2.525487677079513
2836,2.609698250618606
2837,2.54432519093945
2838,1.9306877994918006
2839,1.981549346880978
2840,1.9442627225369502
2841,1.2309316813092481
2842,1.213801360352001
2843,1.2241057734712348
2844,1.7062058677056764
2845,1.7085972861778764
2846,1.7012417848514494
2847,1.7657284578293415
2848,1.795092502884453
2849,1.8208316969515017
2850,1.4936249118919127
2851,1.4672028731674591
2852,1.492236538330261
2853,1.150411347462294
2854,1.1464234545005627
2855,1.143992670363004
2856,1.7271357276679091
2857,1.6874839143814937
2858,1.6777938079143495
2859,1.2073024187024586
2860,1.2001592374646926
2861,1.1911265249167986
2862,1.1940484049644613
2863,1.191696244078551
2864,1.1922777010098453
2865,1.2172842200988796
2866,1.2118078212308099
2867,1.2165186635286904
2868,1.4428132845812707
2869,1.4729359851412334
2870,1.474659553443385
2871,1.7815885302773806
2872,1.8225748684211145
2873,1.8425852041043154
2874,1.2340066120755262
2875,1.2403704415755867
2876,1.2492717524192238
2877,1.8503505328492424
2878,1.778715411477982
2879,1.8214852737468292
2880,1.175693261735087
2881,1.171525061121668
2882,1.1637913268633249
2883,1.1303687307040904
2884,1.1285607222196035
2885,1.1267469131883596
2886,1.1913556805685441
2887,1.1796168854584304
2888,1.1782939026888566
2889,1.150230868213762
2890,1.1532657627097787
2891,1.1544298195113525
2892,1.240239295358874
2893,1.2336077438374466
2894,1.219783062690655
2895,1.1903533685596723
2896,1.1887279868837202
2897,1.1927778935602695
2898,1.1715536256040708
2899,1.1677760375284847
2900,1.1684956302270355
2901,1.4994695135636182
2902,1.5109736262133955
2903,1.5470247440279685
2904,1.2003695297212265
2905,1.2000288192600268
2906,1.1992385555230127
2907,1.181752345048591
2908,1.1763942808580719
2909,1.1692890073921283
2910,1.186113497487735
2911,1.189182603806922
2912,1.1919607795103184
2913,1.1794745867302232
2914,1.1884994453323563
2915,1.1896807647624792
2916,1.1947418353611166
2917,1.1967658196012863
2918,1.1978117522848428
2919,3.217121996648067
2920,3.2081744761586473
2921,3.206389572506876
2922,1.2073267432481631
2923,1.2090111967078578
2924,1.2154667593401596
2925,1.1778444643023214
2926,1.1657346753964664
2927,1.1688634525881618
2928,1.1867211451111204
2929,1.1848607276556866
2930,1.1857861553490703
2931,1.1877679442832587
2932,1.188030238892137
2933,1.1906385630110123
2934,1.2247630805535077
2935,1.22881883334425
2936,1.2288263115198108
2937,1.3201927097091986
2938,1.3385092235381735
2939,1.3435551647201167
2940,1.2128100463435876
2941,1.2101567605405248
2942,1.20984288153709
2943,1.1921045170768494
2944,1.191409308861487
2945,1.1856847873839103
2946,1.145448032006687
2947,1.1428341318793618
2948,1.149308844596838
2949,1.1899287295722867
2950,1.1892742767603262
2951,1.190240389418976
2952,1.205170429584613
2953,1.2081324612952298
2954,1.205813637135086
2955,1.2957378179671928
2956,1.292619287204741
2957,1.293076998789732
2958,1.2206600192646209
2959,1.2200712884988383
2960,1.2283163948556652
2961,2.146244101578629
2962,2.031420549168237
2963,1.9775881960597474
2964,1.3933075984875816
2965,1.3365409921588904
2966,1.322390501030374
2967,1.1483461660461602
2968,1.1403510035200501
2969,1.142996392141829
2970,1.174891263887345
2971,1.1705140504518152
2972,1.1622874218173556
2973,1.2293777683450136
2974,1.2309892051379716
2975,1.2299884368504301
2976,1.2214026654294656
2977,1.223121823783941
2978,1.2146885574435966
2979,1.1801693208261723
2980,1.1652907557249623
2981,1.161158224034421
2982,1.7632133434234245
2983,1.75622800547933
2984,1.7258554286898362
2985,3.1524808476833557
2986,3.140570412620995
2987,3.0682814169232766
2988,2.589225760801801
2989,2.5417624677691433
2990,2.5124315583640673
2991,2.717280945509802
2992,2.7197950561150095
2993,2.666430492447566
2994,2.211554357385095
2995,2.199692758962588
2996,2.2037819614114706
2997,1.7296558994080589
2998,1.727736314215563
2999,1.7096487294189462
3000,1.7964777830120142
3001,1.7688576381325483
3002,1.7625805895941435
3003,1.3483156324918375
3004,1.356626394109738
3005,1.3447308892113667
3006,4.099635867981425
3007,4.3943918429263995
3008,4.204358450183431
3009,3.2919011535664873
3010,3.169199412796016
3011,3.1575554504497125
3012,2.4723380284673255
3013,2.4894777973781372
3014,2.4270379774111497
3015,2.127625837349557
3016,2.0913978155912916
3017,2.0491510818214977
3018,1.8113036362344237
3019,1.8209256892160348
3020,1.8630596505854906
3021,1.6277203347433398
3022,1.6185437939676426
3023,1.5973660627267987
