,Unnamed: 0,TTI
0,0,1.0056632757186892
1,1,1.006985068321228
2,2,1.0154612064361572
3,3,1.1565543413162231
4,4,1.1756513118743896
5,5,1.2075364589691162
6,6,1.1143386363983154
7,7,1.1224565505981443
8,8,1.1140689849853516
9,9,1.1514664888381958
10,10,1.1600414514541626
11,11,1.1667957305908203
12,12,1.3268377780914309
13,13,1.3794236183166504
14,14,1.4460742473602295
15,15,1.3722193241119385
16,16,1.380544662475586
17,17,1.4044175148010254
18,18,1.225834846496582
19,19,1.2330937385559082
20,20,1.252540111541748
21,21,1.042758584022522
22,22,1.0600607395172121
23,23,1.0647578239440918
24,24,1.249557375907898
25,25,1.2508567571640017
26,26,1.2623757123947144
27,27,1.1890723705291748
28,28,1.190583109855652
29,29,1.1844750642776491
30,30,1.18709135055542
31,31,1.2072495222091677
32,32,1.2109897136688232
33,33,1.209827184677124
34,34,1.2182000875473022
35,35,1.215038776397705
36,36,1.2053611278533936
37,37,1.2110155820846558
38,38,1.2078636884689329
39,39,1.1726138591766355
40,40,1.1645300388336182
41,41,1.15847647190094
42,42,1.0283138751983645
43,43,1.0255987644195557
44,44,1.0249404907226562
45,45,1.1007848978042605
46,46,1.1217001676559448
47,47,1.136451005935669
48,48,1.0934065580368042
49,49,1.1018080711364746
50,50,1.0990784168243408
51,51,1.155561923980713
52,52,1.1895744800567627
53,53,1.2332998514175415
54,54,1.194313406944275
55,55,1.2026969194412231
56,56,1.2332998514175415
57,57,1.357194185256958
58,58,1.4120475053787231
59,59,1.472510576248169
60,60,1.1577291488647459
61,61,1.1675560474395752
62,62,1.1466675996780396
63,63,1.0232574939727783
64,64,1.0291931629180908
65,65,1.0249488353729248
66,66,1.1055779457092283
67,67,1.1087217330932615
68,68,1.1071269512176514
69,69,1.1527149677276611
70,70,1.1549506187438965
71,71,1.1590979099273682
72,72,1.1301381587982178
73,73,1.1741400957107544
74,74,1.1854431629180908
75,75,1.1105246543884275
76,76,1.1065237522125244
77,77,1.1116576194763184
78,78,1.1759034395217896
79,79,1.2114863395690918
80,80,1.2434229850769043
81,81,1.19802725315094
82,82,1.1995222568511963
83,83,1.1921812295913696
84,84,1.1148059368133545
85,85,1.1021709442138672
86,86,1.103679895401001
87,87,1.170517086982727
88,88,1.171029806137085
89,89,1.177156686782837
90,90,1.150951266288757
91,91,1.1509374380111694
92,92,1.1644573211669922
93,93,1.1357409954071045
94,94,1.137789011001587
95,95,1.15020751953125
96,96,1.185121774673462
97,97,1.1892999410629272
98,98,1.2057042121887207
99,99,1.2069880962371826
100,100,1.2106354236602783
101,101,1.2042725086212158
102,102,1.1849185228347778
103,103,1.168325662612915
104,104,1.171553134918213
105,105,1.1236522197723389
106,106,1.1101548671722412
107,107,1.1139249801635742
108,108,1.1292850971221924
109,109,1.1137838363647459
110,110,1.1184684038162231
111,111,1.1273213624954224
112,112,1.1137838363647459
113,113,1.1115198135375977
114,114,1.1822755336761477
115,115,1.1766226291656494
116,116,1.1830456256866455
117,117,1.1143798828125
118,118,1.125407338142395
119,119,1.1374012231826782
120,120,1.1832380294799805
121,121,1.1766226291656494
122,122,1.1962475776672363
123,123,1.1769365072250366
124,124,1.1680114269256592
125,125,1.1734058856964111
126,126,1.133392572402954
127,127,1.123874306678772
128,128,1.1254446506500244
129,129,1.1638145446777344
130,130,1.1773836612701416
131,131,1.1791257858276367
132,132,1.1828923225402832
133,133,1.1831583976745603
134,134,1.1949453353881836
135,135,1.2063900232315063
136,136,1.198716640472412
137,137,1.210651159286499
138,138,1.1933014392852783
139,139,1.1908258199691772
140,140,1.19376540184021
141,141,1.2022104263305664
142,142,1.1997634172439575
143,143,1.1984968185424805
144,144,1.1927251815795898
145,145,1.1882458925247192
146,146,1.1864995956420898
147,147,1.0985255241394043
148,148,1.0728890895843506
149,149,1.0564736127853394
150,150,1.1105196475982666
151,151,1.1016159057617188
152,152,1.0844753980636597
153,153,1.1268970966339111
154,154,1.1146211624145508
155,155,1.1280704736709597
156,156,1.1542282104492188
157,157,1.1591031551361084
158,158,1.143018126487732
159,159,1.162017583847046
160,160,1.1825528144836426
161,161,1.185274362564087
162,162,1.1980814933776855
163,163,1.18835186958313
164,164,1.1984844207763672
165,165,1.1810860633850098
166,166,1.1769291162490845
167,167,1.174561619758606
168,168,1.090734362602234
169,169,1.091386795043945
170,170,1.0806701183319092
171,171,1.11496102809906
172,172,1.1229703426361084
173,173,1.1170165538787842
174,174,1.1251319646835327
175,175,1.127059817314148
176,176,1.1185115575790403
177,177,1.131630539894104
178,178,1.145703911781311
179,179,1.1441365480422974
180,180,1.220845103263855
181,181,1.217406153678894
182,182,1.2264716625213623
183,183,1.2128596305847168
184,184,1.2125990390777588
185,185,1.2212378978729248
186,186,1.1891324520111084
187,187,1.191928148269653
188,188,1.1951642036437988
189,189,1.1428930759429932
190,190,1.1264142990112305
191,191,1.1342871189117432
192,192,1.1504619121551514
193,193,1.1535704135894775
194,194,1.1572142839431765
195,195,1.1359766721725464
196,196,1.1453025341033936
197,197,1.156887769699097
198,198,1.150137424468994
199,199,1.1614902019500732
200,200,1.1631685495376587
201,201,1.1593017578125
202,202,1.172732949256897
203,203,1.1738576889038086
204,204,1.169262170791626
205,205,1.1760419607162476
206,206,1.1755183935165403
207,207,1.1763345003128052
208,208,1.1784346103668213
209,209,1.1780661344528198
210,210,1.5118460655212402
211,211,1.4722301959991455
212,212,1.4809390306472778
213,213,1.8243163824081419
214,214,1.834517359733581
215,215,1.8646665811538696
216,216,1.8124653100967407
217,217,1.7751005887985232
218,218,1.7966139316558838
219,219,2.0015244483947754
220,220,2.0044546127319336
221,221,1.972922444343567
222,222,2.1514878273010254
223,223,1.9648163318634035
224,224,1.9574745893478396
225,225,1.9117733240127563
226,226,1.876258850097656
227,227,1.8741905689239504
228,228,1.6860504150390625
229,229,1.736799955368042
230,230,1.7278746366500854
231,231,1.4737039804458618
232,232,1.4181264638900757
233,233,1.4560302495956419
234,234,1.6696735620498655
235,235,1.7618962526321411
236,236,1.824246525764465
237,237,2.4375040531158447
238,238,2.3007965087890625
239,239,2.4909067153930664
240,240,2.3709158897399902
241,241,2.626072406768799
242,242,2.761265754699707
243,243,4.62957239151001
244,244,4.807370662689209
245,245,4.648089408874512
246,246,1.9833211898803709
247,247,1.9147021770477293
248,248,1.925618886947632
249,249,1.4450082778930664
250,250,1.4586837291717532
251,251,1.4642388820648191
252,252,2.124341487884521
253,253,2.0424458980560303
254,254,1.884361743927002
255,255,1.3549835681915283
256,256,1.367851495742798
257,257,1.353710651397705
258,258,1.147660493850708
259,259,1.1561274528503418
260,260,1.152552604675293
261,261,1.1912620067596436
262,262,1.2231115102767944
263,263,1.2389730215072632
264,264,1.3648734092712402
265,265,1.3915029764175415
266,266,1.4686976671218872
267,267,1.7250326871871948
268,268,1.7136595249176023
269,269,1.7187074422836304
270,270,1.435532808303833
271,271,1.409186840057373
272,272,1.4117801189422607
273,273,3.4271349906921387
274,274,3.3922972679138184
275,275,3.1816377639770512
276,276,2.783390522003174
277,277,2.6096107959747314
278,278,2.4200987815856934
279,279,1.118399977684021
280,280,1.1332463026046753
281,281,1.132667064666748
282,282,1.5990806818008425
283,283,1.537468433380127
284,284,1.4754865169525146
285,285,1.2070577144622805
286,286,1.2110155820846558
287,287,1.2145648002624512
288,288,1.3023982048034668
289,289,1.290248155593872
290,290,1.2614835500717163
291,291,1.1779625415802002
292,292,1.1591122150421145
293,293,1.1455538272857666
294,294,1.3212363719940186
295,295,1.289637565612793
296,296,1.3061869144439695
297,297,1.3015002012252808
298,298,1.292910099029541
299,299,1.343996524810791
300,300,1.099579095840454
301,301,1.1134350299835205
302,302,1.1197401285171509
303,303,1.1805353164672852
304,304,1.1956188678741455
305,305,1.2429566383361816
306,306,1.850901484489441
307,307,1.7660055160522459
308,308,1.8066859245300293
309,309,1.7435951232910156
310,310,1.7846744060516355
311,311,1.7992042303085327
312,312,1.2089109420776367
313,313,1.2347264289855957
314,314,1.2146590948104858
315,315,3.258595943450928
316,316,3.415476560592652
317,317,2.886728048324585
318,318,2.7562472820281982
319,319,2.7328758239746094
320,320,2.488668441772461
321,321,1.1192381381988523
322,322,1.123979091644287
323,323,1.130137920379639
324,324,1.363485336303711
325,325,1.3794195652008057
326,326,1.3971192836761477
327,327,1.167569637298584
328,328,1.1986273527145386
329,329,1.1957104206085205
330,330,1.2409555912017822
331,331,1.2913789749145508
332,332,1.2667078971862793
333,333,1.3024510145187378
334,334,1.2931166887283323
335,335,1.2341461181640625
336,336,1.3445489406585691
337,337,1.489069581031799
338,338,1.5071442127227783
339,339,1.1747337579727173
340,340,1.174888014793396
341,341,1.1867631673812866
342,342,1.1953651905059814
343,343,1.19700288772583
344,344,1.197309494018555
345,345,1.1767919063568115
346,346,1.177601337432861
347,347,1.1961348056793213
348,348,1.295321702957153
349,349,1.2743840217590332
350,350,1.3023356199264526
351,351,1.3629789352416992
352,352,1.400100588798523
353,353,1.4246386289596558
354,354,1.241002321243286
355,355,1.224461793899536
356,356,1.232189655303955
357,357,2.800936698913574
358,358,2.5068283081054688
359,359,2.3688859939575195
360,360,1.4962844848632812
361,361,1.4390001296997068
362,362,1.35257887840271
363,363,1.1094170808792114
364,364,1.1160421371459959
365,365,1.1089658737182615
366,366,1.1460717916488647
367,367,1.1617343425750732
368,368,1.1613144874572754
369,369,1.166107416152954
370,370,1.1743645668029783
371,371,1.2053837776184082
372,372,1.2090439796447754
373,373,1.2068274021148682
374,374,1.2537894248962402
375,375,1.2477140426635742
376,376,1.2361180782318115
377,377,1.23209547996521
378,378,1.1857327222824097
379,379,1.1850754022598269
380,380,1.1952635049819946
381,381,1.164041519165039
382,382,1.1773836612701416
383,383,1.1791257858276367
384,384,1.2274662256240845
385,385,1.2204989194869995
386,386,1.2221931219100952
387,387,1.2331271171569824
388,388,1.2208272218704224
389,389,1.2350199222564695
390,390,1.163002610206604
391,391,1.1773836612701416
392,392,1.1731196641921997
393,393,1.1845256090164185
394,394,1.1805784702301023
395,395,1.184088945388794
396,396,1.206540584564209
397,397,1.198716640472412
398,398,1.201336145401001
399,399,3.4587690830230717
400,400,3.413658142089844
401,401,2.574727773666382
402,402,1.1690188646316528
403,403,1.1750922203063965
404,404,1.171533226966858
405,405,1.1414997577667236
406,406,1.1342823505401611
407,407,1.1276582479476929
408,408,1.28253173828125
409,409,1.299356460571289
410,410,1.3415077924728394
411,411,1.2149004936218262
412,412,1.2383270263671875
413,413,1.2130030393600464
414,414,1.2663521766662598
415,415,1.2928870916366575
416,416,1.3044859170913696
417,417,1.400860071182251
418,418,1.4059855937957764
419,419,1.3586630821228027
420,420,1.4574966430664062
421,421,1.4246718883514404
422,422,1.2731420993804932
423,423,1.1700685024261477
424,424,1.1622382402420044
425,425,1.1512101888656616
426,426,1.1317480802536009
427,427,1.1436574459075928
428,428,1.138824224472046
429,429,1.1701918840408323
430,430,1.1675598621368408
431,431,1.1646497249603271
432,432,1.2034094333648682
433,433,1.1967532634735107
434,434,1.2058902978897097
435,435,1.2584478855133057
436,436,1.2635104656219482
437,437,1.2700223922729492
438,438,1.2142949104309082
439,439,1.2301753759384155
440,440,1.2291324138641355
441,441,2.3904857635498047
442,442,2.4944233894348145
443,443,2.41031813621521
444,444,1.487760066986084
445,445,1.4745125770568848
446,446,1.3755637407302856
447,447,1.1401269435882568
448,448,1.15594744682312
449,449,1.1615043878555298
450,450,1.1768622398376465
451,451,1.1760419607162476
452,452,1.1708154678344729
453,453,1.162128448486328
454,454,1.164647340774536
455,455,1.1682547330856323
456,456,1.2448148727416992
457,457,1.2387996912002563
458,458,1.2477431297302246
459,459,1.2300810813903809
460,460,1.2298378944396973
461,461,1.2342308759689329
462,462,1.3960058689117432
463,463,1.405277967453003
464,464,1.3974790573120115
465,465,1.4600276947021484
466,466,1.505820393562317
467,467,1.5147281885147097
468,468,1.8024383783340452
469,469,1.802173852920532
470,470,1.8128066062927248
471,471,2.455599784851074
472,472,2.1469392776489262
473,473,2.0938966274261475
474,474,1.7702715396881104
475,475,1.69075345993042
476,476,1.69789719581604
477,477,1.6386374235153198
478,478,1.6260972023010254
479,479,1.6106401681900024
480,480,1.69969379901886
481,481,1.760588765144348
482,482,1.7425682544708252
483,483,1.4819375276565552
484,484,1.4151196479797363
485,485,1.420055866241455
486,486,1.450141191482544
487,487,1.4937233924865725
488,488,1.5526409149169922
489,489,2.0559773445129395
490,490,2.3436903953552246
491,491,2.659688711166382
492,492,3.328154802322388
493,493,3.5980138778686523
494,494,3.395170927047729
495,495,1.8035589456558228
496,496,1.826340079307556
497,497,1.8738638162612915
498,498,1.5806257724761963
499,499,1.587256669998169
500,500,1.6136544942855835
501,501,1.5017119646072388
502,502,1.5415805578231812
503,503,1.546613693237305
504,504,1.6556044816970823
505,505,1.6404660940170288
506,506,1.6228694915771484
507,507,1.3857126235961914
508,508,1.3775101900100708
509,509,1.370922327041626
510,510,1.1672525405883791
511,511,1.1735563278198242
512,512,1.198839545249939
513,513,1.2939534187316897
514,514,1.291557550430298
515,515,1.3573925495147705
516,516,1.7358520030975342
517,517,1.7404838800430298
518,518,1.7813855409622192
519,519,1.661642074584961
520,520,1.6658477783203125
521,521,1.6777596473693848
522,522,1.68155038356781
523,523,1.6577967405319214
524,524,1.6525228023529053
525,525,2.644775152206421
526,526,2.751579761505127
527,527,2.5293397903442383
528,528,2.6391351222991943
529,529,2.5727035999298096
530,530,2.410698413848877
531,531,1.129509687423706
532,532,1.1332463026046753
533,533,1.1338273286819458
534,534,1.7622867822647097
535,535,1.7345216274261477
536,536,1.6562432050704956
537,537,1.615469217300415
538,538,1.5779610872268677
539,539,1.53577721118927
540,540,1.6241687536239624
541,541,1.58785080909729
542,542,1.5335125923156738
543,543,1.1726138591766355
544,544,1.1591122150421145
545,545,1.1455538272857666
546,546,1.1108129024505615
547,547,1.1132075786590576
548,548,1.119581699371338
549,549,1.159717321395874
550,550,1.1873819828033447
551,551,1.2422430515289309
552,552,1.289663791656494
553,553,1.2891795635223389
554,554,1.324579119682312
555,555,1.2588557004928589
556,556,1.3002793788909912
557,557,1.3532288074493408
558,558,1.8576602935791016
559,559,1.849498391151428
560,560,1.8989447355270384
561,561,2.3597230911254883
562,562,2.3083529472351074
563,563,2.30517315864563
564,564,2.2458059787750244
565,565,2.273178577423096
566,566,2.1712923049926762
567,567,2.490041255950928
568,568,2.4702608585357666
569,569,2.4793472290039062
570,570,1.95026695728302
571,571,1.9368762969970703
572,572,1.905229449272156
573,573,1.0979952812194824
574,574,1.0979242324829102
575,575,1.093893051147461
576,576,1.4798390865325928
577,577,1.508506178855896
578,578,1.5821563005447388
579,579,1.5335327386856081
580,580,1.5048673152923584
581,581,1.545715570449829
582,582,1.8557887077331543
583,583,1.8276435136795044
584,584,1.8006939888000488
585,585,1.881879210472107
586,586,1.8155808448791504
587,587,1.7094509601593018
588,588,1.4541617631912231
589,589,1.4855802059173584
590,590,1.5061441659927368
591,591,1.174748778343201
592,592,1.1781580448150637
593,593,1.1919031143188477
594,594,1.1512565612792969
595,595,1.1524744033813477
596,596,1.1624414920806885
597,597,1.193141222000122
598,598,1.2021456956863403
599,599,1.203557014465332
600,600,1.2305669784545898
601,601,1.2414429187774658
602,602,1.2559648752212524
603,603,1.9388747215271
604,604,1.8479043245315552
605,605,1.911057710647583
606,606,1.2791252136230469
607,607,1.261331558227539
608,608,1.258919358253479
609,609,1.5735374689102173
610,610,1.5903449058532717
611,611,1.504088044166565
612,612,1.414448380470276
613,613,1.379209280014038
614,614,1.287829041481018
615,615,1.108351469039917
616,616,1.1137838363647459
617,617,1.1107308864593506
618,618,1.160828709602356
619,619,1.1617343425750732
620,620,1.14666485786438
621,621,1.2627243995666504
622,622,1.2752722501754759
623,623,1.2731552124023438
624,624,1.2653765678405762
625,625,1.251765489578247
626,626,1.3053960800170898
627,627,1.1992000341415403
628,628,1.194615364074707
629,629,1.1980311870574951
630,630,1.1570146083831787
631,631,1.1784508228302002
632,632,1.1785746812820437
633,633,1.1655089855194092
634,634,1.1773836612701416
635,635,1.1840142011642456
636,636,1.1614965200424194
637,637,1.1773836612701416
638,638,1.1746991872787476
639,639,1.1967928409576416
640,640,1.1963694095611572
641,641,1.1965600252151491
642,642,1.1598060131072998
643,643,1.1804887056350708
644,644,1.1885155439376829
645,645,1.1761871576309204
646,646,1.1805784702301023
647,647,1.1877975463867188
648,648,1.2016167640686035
649,649,1.216525316238403
650,650,1.2049622535705566
651,651,3.1113061904907227
652,652,2.706384897232056
653,653,2.1621239185333248
654,654,1.1361583471298218
655,655,1.14872145652771
656,656,1.1334030628204346
657,657,1.1422849893569946
658,658,1.1478893756866455
659,659,1.127467393875122
660,660,1.2350432872772217
661,661,1.2443780899047852
662,662,1.2130030393600464
663,663,1.2965129613876345
664,664,1.2963159084320068
665,665,1.3415077924728394
666,666,1.2173638343811035
667,667,1.244792938232422
668,668,1.2130030393600464
669,669,1.323538064956665
670,670,1.3558504581451416
671,671,1.3629093170166016
672,672,1.253711223602295
673,673,1.246601104736328
674,674,1.2173093557357788
675,675,1.1531026363372805
676,676,1.1498398780822754
677,677,1.148524522781372
678,678,1.126629114151001
679,679,1.1280663013458252
680,680,1.1206799745559692
681,681,1.1643445491790771
682,682,1.1686301231384275
683,683,1.1646497249603271
684,684,1.2028610706329346
685,685,1.1967532634735107
686,686,1.2058902978897097
687,687,1.2532122135162354
688,688,1.2615518569946291
689,689,1.258110284805298
690,690,1.2703723907470703
691,691,1.2700417041778564
692,692,1.2729425430297852
693,693,2.5191352367401123
694,694,2.8786370754241943
695,695,2.5032143592834477
696,696,1.358611822128296
697,697,1.417202711105347
698,698,1.4503880739212036
699,699,1.1504619121551514
700,700,1.151357889175415
701,701,1.156463623046875
702,702,1.228041410446167
703,703,1.2287288904190063
704,704,1.2544970512390137
705,705,1.2348413467407229
706,706,1.2318174839019775
707,707,1.2324055433273315
708,708,1.2155909538269043
709,709,1.233020305633545
710,710,1.2342207431793213
711,711,1.2342312335968018
712,712,1.2387996912002563
713,713,1.249417066574097
714,714,1.4546289443969729
715,715,1.4848244190216064
716,716,1.4809390306472778
717,717,1.5439492464065552
718,718,1.6000114679336548
719,719,1.6265136003494265
720,720,1.7672162055969238
721,721,1.7422971725463867
722,722,1.744812250137329
723,723,1.7526718378067017
724,724,1.75823712348938
725,725,1.7401655912399292
726,726,1.6802029609680176
727,727,1.7649699449539185
728,728,1.7297431230545044
729,729,1.5660548210144043
730,730,1.5673003196716309
731,731,1.5510149002075195
732,732,1.7049458026885986
733,733,1.7317464351654053
734,734,1.7278746366500854
735,735,1.4856307506561282
736,736,1.3727658987045288
737,737,1.400727391242981
738,738,1.7401005029678345
739,739,1.95010507106781
740,740,1.903712630271912
741,741,1.6004831790924072
742,742,1.649672269821167
743,743,1.7609328031539917
744,744,4.175344944000243
745,745,4.445184707641602
746,746,4.701052665710449
747,747,2.42207932472229
748,748,2.1909141540527344
749,749,2.3019580841064453
750,750,1.9231199026107788
751,751,1.748645901679993
752,752,1.790443778038025
753,753,1.4964261054992676
754,754,1.580710530281067
755,755,1.6343865394592283
756,756,1.0507237911224363
757,757,1.0401852130889893
758,758,1.055790901184082
759,759,1.1890429258346558
760,760,1.223339557647705
761,761,1.2344813346862793
762,762,1.190632462501526
763,763,1.2205827236175537
764,764,1.2180142402648926
765,765,1.3880882263183594
766,766,1.382697582244873
767,767,1.4560604095458984
768,768,1.7128976583480835
769,769,1.7108348608016968
770,770,1.751059889793396
771,771,1.7013684511184692
772,772,1.6931308507919312
773,773,1.6844102144241333
774,774,1.1899826526641846
775,775,1.2232632637023926
776,776,1.2246718406677246
777,777,1.255882978439331
778,778,1.2706650495529177
779,779,1.26786470413208
780,780,1.5879182815551758
781,781,1.529143214225769
782,782,1.457233428955078
783,783,1.200012445449829
784,784,1.2110155820846558
785,785,1.2100224494934082
786,786,1.6927251815795898
787,787,1.6429939270019531
788,788,1.565294623374939
789,789,1.3016502857208252
790,790,1.337494134902954
791,791,1.3327038288116455
792,792,1.3023982048034668
793,793,1.2830636501312256
794,794,1.2578966617584229
795,795,1.1399683952331543
796,796,1.1332463026046753
797,797,1.1294288635253906
798,798,1.0521137714385986
799,799,1.052562952041626
800,800,1.0514795780181885
801,801,1.2410955429077148
802,802,1.2512848377227783
803,803,1.2995116710662842
804,804,1.1073269844055176
805,805,1.106475591659546
806,806,1.0990784168243408
807,807,1.5651036500930786
808,808,1.5471307039260864
809,809,1.5394996404647827
810,810,1.875171542167664
811,811,1.864966630935669
812,812,1.9045972824096682
813,813,2.16875958442688
814,814,2.1797347068786617
815,815,2.1687331199646
816,816,1.1181657314300537
817,817,1.1037914752960205
818,818,1.10273540019989
819,819,1.12168550491333
820,820,1.136270523071289
821,821,1.123144030570984
822,822,1.4804896116256714
823,823,1.4772450923919678
824,824,1.4853798151016235
825,825,1.1791903972625732
826,826,1.1900278329849243
827,827,1.1685383319854736
828,828,1.707129955291748
829,829,1.7350468635559082
830,830,1.7383285760879517
831,831,1.4705123901367188
832,832,1.4826924800872805
833,833,1.4801183938980105
834,834,1.770136475563049
835,835,1.758087158203125
836,836,1.6742844581604004
837,837,1.141173243522644
838,838,1.1345984935760498
839,839,1.1207646131515503
840,840,1.11655592918396
841,841,1.103400707244873
842,842,1.103679895401001
843,843,1.1420984268188477
844,844,1.1427080631256104
845,845,1.14714515209198
846,846,1.1622254848480225
847,847,1.1597689390182495
848,848,1.1624414920806885
849,849,1.1462035179138184
850,850,1.1464627981185913
851,851,1.1537392139434814
852,852,1.2398149967193604
853,853,1.2414451837539673
854,854,1.2559648752212524
855,855,1.6793895959854126
856,856,1.6928998231887815
857,857,1.637237548828125
858,858,1.2214012145996094
859,859,1.2089354991912842
860,860,1.194640874862671
861,861,1.182685136795044
862,862,1.163628339767456
863,863,1.197673797607422
864,864,1.1575390100479126
865,865,1.1505199670791626
866,866,1.1523704528808594
867,867,1.1600788831710815
868,868,1.1505199670791626
869,869,1.145417332649231
870,870,1.256361484527588
871,871,1.255663275718689
872,872,1.247370719909668
873,873,1.2278014421463013
874,874,1.2183867692947388
875,875,1.2306607961654663
876,876,1.3510249853134155
877,877,1.3884484767913818
878,878,1.4141123294830322
879,879,1.1923490762710571
880,880,1.195024490356445
881,881,1.1948645114898682
882,882,1.1611101627349854
883,883,1.1784067153930664
884,884,1.1834630966186523
885,885,1.1630375385284424
886,886,1.1773836612701416
887,887,1.1746991872787476
888,888,1.193110466003418
889,889,1.2552993297576904
890,890,1.2622765302658079
891,891,1.1980233192443848
892,892,1.20129656791687
893,893,1.2069425582885742
894,894,1.1459931135177612
895,895,1.1595007181167605
896,896,1.1605730056762695
897,897,1.1554349660873413
898,898,1.1773836612701416
899,899,1.1746991872787476
900,900,1.2073793411254885
901,901,1.2300705909729004
902,902,1.2277770042419434
903,903,1.1216058731079102
904,904,1.0954246520996094
905,905,1.0831472873687744
906,906,1.1383118629455566
907,907,1.1223423480987549
908,908,1.1280704736709597
909,909,1.5146690607070925
910,910,1.4249918460845947
911,911,1.4013718366622925
912,912,1.2652642726898191
913,913,1.307600498199463
914,914,1.3415077924728394
915,915,1.44097101688385
916,916,1.4409313201904297
917,917,1.4242125749588013
918,918,1.28253173828125
919,919,1.2848659753799438
920,920,1.2705672979354858
921,921,1.4034247398376465
922,922,1.3546288013458252
923,923,1.3061901330947876
924,924,1.1653389930725098
925,925,1.157168984413147
926,926,1.1409071683883667
927,927,1.136674165725708
928,928,1.1435034275054932
929,929,1.1388530731201172
930,930,1.1360092163085938
931,931,1.1418156623840332
932,932,1.138824224472046
933,933,1.1544575691223145
934,934,1.1509699821472168
935,935,1.1538078784942627
936,936,1.2025254964828491
937,937,1.1989277601242063
938,938,1.2058902978897097
939,939,1.2676780223846436
940,940,1.268460988998413
941,941,1.2785217761993408
942,942,1.2194643020629885
943,943,1.22016179561615
944,944,1.2243692874908447
945,945,1.153428554534912
946,946,1.126252055168152
947,947,1.1450254917144775
948,948,1.2037076950073242
949,949,1.19905424118042
950,950,1.1908056735992432
951,951,1.147194504737854
952,952,1.1467525959014893
953,953,1.153400421142578
954,954,1.1941357851028442
955,955,1.1958339214324951
956,956,1.2029480934143066
957,957,1.2389916181564329
958,958,1.241982102394104
959,959,1.2450571060180664
960,960,1.2300810813903809
961,961,1.2350261211395264
962,962,1.237462282180786
963,963,1.2272543907165527
964,964,1.2206432819366455
965,965,1.2131685018539429
966,966,1.5377699136734009
967,967,1.6111916303634644
968,968,1.636772394180298
969,969,1.6458146572113037
970,970,1.6473819017410278
971,971,1.6358129978179932
972,972,1.696198582649231
973,973,1.7439643144607544
974,974,1.744812250137329
975,975,1.834393620491028
976,976,1.7897772789001465
977,977,1.8081520795822144
978,978,1.6956510543823242
979,979,1.728172779083252
980,980,1.7122169733047483
981,981,1.6145514249801636
982,982,1.5713942050933838
983,983,1.559478998184204
984,984,1.7022991180419922
985,985,1.6593459844589231
986,986,1.671134352684021
987,987,1.4789462089538574
988,988,1.4154634475708008
989,989,1.445589542388916
990,990,1.5487643480300903
991,991,1.6222963333129885
992,992,1.6240311861038208
993,993,2.0568921566009517
994,994,2.3657915592193604
995,995,2.6137611865997314
996,996,2.702306032180786
997,997,2.9074196815490723
998,998,3.107776641845703
999,999,3.5617780685424805
1000,1000,3.5955488681793213
1001,1001,2.962629556655884
1002,1002,2.0892314910888667
1003,1003,1.992746353149414
1004,1004,2.0201444625854488
1005,1005,1.4869754314422607
1006,1006,1.481799840927124
1007,1007,1.5035176277160645
1008,1008,1.0191245079040527
1009,1009,1.0121049880981443
1010,1010,1.0318021774291992
1011,1011,1.108454704284668
1012,1012,1.1269569396972656
1013,1013,1.1441749334335327
1014,1014,1.101702094078064
1015,1015,1.10296893119812
1016,1016,1.1091599464416504
1017,1017,1.305140256881714
1018,1018,1.3510005474090576
1019,1019,1.3771685361862185
1020,1020,1.546892762184143
1021,1021,1.5710241794586182
1022,1022,1.6156902313232422
1023,1023,1.5787426233291626
1024,1024,1.5758744478225708
1025,1025,1.56981098651886
1026,1026,1.2230818271636963
1027,1027,1.2330937385559082
1028,1028,1.252540111541748
1029,1029,1.116405725479126
1030,1030,1.1084411144256592
1031,1031,1.121161937713623
1032,1032,1.1779625415802002
1033,1033,1.1645300388336182
1034,1034,1.1617146730422974
1035,1035,1.1457984447479248
1036,1036,1.164053440093994
1037,1037,1.1645139455795288
1038,1038,1.4309179782867432
1039,1039,1.466927170753479
1040,1040,1.4178403615951538
1041,1041,1.3372859954833984
1042,1042,1.3279972076416016
1043,1043,1.3205196857452393
1044,1044,1.1738138198852541
1045,1045,1.1729049682617188
1046,1046,1.1795167922973633
1047,1047,1.1627042293548584
1048,1048,1.1645300388336182
1049,1049,1.15847647190094
1050,1050,1.0388127565383911
1051,1051,1.0377674102783203
1052,1052,1.0352753400802612
1053,1053,1.130475997924805
1054,1054,1.1384115219116209
1055,1055,1.1509075164794922
1056,1056,1.095707654953003
1057,1057,1.1115179061889648
1058,1058,1.0990784168243408
1059,1059,1.1866743564605713
1060,1060,1.2054544687271118
1061,1061,1.2429566383361816
1062,1062,1.427337646484375
1063,1063,1.4836456775665283
1064,1064,1.5239338874816897
1065,1065,1.2829715013504028
1066,1066,1.2969739437103271
1067,1067,1.3270103931427002
1068,1068,1.1577291488647459
1069,1069,1.1675560474395752
1070,1070,1.1479251384735107
1071,1071,1.0541613101959229
1072,1072,1.0605413913726809
1073,1073,1.0579938888549805
1074,1074,1.5389928817749023
1075,1075,1.5079861879348757
1076,1076,1.58945631980896
1077,1077,1.889726519584656
1078,1078,1.8189256191253664
1079,1079,1.7416515350341797
1080,1080,1.6419671773910522
1081,1081,1.6352163553237915
1082,1082,1.6665265560150146
1083,1083,1.8433449268341064
1084,1084,1.8377001285552976
1085,1085,1.8394411802291868
1086,1086,1.3626549243927002
1087,1087,1.3704290390014648
1088,1088,1.3042190074920654
1089,1089,1.1698365211486816
1090,1090,1.1866830587387085
1091,1091,1.1745712757110596
1092,1092,1.1153466701507568
1093,1093,1.1057913303375244
1094,1094,1.103679895401001
1095,1095,1.1716172695159912
1096,1096,1.1694092750549316
1097,1097,1.175140619277954
1098,1098,1.1384475231170654
1099,1099,1.141319990158081
1100,1100,1.1481139659881592
1101,1101,1.1404974460601809
1102,1102,1.1558765172958374
1103,1103,1.1708898544311523
1104,1104,1.1972088813781738
1105,1105,1.2529901266098022
1106,1106,1.2582437992095947
1107,1107,1.220489501953125
1108,1108,1.2133325338363647
1109,1109,1.2313612699508667
1110,1110,1.1648106575012207
1111,1111,1.1613529920578003
1112,1112,1.159772872924805
1113,1113,1.1072638034820557
1114,1114,1.1030552387237549
1115,1115,1.105466604232788
1116,1116,1.1352605819702148
1117,1117,1.1177489757537842
1118,1118,1.1352814435958862
1119,1119,1.1411089897155762
1120,1120,1.146554946899414
1121,1121,1.1352949142456057
1122,1122,1.2045390605926514
1123,1123,1.209085464477539
1124,1124,1.2113852500915527
1125,1125,1.1888926029205322
1126,1126,1.215672254562378
1127,1127,1.243993043899536
1128,1128,1.1505768299102783
1129,1129,1.1621434688568115
1130,1130,1.1859757900238037
1131,1131,1.1407327651977541
1132,1132,1.1535321474075315
1133,1133,1.1511512994766235
1134,1134,1.182491898536682
1135,1135,1.1790657043457031
1136,1136,1.1873598098754885
1137,1137,1.1917543411254885
1138,1138,1.1968355178833008
1139,1139,1.1965600252151491
1140,1140,1.203726053237915
1141,1141,1.20129656791687
1142,1142,1.2069425582885742
1143,1143,1.7132508754730225
1144,1144,1.668083667755127
1145,1145,1.6537878513336182
1146,1146,1.4177544116973877
1147,1147,1.4657857418060305
1148,1148,1.4311182498931885
1149,1149,1.2036502361297607
1150,1150,1.193753719329834
1151,1151,1.19167160987854
1152,1152,1.2052578926086426
1153,1153,1.198716640472412
1154,1154,1.1984968185424805
1155,1155,1.3527026176452637
1156,1156,1.3326385021209717
1157,1157,1.3293402194976809
1158,1158,1.1818711757659912
1159,1159,1.1694685220718384
1160,1160,1.142419457435608
1161,1161,1.1473095417022705
1162,1162,1.152137279510498
1163,1163,1.1334030628204346
1164,1164,1.5759284496307373
1165,1165,1.6362115144729614
1166,1166,1.58728289604187
1167,1167,1.6852893829345703
1168,1168,1.7379416227340698
1169,1169,1.6361026763916016
1170,1170,1.2738871574401855
1171,1171,1.2580256462097168
1172,1172,1.2474677562713623
1173,1173,1.3108248710632324
1174,1174,1.3019366264343262
1175,1175,1.3157782554626465
1176,1176,1.1445808410644531
1177,1177,1.1173932552337646
1178,1178,1.1068774461746216
1179,1179,1.1513679027557373
1180,1180,1.1487694978713991
1181,1181,1.1510462760925293
1182,1182,1.1272706985473633
1183,1183,1.1242170333862305
1184,1184,1.1185115575790403
1185,1185,1.1860905885696411
1186,1186,1.171539068222046
1187,1187,1.16212797164917
1188,1188,1.1710078716278076
1189,1189,1.176402926445007
1190,1190,1.1729683876037598
1191,1191,1.2295773029327393
1192,1192,1.245261788368225
1193,1193,1.2461318969726562
1194,1194,1.199305295944214
1195,1195,1.1970748901367188
1196,1196,1.2037878036499023
1197,1197,1.1338629722595217
1198,1198,1.1178072690963743
1199,1199,1.1169897317886353
1200,1200,1.153428554534912
1201,1201,1.1467525959014893
1202,1202,1.1549394130706787
1203,1203,1.1657748222351074
1204,1204,1.1740220785140991
1205,1205,1.1853070259094238
1206,1206,1.2074673175811768
1207,1207,1.2064670324325562
1208,1208,1.2463629245758057
1209,1209,1.156769037246704
1210,1210,1.1734707355499268
1211,1211,1.1762408018112185
1212,1212,1.210293889045715
1213,1213,1.2106093168258667
1214,1214,1.2055275440216064
1215,1215,1.203059196472168
1216,1216,1.199202060699463
1217,1217,1.194209098815918
1218,1218,1.5984538793563845
1219,1219,1.6189037561416626
1220,1220,1.6300636529922483
1221,1221,1.7188670635223389
1222,1222,1.813802480697632
1223,1223,1.812320113182068
1224,1224,1.9008365869522093
1225,1225,1.938206911087036
1226,1226,1.946768879890442
1227,1227,2.2123963832855225
1228,1228,2.486523151397705
1229,1229,2.3385725021362305
1230,1230,2.33166766166687
1231,1231,2.4299187660217285
1232,1232,2.291337013244629
1233,1233,1.7690552473068235
1234,1234,1.82325541973114
1235,1235,1.7871472835540771
1236,1236,1.6051892042160034
1237,1237,1.6031861305236816
1238,1238,1.613919973373413
1239,1239,1.4352459907531738
1240,1240,1.4083418846130369
1241,1241,1.4031342267990112
1242,1242,1.6383123397827148
1243,1243,1.6830366849899292
1244,1244,1.7723904848098757
1245,1245,4.417698860168457
1246,1246,4.986756324768066
1247,1247,5.110621452331543
1248,1248,4.788163661956787
1249,1249,4.815874099731445
1250,1250,4.8126139640808105
1251,1251,3.889724731445313
1252,1252,3.840116024017334
1253,1253,3.199510335922241
1254,1254,2.1566898822784424
1255,1255,2.0380716323852544
1256,1256,2.0929148197174072
1257,1257,1.5881686210632324
1258,1258,1.626386642456055
1259,1259,1.6627068519592283
1260,1260,1.8175427913665767
1261,1261,1.8195879459381104
1262,1262,1.7346268892288208
1263,1263,1.44775390625
1264,1264,1.4264161586761477
1265,1265,1.4471871852874756
1266,1266,1.117582082748413
1267,1267,1.1242002248764038
1268,1268,1.1315861940383911
1269,1269,1.2604773044586182
1270,1270,1.296267867088318
1271,1271,1.3944272994995115
1272,1272,1.7097166776657104
1273,1273,1.7055648565292358
1274,1274,1.7237954139709473
1275,1275,1.7485378980636597
1276,1276,1.7547459602355957
1277,1277,1.7349992990493774
1278,1278,1.6876586675643919
1279,1279,1.6631755828857422
1280,1280,1.6587852239608765
1281,1281,3.4163973331451416
1282,1282,3.4360265731811523
1283,1283,3.2091491222381587
1284,1284,2.9995265007019043
1285,1285,2.6750810146331787
1286,1286,2.411438465118408
1287,1287,1.1726138591766355
1288,1288,1.1645300388336182
1289,1289,1.1617146730422974
1290,1290,1.87751567363739
1291,1291,1.9101351499557493
1292,1292,1.8352125883102417
1293,1293,1.3493223190307615
1294,1294,1.4085452556610107
1295,1295,1.4002630710601809
1296,1296,1.5418533086776731
1297,1297,1.4971672296524048
1298,1298,1.42706298828125
1299,1299,1.2256290912628174
1300,1300,1.2006473541259766
1301,1301,1.1966285705566406
1302,1302,1.5248844623565674
1303,1303,1.4688720703125
1304,1304,1.4706809520721436
1305,1305,1.1917097568511963
1306,1306,1.1882498264312744
1307,1307,1.2369911670684814
1308,1308,1.147881031036377
1309,1309,1.1799499988555908
1310,1310,1.168134331703186
1311,1311,1.463315486907959
1312,1312,1.4746524095535278
1313,1313,1.5052238702774048
1314,1314,1.6786940097808838
1315,1315,1.7387624979019165
1316,1316,1.7187988758087158
1317,1317,2.329888343811035
1318,1318,2.3083529472351074
1319,1319,2.3120036125183105
1320,1320,1.3550786972045898
1321,1321,1.338422775268555
1322,1322,1.3300880193710327
1323,1323,3.430011749267578
1324,1324,3.325652599334717
1325,1325,2.9474365711212163
1326,1326,2.344410181045532
1327,1327,2.280161142349243
1328,1328,2.185417652130127
1329,1329,1.2906359434127808
1330,1330,1.275668382644653
1331,1331,1.2415578365325928
1332,1332,1.6188544034957886
1333,1333,1.66902756690979
1334,1334,1.7463077306747437
1335,1335,1.232691526412964
1336,1336,1.2346606254577637
1337,1337,1.288998007774353
1338,1338,1.5347839593887331
1339,1339,1.5003892183303833
1340,1340,1.4544451236724854
1341,1341,1.155388116836548
1342,1342,1.1469361782073977
1343,1343,1.1411783695220947
1344,1344,1.9047195911407468
1345,1345,1.8838196992874143
1346,1346,1.8116106986999512
1347,1347,1.2012736797332764
1348,1348,1.211256504058838
1349,1349,1.197309494018555
1350,1350,1.1538097858428955
1351,1351,1.155005693435669
1352,1352,1.1644573211669922
1353,1353,1.1961023807525637
1354,1354,1.2003310918807983
1355,1355,1.2047889232635498
1356,1356,1.2359766960144043
1357,1357,1.241180658340454
1358,1358,1.2579808235168457
1359,1359,1.4751342535018919
1360,1360,1.4755315780639648
1361,1361,1.5480647087097168
1362,1362,1.2402684688568115
1363,1363,1.224461793899536
1364,1364,1.232189655303955
1365,1365,3.1774816513061523
1366,1366,2.7350215911865234
1367,1367,2.60994029045105
1368,1368,1.6172142028808594
1369,1369,1.4568732976913452
1370,1370,1.3731889724731443
1371,1371,1.1737701892852783
1372,1372,1.16499924659729
1373,1373,1.160006046295166
1374,1374,1.166107416152954
1375,1375,1.1762135028839111
1376,1376,1.1779673099517822
1377,1377,1.166107416152954
1378,1378,1.1766226291656494
1379,1379,1.1899455785751345
1380,1380,1.2574009895324707
1381,1381,1.2560724020004272
1382,1382,1.2896435260772705
1383,1383,1.1958916187286377
1384,1384,1.195024490356445
1385,1385,1.1980311870574951
1386,1386,1.216054081916809
1387,1387,1.1950750350952148
1388,1388,1.1960089206695557
1389,1389,1.1505181789398191
1390,1390,1.1560710668563845
1391,1391,1.1605730056762695
1392,1392,1.156494140625
1393,1393,1.1773836612701416
1394,1394,1.179995059967041
1395,1395,1.1634724140167236
1396,1396,1.1773836612701416
1397,1397,1.1840142011642456
1398,1398,1.1634728908538818
1399,1399,1.1773836612701416
1400,1400,1.1746991872787476
1401,1401,1.1803288459777832
1402,1402,1.1880149841308594
1403,1403,1.1893388032913208
1404,1404,1.1846859455108645
1405,1405,1.1831583976745603
1406,1406,1.1893388032913208
1407,1407,4.506617069244385
1408,1408,3.804270029067993
1409,1409,2.7497687339782715
1410,1410,1.144742488861084
1411,1411,1.1589244604110718
1412,1412,1.1462087631225586
1413,1413,1.257334589958191
1414,1414,1.2927327156066897
1415,1415,1.3157563209533691
1416,1416,1.249053955078125
1417,1417,1.2515246868133545
1418,1418,1.2392144203186035
1419,1419,1.275104522705078
1420,1420,1.2927327156066897
1421,1421,1.3263390064239502
1422,1422,1.250141978263855
1423,1423,1.2470436096191406
1424,1424,1.207258224487305
1425,1425,1.3108248710632324
1426,1426,1.3019366264343262
1427,1427,1.3155286312103271
1428,1428,1.9430211782455444
1429,1429,1.783220887184143
1430,1430,1.6936883926391602
1431,1431,1.161003828048706
1432,1432,1.163641333580017
1433,1433,1.1575753688812256
1434,1434,1.1320860385894775
1435,1435,1.1418156623840332
1436,1436,1.1396701335906982
1437,1437,1.126932144165039
1438,1438,1.132955551147461
1439,1439,1.1393640041351318
1440,1440,1.1647217273712158
1441,1441,1.1675598621368408
1442,1442,1.1646497249603271
1443,1443,1.2087113857269287
1444,1444,1.2106744050979614
1445,1445,1.2215185165405271
1446,1446,1.2799540758132937
1447,1447,1.281338453292847
1448,1448,1.2779603004455566
1449,1449,5.70872974395752
1450,1450,6.2056884765625
1451,1451,5.795914173126222
1452,1452,1.4475488662719729
1453,1453,1.2785491943359375
1454,1454,1.20415461063385
1455,1455,1.1359766721725464
1456,1456,1.1358754634857178
1457,1457,1.1432058811187744
1458,1458,1.2074673175811768
1459,1459,1.2064670324325562
1460,1460,1.2306545972824097
1461,1461,1.190000057220459
1462,1462,1.1806471347808838
1463,1463,1.1715035438537598
1464,1464,1.203236103057861
1465,1465,1.2115790843963623
1466,1466,1.2120398283004759
1467,1467,1.203059196472168
1468,1468,1.2115790843963623
1469,1469,1.215271234512329
1470,1470,1.4835119247436523
1471,1471,1.4863634109497068
1472,1472,1.4809390306472778
1473,1473,1.5035769939422607
1474,1474,1.5336966514587402
1475,1475,1.571328043937683
1476,1476,1.6732075214385986
1477,1477,1.8014250993728638
1478,1478,1.8081520795822144
1479,1479,1.87277090549469
1480,1480,1.83634090423584
1481,1481,1.8646665811538696
1482,1482,1.9286741018295288
1483,1483,1.9407966136932373
1484,1484,1.914173603057861
1485,1485,1.6511344909667969
1486,1486,1.6415894031524658
1487,1487,1.6147146224975586
1488,1488,1.5278007984161377
1489,1489,1.4894413948059082
1490,1490,1.4851608276367188
1491,1491,1.6692436933517456
1492,1492,1.5457627773284912
1493,1493,1.5299503803253174
1494,1494,1.4926912784576416
1495,1495,1.5887299776077268
1496,1496,1.6182997226715088
1497,1497,2.0558557510375977
1498,1498,2.221523761749268
1499,1499,2.307279348373413
1500,1500,2.089441299438477
1501,1501,2.344449043273926
1502,1502,2.356403589248657
1503,1503,1.9106348752975464
1504,1504,1.93696391582489
1505,1505,1.9980123043060305
1506,1506,2.0092270374298096
1507,1507,1.981289386749268
1508,1508,1.983206868171692
1509,1509,1.541828751564026
1510,1510,1.5522741079330444
1511,1511,1.4737088680267334
1512,1512,1.8054457902908323
1513,1513,1.657703518867493
1514,1514,1.5661113262176514
1515,1515,1.2354404926300049
1516,1516,1.2749426364898682
1517,1517,1.2926750183105469
1518,1518,1.8405462503433228
1519,1519,1.5077720880508425
1520,1520,1.3045995235443115
1521,1521,1.590311884880066
1522,1522,1.6026020050048828
1523,1523,1.6279176473617554
1524,1524,1.908774137496948
1525,1525,1.8851728439331052
1526,1526,1.8998814821243288
1527,1527,1.7739489078521729
1528,1528,1.7824443578720093
1529,1529,1.7413593530654907
1530,1530,1.5609863996505735
1531,1531,1.5662990808486938
1532,1532,1.5401936769485474
1533,1533,2.2106118202209477
1534,1534,2.0205316543579097
1535,1535,1.8796502351760864
1536,1536,2.2216572761535645
1537,1537,1.9385128021240237
1538,1538,1.8558162450790403
1539,1539,1.2197368144989014
1540,1540,1.2182000875473022
1541,1541,1.215038776397705
1542,1542,1.7204915285110474
1543,1543,1.7039810419082642
1544,1544,1.6181511878967283
1545,1545,1.3016502857208252
1546,1546,1.337494134902954
1547,1547,1.330871343612671
1548,1548,1.286109447479248
1549,1549,1.2711181640625
1550,1550,1.2529850006103516
1551,1551,1.4484834671020508
1552,1552,1.4856605529785156
1553,1553,1.4695074558258057
1554,1554,1.2828292846679688
1555,1555,1.3014696836471558
1556,1556,1.3525149822235107
1557,1557,1.3275392055511477
1558,1558,1.307608127593994
1559,1559,1.2953441143035889
1560,1560,1.122889757156372
1561,1561,1.137791633605957
1562,1562,1.1566838026046753
1563,1563,1.520388126373291
1564,1564,1.5565077066421509
1565,1565,1.5111663341522217
1566,1566,1.9191542863845823
1567,1567,1.9823607206344604
1568,1568,2.0438973903656006
1569,1569,2.180694580078125
1570,1570,2.0886478424072266
1571,1571,1.9577208757400515
1572,1572,1.6928997039794922
1573,1573,1.6440860033035278
1574,1574,1.602389574050903
1575,1575,3.307289123535156
1576,1576,1.974611520767212
1577,1577,1.8974584341049197
1578,1578,2.161325454711914
1579,1579,2.0593702793121342
1580,1580,1.9434446096420288
1581,1581,1.1515145301818848
1582,1582,1.1738104820251465
1583,1583,1.1795055866241455
1584,1584,1.5860757827758791
1585,1585,1.6104637384414673
1586,1586,1.6349096298217771
1587,1587,1.806689977645874
1588,1588,1.8131334781646729
1589,1589,1.796291708946228
1590,1590,1.753089189529419
1591,1591,1.75062096118927
1592,1592,1.5980339050292969
1593,1593,1.1505995988845823
1594,1594,1.147694706916809
1595,1595,1.143756628036499
1596,1596,1.4568393230438232
1597,1597,1.345659255981445
1598,1598,1.2784711122512815
1599,1599,1.272223711013794
1600,1600,1.2643637657165527
1601,1601,1.2563108205795288
1602,1602,1.173802137374878
1603,1603,1.1737327575683594
1604,1604,1.175140619277954
1605,1605,1.2292051315307615
1606,1606,1.2369768619537354
1607,1607,1.2534220218658447
1608,1608,1.4243632555007937
1609,1609,1.3890206813812256
1610,1610,1.4113062620162964
1611,1611,1.4745482206344604
1612,1612,1.3785746097564695
1613,1613,1.3117823600769043
1614,1614,1.2384370565414429
1615,1615,1.2231680154800415
1616,1616,1.22548508644104
1617,1617,2.0925073623657227
1618,1618,2.0540170669555664
1619,1619,1.9240859746932983
1620,1620,1.4690592288970947
1621,1621,1.4927010536193848
1622,1622,1.4542286396026611
1623,1623,1.1043545007705688
1624,1624,1.1137838363647459
1625,1625,1.110034465789795
1626,1626,1.1833412647247314
1627,1627,1.1762135028839111
1628,1628,1.1809031963348389
1629,1629,1.256361484527588
1630,1630,1.2538142204284668
1631,1631,1.259321689605713
1632,1632,1.248830795288086
1633,1633,1.2379671335220337
1634,1634,1.207871675491333
1635,1635,1.1982793807983398
1636,1636,1.195024490356445
1637,1637,1.1957204341888428
1638,1638,1.1781978607177734
1639,1639,1.1781671047210691
1640,1640,1.1840142011642456
1641,1641,1.5798571109771729
1642,1642,1.5505974292755127
1643,1643,1.5153604745864868
1644,1644,1.201266527175903
1645,1645,1.20129656791687
1646,1646,1.2078118324279783
1647,1647,1.195183038711548
1648,1648,1.1989493370056152
1649,1649,1.2078118324279783
1650,1650,1.1513350009918213
1651,1651,1.1534911394119265
1652,1652,1.1614422798156738
1653,1653,1.2077245712280271
1654,1654,1.2090888023376465
1655,1655,1.208508849143982
1656,1656,1.1998956203460691
1657,1657,1.198716640472412
1658,1658,1.1984968185424805
1659,1659,1.2629337310791016
1660,1660,1.2277281284332275
1661,1661,1.165867567062378
1662,1662,1.447216272354126
1663,1663,1.3790405988693235
1664,1664,1.4013718366622925
1665,1665,1.1983479261398315
1666,1666,1.2020137310028076
1667,1667,1.2025127410888672
1668,1668,1.9197847843170168
1669,1669,1.7397170066833496
1670,1670,1.5387425422668457
1671,1671,1.212270736694336
1672,1672,1.2634937763214111
1673,1673,1.2537727355957031
1674,1674,1.2140029668807983
1675,1675,1.2468980550765991
1676,1676,1.2130030393600464
1677,1677,1.4148049354553225
1678,1678,1.3850586414337158
1679,1679,1.3571646213531494
1680,1680,1.1625463962554932
1681,1681,1.159390211105347
1682,1682,1.148787021636963
1683,1683,1.1476688385009766
1684,1684,1.1498398780822754
1685,1685,1.1495027542114258
1686,1686,1.1447349786758425
1687,1687,1.1418156623840332
1688,1688,1.1396701335906982
1689,1689,1.1808767318725586
1690,1690,1.1812522411346436
1691,1691,1.1933512687683103
1692,1692,1.2442530393600464
1693,1693,1.2339413166046145
1694,1694,1.2253057956695557
1695,1695,1.2909748554229736
1696,1696,1.28338360786438
1697,1697,1.289977788925171
1698,1698,1.2498188018798828
1699,1699,1.246000051498413
1700,1700,1.2398847341537476
1701,1701,2.457688331604004
1702,1702,2.0709471702575684
1703,1703,1.7595722675323486
1704,1704,1.271233081817627
1705,1705,1.2996970415115356
1706,1706,1.26141357421875
1707,1707,1.1277976036071775
1708,1708,1.1337897777557373
1709,1709,1.132612705230713
1710,1710,1.1593017578125
1711,1711,1.172732949256897
1712,1712,1.1747453212738037
1713,1713,1.162128448486328
1714,1714,1.1698098182678225
1715,1715,1.1745667457580566
1716,1716,1.2142672538757324
1717,1717,1.232050538063049
1718,1718,1.2125303745269775
1719,1719,1.2144441604614258
1720,1720,1.2298378944396973
1721,1721,1.237462282180786
1722,1722,1.4550125598907468
1723,1723,1.5043303966522217
1724,1724,1.5055007934570312
1725,1725,2.2778525352478027
1726,1726,2.3789989948272705
1727,1727,2.336002826690674
1728,1728,1.686117172241211
1729,1729,1.7458884716033936
1730,1730,1.7209842205047607
1731,1731,1.8702601194381716
1732,1732,1.979588747024536
1733,1733,1.9714680910110476
1734,1734,1.6756258010864258
1735,1735,1.762072205543518
1736,1736,1.734375238418579
1737,1737,1.5838288068771362
1738,1738,1.6045316457748413
1739,1739,1.6054558753967283
1740,1740,1.7416983842849731
1741,1741,1.8324035406112669
1742,1742,1.8377925157547
1743,1743,1.6735600233078003
1744,1744,1.5980383157730105
1745,1745,1.743596434593201
1746,1746,3.621253252029419
1747,1747,3.1156883239746094
1748,1748,2.879331350326538
1749,1749,3.3951923847198486
1750,1750,3.428421974182129
1751,1751,3.633305311203003
1752,1752,3.19614052772522
1753,1753,3.3569836616516118
1754,1754,3.3384096622467037
1755,1755,1.960458517074585
1756,1756,2.034844160079956
1757,1757,2.111473560333252
1758,1758,1.6781163215637207
1759,1759,1.7832013368606567
1760,1760,1.7514150142669678
1761,1761,1.7805697917938232
1762,1762,1.7833876609802246
1763,1763,1.728986144065857
1764,1764,1.5849968194961548
1765,1765,1.4759758710861206
1766,1766,1.4892632961273191
1767,1767,1.3777992725372314
1768,1768,1.38051176071167
1769,1769,1.3926105499267578
1770,1770,1.1595234870910645
1771,1771,1.171193242073059
1772,1772,1.2020882368087769
1773,1773,1.4777154922485352
1774,1774,1.4811036586761477
1775,1775,1.5610558986663818
1776,1776,2.1884961128234863
1777,1777,2.0267739295959477
1778,1778,1.9304674863815308
1779,1779,1.717267990112305
1780,1780,1.6777603626251218
1781,1781,1.6701923608779907
1782,1782,1.3949365615844729
1783,1783,1.3776119947433472
1784,1784,1.3863754272460938
1785,1785,3.07295036315918
1786,1786,2.845749855041504
1787,1787,2.630364894866944
1788,1788,2.143840789794922
1789,1789,1.9366797208786009
1790,1790,1.827034831047058
1791,1791,1.2070577144622805
1792,1792,1.2182000875473022
1793,1793,1.2139594554901123
1794,1794,1.4127577543258667
1795,1795,1.3855646848678589
1796,1796,1.3666980266571045
1797,1797,1.2512538433074951
1798,1798,1.2508567571640017
1799,1799,1.2640385627746582
1800,1800,1.6469902992248535
1801,1801,1.4624993801116943
1802,1802,1.3859007358551023
1803,1803,1.2950100898742676
1804,1804,1.290248155593872
1805,1805,1.2588375806808472
1806,1806,1.385290503501892
1807,1807,1.353541374206543
1808,1808,1.3761520385742188
1809,1809,1.4121001958847046
1810,1810,1.45837140083313
1811,1811,1.4391262531280518
1812,1812,1.1747515201568604
1813,1813,1.1711152791976929
1814,1814,1.17677903175354
1815,1815,2.013434171676636
1816,1816,1.9849685430526731
1817,1817,2.0183990001678467
1818,1818,2.098989963531494
1819,1819,2.16043472290039
1820,1820,2.1493594646453857
1821,1821,2.3512911796569824
1822,1822,2.2914910316467285
1823,1823,2.1471307277679443
1824,1824,2.3804750442504883
1825,1825,2.3021020889282227
1826,1826,2.1955690383911133
1827,1827,3.0520501136779785
1828,1828,2.815049171447754
1829,1829,2.5776586532592773
1830,1830,2.1589980125427246
1831,1831,2.0357589721679688
1832,1832,1.9481724500656128
1833,1833,1.3244686126708984
1834,1834,1.3436049222946167
1835,1835,1.4262316226959229
1836,1836,1.513312578201294
1837,1837,1.4900853633880615
1838,1838,1.4442933797836304
1839,1839,1.4265613555908203
1840,1840,1.4743609428405762
1841,1841,1.4913276433944702
1842,1842,1.6638306379318235
1843,1843,1.7095576524734497
1844,1844,1.678290843963623
1845,1845,1.1544976234436035
1846,1846,1.1469361782073977
1847,1847,1.143756628036499
1848,1848,1.3651669025421145
1849,1849,1.3207156658172607
1850,1850,1.2754379510879517
1851,1851,1.2053247690200806
1852,1852,1.2110929489135742
1853,1853,1.2002942562103271
1854,1854,1.150949001312256
1855,1855,1.153065800666809
1856,1856,1.16568922996521
1857,1857,1.3542649745941162
1858,1858,1.3584425449371338
1859,1859,1.3585484027862549
1860,1860,1.32433021068573
1861,1861,1.3314371109008791
1862,1862,1.313998460769653
1863,1863,1.7655513286590576
1864,1864,1.6994646787643433
1865,1865,1.601475954055786
1866,1866,1.227458953857422
1867,1867,1.2203407287597656
1868,1868,1.22548508644104
1869,1869,2.091106414794922
1870,1870,1.9639853239059448
1871,1871,1.7947632074356081
1872,1872,1.1970362663269043
1873,1873,1.183881759643555
1874,1874,1.162301540374756
1875,1875,1.108351469039917
1876,1876,1.1160421371459959
1877,1877,1.1083705425262451
1878,1878,1.2056047916412354
1879,1879,1.209085464477539
1880,1880,1.2112072706222534
1881,1881,1.2826063632965088
1882,1882,1.2534050941467283
1883,1883,1.2682185173034668
1884,1884,1.3498263359069824
1885,1885,1.3015644550323486
1886,1886,1.294195532798767
1887,1887,1.2501018047332764
1888,1888,1.2361180782318115
1889,1889,1.2284383773803709
1890,1890,1.170811653137207
1891,1891,1.2337851524353027
1892,1892,1.2317237854003906
1893,1893,1.2639648914337158
1894,1894,1.2782599925994873
1895,1895,1.2776241302490234
1896,1896,1.246314287185669
1897,1897,1.218480110168457
1898,1898,1.212409257888794
1899,1899,1.1737072467803955
1900,1900,1.1831583976745603
1901,1901,1.1864995956420898
1902,1902,1.2137219905853271
1903,1903,1.23250412940979
1904,1904,1.2286462783813477
1905,1905,1.1812893152236938
1906,1906,1.1831583976745603
1907,1907,1.1856303215026855
1908,1908,1.1824376583099363
1909,1909,1.1805784702301023
1910,1910,1.184088945388794
1911,1911,2.9838054180145264
1912,1912,2.8916471004486084
1913,1913,2.400721311569214
1914,1914,1.211166501045227
1915,1915,1.2592458724975586
1916,1916,1.244157791137695
1917,1917,1.2211204767227173
1918,1918,1.25336754322052
1919,1919,1.2334697246551514
1920,1920,1.2173638343811035
1921,1921,1.2510018348693848
1922,1922,1.210374116897583
1923,1923,1.2774385213851929
1924,1924,1.2747030258178709
1925,1925,1.2644836902618408
1926,1926,1.2738871574401855
1927,1927,1.2639471292495728
1928,1928,1.2465994358062744
1929,1929,1.3397482633590698
1930,1930,1.362346887588501
1931,1931,1.3602805137634275
1932,1932,1.218130588531494
1933,1933,1.2126277685165403
1934,1934,1.2109434604644775
1935,1935,1.1559202671051023
1936,1936,1.1474902629852295
1937,1937,1.1412653923034668
1938,1938,1.1269588470458984
1939,1939,1.1222988367080688
1940,1940,1.1137259006500244
1941,1941,1.162956476211548
1942,1942,1.1657179594039917
1943,1943,1.16212797164917
1944,1944,1.1924270391464231
1945,1945,1.1970258951187134
1946,1946,1.2058902978897097
1947,1947,1.361448049545288
1948,1948,1.3441715240478516
1949,1949,1.3540468215942385
1950,1950,1.2023062705993652
1951,1951,1.1971948146820068
1952,1952,1.2066400051116943
1953,1953,1.7793735265731812
1954,1954,1.7159852981567385
1955,1955,1.5612257719039917
1956,1956,1.2638028860092163
1957,1957,1.2617263793945312
1958,1958,1.239521026611328
1959,1959,1.1308963298797607
1960,1960,1.1360023021697998
1961,1961,1.140236258506775
1962,1962,1.2142672538757324
1963,1963,1.233020305633545
1964,1964,1.2199034690856934
1965,1965,1.1990858316421509
1966,1966,1.1968094110488892
1967,1967,1.1923837661743164
1968,1968,1.2389916181564329
1969,1969,1.2523248195648191
1970,1970,1.252940654754639
1971,1971,1.2184175252914429
1972,1972,1.2340562343597412
1973,1973,1.2125303745269775
1974,1974,1.6911423206329346
1975,1975,1.8231759071350095
1976,1976,1.8030925989151
1977,1977,1.8325932025909424
1978,1978,1.8916575908660889
1979,1979,1.9040179252624512
1980,1980,2.177375316619873
1981,1981,2.2582039833068848
1982,1982,2.2261948585510254
1983,1983,1.921455264091492
1984,1984,2.0514678955078125
1985,1985,1.9837877750396729
1986,1986,1.7237585783004759
1987,1987,1.7753466367721558
1988,1988,1.7593641281127932
1989,1989,1.5253217220306396
1990,1990,1.5296268463134766
1991,1991,1.5427850484848022
1992,1992,1.7708207368850708
1993,1993,1.842000722885132
1994,1994,1.85705840587616
1995,1995,1.436322569847107
1996,1996,1.441357135772705
1997,1997,1.553195238113403
1998,1998,2.493910789489746
1999,1999,2.51806378364563
2000,2000,2.4482581615448
2001,2001,3.3865060806274414
2002,2002,3.0925874710083012
2003,2003,3.238184928894043
2004,2004,4.3803558349609375
2005,2005,4.6717801094055185
2006,2006,4.452672958374023
2007,2007,3.87859320640564
2008,2008,3.774444103240967
2009,2009,3.3302855491638184
2010,2010,2.27085280418396
2011,2011,2.1233358383178706
2012,2012,2.0509569644927983
2013,2013,1.5997538566589355
2014,2014,1.5798616409301758
2015,2015,1.6486647129058838
2016,2016,1.834850549697876
2017,2017,1.70696222782135
2018,2018,1.5961853265762331
2019,2019,1.347345948219299
2020,2020,1.37144136428833
2021,2021,1.3813064098358154
2022,2022,1.18863844871521
2023,2023,1.2379646301269531
2024,2024,1.2622643709182741
2025,2025,1.7936835289001465
2026,2026,1.8055374622344968
2027,2027,1.8277442455291748
2028,2028,1.7468385696411133
2029,2029,1.7605636119842532
2030,2030,1.7993791103363037
2031,2031,1.7874099016189575
2032,2032,1.7816704511642456
2033,2033,1.7419483661651611
2034,2034,1.722373366355896
2035,2035,1.6914770603179932
2036,2036,1.7116945981979368
2037,2037,2.570110321044922
2038,2038,2.324610471725464
2039,2039,2.2721986770629883
2040,2040,2.8192403316497803
2041,2041,2.589435338973999
2042,2042,2.4297280311584477
2043,2043,1.249557375907898
2044,2044,1.2508567571640017
2045,2045,1.261737823486328
2046,2046,1.772157907485962
2047,2047,1.687690496444702
2048,2048,1.5977143049240112
2049,2049,1.7325485944747925
2050,2050,1.6977893114089966
2051,2051,1.6210285425186155
2052,2052,2.6805078983306885
2053,2053,2.586188077926636
2054,2054,2.4800620079040527
2055,2055,1.3465945720672607
2056,2056,1.345792293548584
2057,2057,1.329084396362305
2058,2058,1.3280656337738037
2059,2059,1.3314406871795654
2060,2060,1.3707441091537476
2061,2061,2.4599103927612305
2062,2062,2.206317663192749
2063,2063,2.0155649185180664
2064,2064,1.2442879676818848
2065,2065,1.2427098751068115
2066,2066,1.2100532054901123
2067,2067,1.6707533597946167
2068,2068,1.6956382989883425
2069,2069,1.7187988758087158
2070,2070,1.6047887802124023
2071,2071,1.6389570236206057
2072,2072,1.6215851306915283
2073,2073,2.1883461475372314
2074,2074,2.150928497314453
2075,2075,2.1546549797058105
2076,2076,3.6292545795440674
2077,2077,2.8960039615631104
2078,2078,2.4163098335266118
2079,2079,2.62831711769104
2080,2080,2.4062862396240234
2081,2081,2.359164237976074
2082,2082,2.0235726833343506
2083,2083,1.9135600328445437
2084,2084,1.7746634483337402
2085,2085,1.267030954360962
2086,2086,1.3187847137451172
2087,2087,1.4334259033203125
2088,2088,1.8920109272003172
2089,2089,1.847960352897644
2090,2090,1.835017800331116
2091,2091,2.2281010150909424
2092,2092,2.1768856048583984
2093,2093,2.0307774543762207
2094,2094,1.6660780906677246
2095,2095,1.6207984685897827
2096,2096,1.4066081047058103
2097,2097,1.2604821920394895
2098,2098,1.338076114654541
2099,2099,1.2879092693328855
2100,2100,1.4933519363403318
2101,2101,1.4552433490753174
2102,2102,1.3820505142211914
2103,2103,1.3220788240432741
2104,2104,1.37150776386261
2105,2105,1.3549368381500244
2106,2106,1.1737871170043943
2107,2107,1.1948899030685425
2108,2108,1.2005572319030762
2109,2109,1.2293002605438232
2110,2110,1.260928511619568
2111,2111,1.260580062866211
2112,2112,1.7263402938842771
2113,2113,1.6759319305419922
2114,2114,1.6633969545364382
2115,2115,2.4385037422180176
2116,2116,2.486415386199951
2117,2117,2.0050277709960938
2118,2118,1.6284985542297363
2119,2119,1.5936260223388672
2120,2120,1.552979826927185
2121,2121,1.934653401374817
2122,2122,1.7673360109329224
2123,2123,1.6959596872329712
2124,2124,1.2488586902618408
2125,2125,1.2272334098815918
2126,2126,1.1978492736816406
2127,2127,1.1421746015548706
2128,2128,1.152778148651123
2129,2129,1.1438453197479248
2130,2130,1.376333475112915
2131,2131,1.3823528289794922
2132,2132,1.3290966749191284
2133,2133,1.3551652431488037
2134,2134,1.3827619552612305
2135,2135,1.3277833461761477
2136,2136,1.3498263359069824
2137,2137,1.3011553287506104
2138,2138,1.294195532798767
2139,2139,1.2501018047332764
2140,2140,1.238376259803772
2141,2141,1.2273852825164795
2142,2142,1.1941081285476685
2143,2143,1.2414525747299194
2144,2144,1.2482872009277344
2145,2145,1.184199333190918
2146,2146,1.2028160095214844
2147,2147,1.2069425582885742
2148,2148,1.3824100494384766
2149,2149,1.4056464433670044
2150,2150,1.412311315536499
2151,2151,2.653659582138061
2152,2152,2.632220506668091
2153,2153,2.824033498764038
2154,2154,1.2455601692199707
2155,2155,1.2208272218704224
2156,2156,1.2245852947235107
2157,2157,1.1880242824554443
2158,2158,1.1805784702301023
2159,2159,1.1877975463867188
2160,2160,1.1739752292633057
2161,2161,1.1831583976745603
2162,2162,1.1856303215026855
2163,2163,2.1054959297180176
2164,2164,1.8950177431106567
2165,2165,1.6717417240142822
2166,2166,1.2176928520202637
2167,2167,1.2329151630401611
2168,2168,1.203387975692749
2169,2169,2.5572588443756104
2170,2170,2.2437968254089355
2171,2171,1.87484610080719
2172,2172,2.5983726978302
2173,2173,2.201300621032715
2174,2174,2.008944034576416
2175,2175,1.161232352256775
2176,2176,1.1825528144836426
2177,2177,1.185274362564087
2178,2178,1.224303960800171
2179,2179,1.2386538982391355
2180,2180,1.2130030393600464
2181,2181,1.2239569425582886
2182,2182,1.2478947639465332
2183,2183,1.210374116897583
2184,2184,1.2110143899917605
2185,2185,1.206390380859375
2186,2186,1.1966676712036133
2187,2187,1.1970961093902588
2188,2188,1.1917643547058103
2189,2189,1.186785340309143
2190,2190,1.173051357269287
2191,2191,1.180608868598938
2192,2192,1.1908102035522459
2193,2193,1.1925556659698486
2194,2194,1.1899863481521606
2195,2195,1.1927547454833984
2196,2196,1.238563060760498
2197,2197,1.240541696548462
2198,2198,1.2334985733032229
2199,2199,1.324686050415039
2200,2200,1.3172158002853394
2201,2201,1.324073076248169
2202,2202,1.279000759124756
2203,2203,1.2986485958099363
2204,2204,1.303318738937378
2205,2205,1.6753100156784058
2206,2206,1.584364652633667
2207,2207,1.5686867237091064
2208,2208,1.2806369066238403
2209,2209,1.323615312576294
2210,2210,1.3304226398468018
2211,2211,1.1264264583587646
2212,2212,1.1228704452514648
2213,2213,1.1331239938735962
2214,2214,1.2681362628936768
2215,2215,1.2798901796340942
2216,2216,1.275463581085205
2217,2217,1.2302577495574951
2218,2218,1.2284152507781982
2219,2219,1.2281546592712402
2220,2220,1.2342312335968018
2221,2221,1.241982102394104
2222,2222,1.2526559829711914
2223,2223,1.2239985466003418
2224,2224,1.2372450828552246
2225,2225,1.2461857795715332
2226,2226,1.5499508380889893
2227,2227,1.6523429155349731
2228,2228,1.5537862777709959
2229,2229,3.2016010284423833
2230,2230,3.2357304096221924
2231,2231,3.0840270519256587
2232,2232,3.81068754196167
2233,2233,3.4515993595123287
2234,2234,3.3049623966217037
2235,2235,3.762694597244263
2236,2236,3.750500679016113
2237,2237,3.405806541442871
2238,2238,1.7693196535110474
2239,2239,1.7279505729675293
2240,2240,1.6278830766677856
2241,2241,1.6377193927764893
2242,2242,1.660483479499817
2243,2243,1.6587985754013062
2244,2244,1.734044313430786
2245,2245,2.088066816329956
2246,2246,2.0520501136779785
2247,2247,1.8311597108840945
2248,2248,1.746684193611145
2249,2249,1.8809508085250852
2250,2250,5.309889793395996
2251,2251,5.264126777648926
2252,2252,5.090418338775635
2253,2253,11.83264446258545
2254,2254,8.291778564453125
2255,2255,7.80928373336792
2256,2256,6.755768775939941
2257,2257,6.708438396453857
2258,2258,6.162234306335449
2259,2259,3.7360122203826895
2260,2260,3.8245759010314937
2261,2261,3.457764148712158
2262,2262,3.665391683578491
2263,2263,3.3206498622894287
2264,2264,2.6659486293792725
2265,2265,2.4076669216156006
2266,2266,2.2039594650268555
2267,2267,2.1546616554260254
2268,2268,1.1335389614105225
2269,2269,1.125375509262085
2270,2270,1.1443376541137695
2271,2271,1.4826027154922483
2272,2272,1.431210994720459
2273,2273,1.3701850175857544
2274,2274,1.2147375345230105
2275,2275,1.2365792989730835
2276,2276,1.254573106765747
2277,2277,1.6478981971740725
2278,2278,1.670570731163025
2279,2279,1.7409830093383791
2280,2280,2.8941307067871094
2281,2281,2.7173776626586914
2282,2282,2.4821524620056152
2283,2283,2.33737850189209
2284,2284,2.35136342048645
2285,2285,2.158599853515625
2286,2286,1.4046907424926758
2287,2287,1.4177613258361816
2288,2288,1.4289963245391846
2289,2289,1.4763462543487549
2290,2290,1.5390819311141968
2291,2291,1.5132977962493896
2292,2292,1.6634036302566528
2293,2293,1.6157851219177246
2294,2294,1.5181829929351809
2295,2295,1.3016502857208252
2296,2296,1.337494134902954
2297,2297,1.330871343612671
2298,2298,1.7268961668014526
2299,2299,1.7234503030776978
2300,2300,1.6128350496292114
2301,2301,1.4780845642089844
2302,2302,1.5426291227340698
2303,2303,1.5071502923965454
2304,2304,1.265252947807312
2305,2305,1.298493266105652
2306,2306,1.3270468711853027
2307,2307,1.190768837928772
2308,2308,1.1990702152252195
2309,2309,1.1983921527862549
2310,2310,1.2018766403198242
2311,2311,1.2416670322418213
2312,2312,1.2376840114593506
2313,2313,1.9898622035980225
2314,2314,1.9564088582992556
2315,2315,1.9452154636383057
2316,2316,1.4675474166870115
2317,2317,1.5298283100128174
2318,2318,1.493359923362732
2319,2319,2.07265853881836
2320,2320,2.1006760597229004
2321,2321,2.13977575302124
2322,2322,2.5936617851257324
2323,2323,2.501570463180542
2324,2324,2.44411849975586
2325,2325,2.755332946777344
2326,2326,2.616929054260254
2327,2327,2.573577404022217
2328,2328,1.2085858583450315
2329,2329,1.23238205909729
2330,2330,1.22479248046875
2331,2331,1.456940531730652
2332,2332,1.4765589237213137
2333,2333,1.559887409210205
2334,2334,1.7912395000457764
2335,2335,1.7934378385543823
2336,2336,1.6923116445541382
2337,2337,1.7220323085784912
2338,2338,1.729456067085266
2339,2339,1.726237416267395
2340,2340,1.912252426147461
2341,2341,1.836864233016968
2342,2342,1.8532149791717532
2343,2343,1.9972134828567505
2344,2344,1.9261239767074585
2345,2345,1.8876684904098509
2346,2346,1.7618173360824585
2347,2347,1.75062096118927
2348,2348,1.6107560396194458
2349,2349,1.170982837677002
2350,2350,1.1917049884796145
2351,2351,1.172087788581848
2352,2352,1.2041609287261963
2353,2353,1.201541543006897
2354,2354,1.2005572319030762
2355,2355,1.2305595874786377
2356,2356,1.2521004676818848
2357,2357,1.2443864345550537
2358,2358,1.3116414546966553
2359,2359,1.3295382261276243
2360,2360,1.3140846490859983
2361,2361,1.3294970989227295
2362,2362,1.3966442346572876
2363,2363,1.4208929538726809
2364,2364,1.7962510585784912
2365,2365,1.821505427360535
2366,2366,1.8357397317886357
2367,2367,1.6423866748809814
2368,2368,1.536757230758667
2369,2369,1.4227043390274048
2370,2370,1.237149000167847
2371,2371,1.2231680154800415
2372,2372,1.22548508644104
2373,2373,1.1493054628372192
2374,2374,1.1607890129089355
2375,2375,1.1634478569030762
2376,2376,1.269139528274536
2377,2377,1.2467072010040283
2378,2378,1.2430498600006104
2379,2379,1.2774934768676758
2380,2380,1.2444489002227783
2381,2381,1.2543282508850098
2382,2382,1.4934800863265991
2383,2383,1.484180927276611
2384,2384,1.4494001865386963
2385,2385,1.257427215576172
2386,2386,1.255663275718689
2387,2387,1.2767671346664429
2388,2388,1.2520880699157717
2389,2389,1.2379671335220337
2390,2390,1.204115390777588
2391,2391,1.2257485389709473
2392,2392,1.209775447845459
2393,2393,1.2137913703918457
2394,2394,1.3368828296661377
2395,2395,1.4151748418807983
2396,2396,1.4136892557144165
2397,2397,1.2095718383789062
2398,2398,1.2323896884918213
2399,2399,1.2233936786651611
2400,2400,1.3001630306243896
2401,2401,1.2864134311676023
2402,2402,1.2893376350402832
2403,2403,1.5746474266052246
2404,2404,1.5543478727340698
2405,2405,1.5321694612503052
2406,2406,1.2327150106430054
2407,2407,1.1988787651062012
2408,2408,1.1976275444030762
2409,2409,1.188953161239624
2410,2410,1.189168095588684
2411,2411,1.1893388032913208
2412,2412,1.186699390411377
2413,2413,1.1831583976745603
2414,2414,1.1856303215026855
2415,2415,1.1422849893569946
2416,2416,1.1396453380584717
2417,2417,1.1334030628204346
2418,2418,1.1987895965576172
2419,2419,1.169938325881958
2420,2420,1.1488420963287354
2421,2421,1.4719991683959959
2422,2422,1.3890936374664309
2423,2423,1.4013718366622925
2424,2424,1.6174358129501345
2425,2425,1.5129212141036987
2426,2426,1.4421844482421875
2427,2427,1.2141923904418943
2428,2428,1.2510018348693848
2429,2429,1.2130030393600464
2430,2430,1.1977627277374268
2431,2431,1.1875683069229126
2432,2432,1.201113224029541
2433,2433,1.4148049354553225
2434,2434,1.3850586414337158
2435,2435,1.3571646213531494
2436,2436,1.140081524848938
2437,2437,1.1435034275054932
2438,2438,1.1413748264312744
2439,2439,1.17183518409729
2440,2440,1.1692137718200684
2441,2441,1.159366250038147
2442,2442,1.1556146144866943
2443,2443,1.149993896484375
2444,2444,1.1484955549240112
2445,2445,1.2284581661224363
2446,2446,1.2365034818649292
2447,2447,1.220361828804016
2448,2448,1.2330470085144043
2449,2449,1.2374205589294434
2450,2450,1.223949909210205
2451,2451,1.2732666730880735
2452,2452,1.2504210472106934
2453,2453,1.247654914855957
2454,2454,1.2380356788635254
2455,2455,1.2386889457702637
2456,2456,1.2281367778778076
2457,2457,1.1860299110412598
2458,2458,1.1863486766815186
2459,2459,1.2005246877670288
2460,2460,1.358611822128296
2461,2461,1.4071528911590576
2462,2462,1.4562017917633057
2463,2463,1.1504619121551514
2464,2464,1.159039855003357
2465,2465,1.180113434791565
2466,2466,1.258125066757202
2467,2467,1.292229175567627
2468,2468,1.2817772626876829
2469,2469,1.2912983894348145
2470,2470,1.3216063976287842
2471,2471,1.309328556060791
2472,2472,1.2422006130218506
2473,2473,1.24369478225708
2474,2474,1.241783618927002
2475,2475,1.2184175252914429
2476,2476,1.232050538063049
2477,2477,1.2201714515686035
2478,2478,1.883741021156311
2479,2479,1.8813012838363647
2480,2480,1.7536157369613647
2481,2481,2.976527452468872
2482,2482,2.8072035312652592
2483,2483,2.671881914138794
2484,2484,2.249049425125122
2485,2485,2.36997127532959
2486,2486,2.2340550422668457
2487,2487,2.7526557445526123
2488,2488,2.40358304977417
2489,2489,2.2090368270874023
2490,2490,1.965307712554932
2491,2491,1.907026410102844
2492,2492,1.870868682861328
2493,2493,1.8450125455856323
2494,2494,1.7425487041473389
2495,2495,1.7155388593673706
2496,2496,1.745815634727478
2497,2497,1.7951606512069702
2498,2498,1.7856676578521729
2499,2499,5.608397483825684
2500,2500,4.619893550872803
2501,2501,3.925544261932373
2502,2502,5.529019832611084
2503,2503,5.236393451690674
2504,2504,4.958212375640869
2505,2505,5.952280521392822
2506,2506,4.949365615844727
2507,2507,5.307368278503418
2508,2508,5.39689302444458
2509,2509,4.78455114364624
2510,2510,5.180624961853027
2511,2511,5.099067687988281
2512,2512,4.1612462997436515
2513,2513,3.933607339859009
2514,2514,4.500144004821777
2515,2515,4.23330020904541
2516,2516,4.071821689605713
2517,2517,1.6084368228912354
2518,2518,1.6244844198226929
2519,2519,1.6446485519409182
2520,2520,1.0775604248046875
2521,2521,1.0828585624694824
2522,2522,1.08426833152771
2523,2523,1.2252404689788818
2524,2524,1.2339248657226562
2525,2525,1.2373337745666504
2526,2526,1.140998601913452
2527,2527,1.1391035318374634
2528,2528,1.158676028251648
2529,2529,1.5351232290267944
2530,2530,1.5455597639083862
2531,2531,1.5772579908370972
2532,2532,1.703681468963623
2533,2533,1.6879284381866455
2534,2534,1.7062708139419556
2535,2535,1.6697036027908323
2536,2536,1.65814208984375
2537,2537,1.6508245468139648
2538,2538,1.2593600749969482
2539,2539,1.252833127975464
2540,2540,1.2855255603790283
2541,2541,1.2053611278533936
2542,2542,1.2205021381378174
2543,2543,1.2145617008209229
2544,2544,1.517858386039734
2545,2545,1.471666932106018
2546,2546,1.4036654233932495
2547,2547,1.200012445449829
2548,2548,1.2110155820846558
2549,2549,1.2134852409362793
2550,2550,1.7849020957946775
2551,2551,1.7439686059951782
2552,2552,1.65203595161438
2553,2553,1.33121919631958
2554,2554,1.2947611808776855
2555,2555,1.316027283668518
2556,2556,1.1779625415802002
2557,2557,1.1645300388336182
2558,2558,1.15847647190094
2559,2559,1.1890723705291748
2560,2560,1.190583109855652
2561,2561,1.1808916330337524
2562,2562,1.0595402717590332
2563,2563,1.0570645332336426
2564,2564,1.0526068210601809
2565,2565,1.21598219871521
2566,2566,1.2427923679351809
2567,2567,1.2188459634780884
2568,2568,1.0934065580368042
2569,2569,1.106475591659546
2570,2570,1.104586839675903
2571,2571,2.467597007751465
2572,2572,2.299342155456543
2573,2573,2.2955129146575928
2574,2574,1.8647068738937376
2575,2575,1.864966630935669
2576,2576,1.8904353380203247
2577,2577,1.7147871255874634
2578,2578,1.6249116659164429
2579,2579,1.5583399534225464
2580,2580,1.217404842376709
2581,2581,1.2397000789642334
2582,2582,1.2269079685211182
2583,2583,1.1279346942901611
2584,2584,1.1660778522491455
2585,2585,1.2075514793395996
2586,2586,1.4372270107269287
2587,2587,1.465761423110962
2588,2588,1.4567131996154783
2589,2589,1.2715904712677002
2590,2590,1.314115047454834
2591,2591,1.4140071868896484
2592,2592,5.83761739730835
2593,2593,4.806578636169434
2594,2594,4.185466766357422
2595,2595,2.1886119842529297
2596,2596,2.147737979888916
2597,2597,1.9831498861312864
2598,2598,1.9868911504745483
2599,2599,1.9211212396621704
2600,2600,1.8401061296463013
2601,2601,1.152987003326416
2602,2602,1.1469361782073977
2603,2603,1.143756628036499
2604,2604,1.1328504085540771
2605,2605,1.126371145248413
2606,2606,1.1305763721466064
2607,2607,1.2330198287963867
2608,2608,1.2508509159088137
2609,2609,1.2443864345550537
2610,2610,1.221711039543152
2611,2611,1.2476900815963743
2612,2612,1.2443864345550537
2613,2613,1.3051512241363523
2614,2614,1.321385145187378
2615,2615,1.316645860671997
2616,2616,1.2245604991912842
2617,2617,1.2394556999206543
2618,2618,1.2559648752212524
2619,2619,1.206530213356018
2620,2620,1.2106997966766355
2621,2621,1.1968281269073486
2622,2622,1.2116961479187012
2623,2623,1.1990647315979004
2624,2624,1.194354772567749
2625,2625,1.1253780126571655
2626,2626,1.1218774318695068
2627,2627,1.1366276741027832
2628,2628,1.1747727394104004
2629,2629,1.16499924659729
2630,2630,1.1637437343597412
2631,2631,1.161144495010376
2632,2632,1.152778148651123
2633,2633,1.1455093622207642
2634,2634,1.4661407470703125
2635,2635,1.4809353351593018
2636,2636,1.391174077987671
2637,2637,1.406883955001831
2638,2638,1.3823528289794922
2639,2639,1.3404356241226196
2640,2640,1.200265645980835
2641,2641,1.1968735456466677
2642,2642,1.1804635524749756
2643,2643,1.171407699584961
2644,2644,1.1702696084976196
2645,2645,1.1790146827697754
2646,2646,1.1828382015228271
2647,2647,1.1806128025054932
2648,2648,1.193403959274292
2649,2649,2.357041597366333
2650,2650,2.222397804260254
2651,2651,2.3453803062438965
2652,2652,2.4272336959838867
2653,2653,2.1325955390930176
2654,2654,2.001685619354248
2655,2655,1.2114114761352541
2656,2656,1.2093946933746338
2657,2657,1.2019948959350586
2658,2658,1.2480697631835938
2659,2659,1.2208272218704224
2660,2660,1.2350199222564695
2661,2661,1.2369160652160645
2662,2662,1.2248722314834597
2663,2663,1.2350199222564695
2664,2664,1.2057256698608398
2665,2665,1.20129656791687
2666,2666,1.201336145401001
2667,2667,1.1604387760162354
2668,2668,1.1610453128814695
2669,2669,1.1243515014648438
2670,2670,1.179407835006714
2671,2671,1.1642544269561768
2672,2672,1.1276582479476929
2673,2673,1.405107498168945
2674,2674,1.393524169921875
2675,2675,1.4301004409790041
2676,2676,1.2979958057403564
2677,2677,1.3312859535217283
2678,2678,1.3357629776000977
2679,2679,1.2035726308822632
2680,2680,1.199916124343872
2681,2681,1.212383508682251
2682,2682,1.335787296295166
2683,2683,1.3230609893798828
2684,2684,1.3157782554626465
2685,2685,1.474587082862854
2686,2686,1.3850586414337158
2687,2687,1.3618751764297483
2688,2688,1.1229937076568604
2689,2689,1.114449977874756
2690,2690,1.1170165538787842
2691,2691,1.1689724922180176
2692,2692,1.165359377861023
2693,2693,1.159366250038147
2694,2694,1.16819167137146
2695,2695,1.1636714935302734
2696,2696,1.157796025276184
2697,2697,1.2338535785675049
2698,2698,1.2333823442459106
2699,2699,1.223949909210205
2700,2700,1.3248224258422852
2701,2701,1.3197284936904907
2702,2702,1.320300817489624
2703,2703,1.342052936553955
2704,2704,1.333309769630432
2705,2705,1.348982572555542
2706,2706,1.2448995113372805
2707,2707,1.241391658782959
2708,2708,1.2347108125686646
2709,2709,1.1626851558685305
2710,2710,1.1793091297149658
2711,2711,1.1760033369064329
2712,2712,1.2276449203491209
2713,2713,1.2272298336029053
2714,2714,1.2537386417388916
2715,2715,1.1626759767532349
2716,2716,1.168986439704895
2717,2717,1.1749404668807983
2718,2718,1.4128650426864624
2719,2719,1.447522759437561
2720,2720,1.4659574031829834
2721,2721,1.2908591032028198
2722,2722,1.3076176643371582
2723,2723,1.2759504318237305
2724,2724,1.2258579730987549
2725,2725,1.2362751960754397
2726,2726,1.2313432693481443
2727,2727,1.162128448486328
2728,2728,1.1692523956298828
2729,2729,1.1780661344528198
2730,2730,1.8850555419921875
2731,2731,1.9967916011810305
2732,2732,1.9490668773651123
2733,2733,2.619083404541016
2734,2734,2.613914966583252
2735,2735,2.460965633392334
2736,2736,2.704507350921631
2737,2737,2.4338197708129883
2738,2738,2.2586348056793213
2739,2739,3.3194043636322017
2740,2740,2.5462026596069336
2741,2741,2.355156660079956
2742,2742,2.5382955074310303
2743,2743,2.4583616256713867
2744,2744,2.4000635147094727
2745,2745,2.783409118652344
2746,2746,2.20612907409668
2747,2747,2.18812894821167
2748,2748,1.8880863189697263
2749,2749,2.1948063373565674
2750,2750,2.1731007099151607
2751,2751,2.567036867141724
2752,2752,2.764492511749268
2753,2753,3.0498261451721187
2754,2754,7.550295352935791
2755,2755,6.759921550750732
2756,2756,6.33073091506958
2757,2757,6.36422061920166
2758,2758,5.621018409729004
2759,2759,6.098965644836426
2760,2760,4.487041473388672
2761,2761,3.832902431488037
2762,2762,3.3769426345825195
2763,2763,2.328640937805176
2764,2764,2.444028377532959
2765,2765,2.493354320526123
2766,2766,2.099761486053467
2767,2767,1.9792195558547971
2768,2768,2.071249008178711
2769,2769,1.6811221837997437
2770,2770,1.7291792631149292
2771,2771,1.6944704055786133
2772,2772,1.600576877593994
2773,2773,1.477571725845337
2774,2774,1.463023662567139
2775,2775,1.3277076482772827
2776,2776,1.37144136428833
2777,2777,1.368016004562378
2778,2778,1.1810104846954346
2779,2779,1.1965564489364624
2780,2780,1.2154878377914429
2781,2781,1.6407643556594849
2782,2782,1.6382585763931274
2783,2783,1.6719958782196045
2784,2784,1.7121049165725708
2785,2785,1.7016135454177856
2786,2786,1.7349500656127932
2787,2787,1.6171209812164309
2788,2788,1.63421630859375
2789,2789,1.5761529207229614
2790,2790,1.5414062738418581
2791,2791,1.507468819618225
2792,2792,1.4705042839050293
2793,2793,2.7309558391571045
2794,2794,2.646360158920288
2795,2795,2.4453277587890625
2796,2796,1.8103046417236328
2797,2797,1.7733548879623413
2798,2798,1.6844189167022705
2799,2799,1.249557375907898
2800,2800,1.2632663249969482
2801,2801,1.2651233673095703
2802,2802,1.9957408905029297
2803,2803,1.9227217435836792
2804,2804,1.8239985704422
2805,2805,1.4204468727111816
2806,2806,1.466927170753479
2807,2807,1.4247857332229614
2808,2808,1.3002523183822632
2809,2809,1.290248155593872
2810,2810,1.2591828107833862
2811,2811,1.1890723705291748
2812,2812,1.200065016746521
2813,2813,1.1990234851837158
2814,2814,1.189316987991333
2815,2815,1.19016695022583
2816,2816,1.2422430515289309
2817,2817,1.5130629539489746
2818,2818,1.5603752136230469
2819,2819,1.5005053281784058
2820,2820,1.1728544235229492
2821,2821,1.1827349662780762
2822,2822,1.224354267120361
2823,2823,2.0153179168701167
2824,2824,2.052498817443848
2825,2825,2.062358856201172
2826,2826,1.970710515975952
2827,2827,1.9966216087341309
2828,2828,2.046716928482056
2829,2829,2.7581465244293213
2830,2830,2.642890453338623
2831,2831,2.5132081508636475
2832,2832,1.5159738063812256
2833,2833,1.5243613719940186
2834,2834,1.4670202732086182
2835,2835,2.610856533050537
2836,2836,2.4062862396240234
2837,2837,2.357364654541016
2838,2838,1.8977510929107664
2839,2839,1.8000745773315432
2840,2840,1.65625
2841,2841,1.2602543830871582
2842,2842,1.3187847137451172
2843,2843,1.4335427284240725
2844,2844,1.7446484565734863
2845,2845,1.754895567893982
2846,2846,1.7181243896484375
2847,2847,1.760943055152893
2848,2848,1.7625652551651
2849,2849,1.7517374753952026
2850,2850,1.4835772514343262
2851,2851,1.4707481861114502
2852,2852,1.3379108905792236
2853,2853,1.146221399307251
2854,2854,1.142672777175903
2855,2855,1.1361215114593506
2856,2856,1.5154571533203125
2857,2857,1.423486828804016
2858,2858,1.3428664207458496
2859,2859,1.205174446105957
2860,2860,1.2110929489135742
2861,2861,1.2005572319030762
2862,2862,1.173687219619751
2863,2863,1.1706113815307615
2864,2864,1.178388595581055
2865,2865,1.2216438055038452
2866,2866,1.2259187698364258
2867,2867,1.2465826272964478
2868,2868,1.4560904502868652
2869,2869,1.4725159406661987
2870,2870,1.5442675352096558
2871,2871,2.256535768508911
2872,2872,2.1407527923583984
2873,2873,2.0779447555541988
2874,2874,1.2443668842315674
2875,2875,1.2431647777557373
2876,2876,1.2471901178359983
2877,2877,1.6928184032440186
2878,2878,1.7014460563659668
2879,2879,1.669736623764038
2880,2880,1.2716439962387085
2881,2881,1.2487640380859375
2882,2882,1.2152841091156006
2883,2883,1.1058142185211182
2884,2884,1.1066844463348389
2885,2885,1.1086874008178709
2886,2886,1.179798603057861
2887,2887,1.1739554405212402
2888,2888,1.1815330982208252
2889,2889,1.1471374034881592
2890,2890,1.1617343425750732
2891,2891,1.1613937616348269
2892,2892,1.248830795288086
2893,2893,1.238376259803772
2894,2894,1.207871675491333
2895,2895,1.174950122833252
2896,2896,1.1680114269256592
2897,2897,1.17773175239563
2898,2898,1.1864193677902222
2899,2899,1.1666611433029177
2900,2900,1.1735966205596924
2901,2901,1.5489852428436282
2902,2902,1.4292404651641846
2903,2903,1.4236202239990234
2904,2904,1.2141740322113037
2905,2905,1.2242704629898071
2906,2906,1.2350199222564695
2907,2907,1.2191076278686523
2908,2908,1.2316935062408447
2909,2909,1.2310038805007937
2910,2910,1.1813206672668457
2911,2911,1.1805784702301023
2912,2912,1.1885155439376829
2913,2913,1.1591315269470217
2914,2914,1.1773836612701416
2915,2915,1.1784076690673828
2916,2916,1.1889455318450928
2917,2917,1.1831583976745603
2918,2918,1.1893388032913208
2919,2919,3.3562722206115723
2920,2920,3.015183925628662
2921,2921,2.4388489723205566
2922,2922,1.2010548114776611
2923,2923,1.199916124343872
2924,2924,1.202768325805664
2925,2925,1.1453158855438232
2926,2926,1.1417428255081177
2927,2927,1.143018126487732
2928,2928,1.1855027675628662
2929,2929,1.169878005981445
2930,2930,1.1584572792053225
2931,2931,1.2141923904418943
2932,2932,1.2443780899047852
2933,2933,1.210374116897583
2934,2934,1.2652642726898191
2935,2935,1.278944492340088
2936,2936,1.2763121128082275
2937,2937,1.3108248710632324
2938,2938,1.3019366264343262
2939,2939,1.3202393054962158
2940,2940,1.2279744148254397
2941,2941,1.235910177230835
2942,2942,1.2125236988067627
2943,2943,1.1766852140426636
2944,2944,1.180122137069702
2945,2945,1.1870415210723877
2946,2946,1.1404314041137695
2947,2947,1.1340467929840088
2948,2948,1.1348977088928225
2949,2949,1.1903676986694336
2950,2950,1.1937808990478516
2951,2951,1.2004719972610474
2952,2952,1.1960886716842651
2953,2953,1.1970258951187134
2954,2954,1.2033684253692627
2955,2955,1.3148163557052612
2956,2956,1.29961895942688
2957,2957,1.307822585105896
2958,2958,1.2300546169281006
2959,2959,1.2559208869934082
2960,2960,1.2476325035095217
2961,2961,1.7444307804107666
2962,2962,1.6660226583480835
2963,2963,1.5931850671768188
2964,2964,1.2593066692352295
2965,2965,1.3150808811187744
2966,2966,1.2514829635620115
2967,2967,1.1291847229003906
2968,2968,1.1337897777557373
2969,2969,1.139265537261963
2970,2970,1.2004094123840332
2971,2971,1.2069740295410156
2972,2972,1.2129005193710327
2973,2973,1.2457194328308103
2974,2974,1.2410123348236084
2975,2975,1.2475917339324951
2976,2976,1.2393345832824707
2977,2977,1.251685380935669
2978,2978,1.2777760028839111
2979,2979,1.210293889045715
2980,2980,1.199202060699463
2981,2981,1.1882421970367432
2982,2982,1.702208399772644
2983,2983,1.9633575677871704
2984,2984,1.947955846786499
2985,2985,3.1499552726745605
2986,2986,3.431829929351806
2987,2987,3.1420278549194336
2988,2988,2.6361989974975586
2989,2989,2.6015584468841557
2990,2990,2.466954231262207
2991,2991,2.801398515701294
2992,2992,2.589133977890014
2993,2993,2.545046091079712
2994,2994,2.1602578163146973
2995,2995,2.269491195678711
2996,2996,2.2256999015808105
2997,2997,1.6728159189224243
2998,2998,1.6998261213302612
2999,2999,1.6978639364242554
3000,3000,1.791094422340393
3001,3001,1.848145604133606
3002,3002,1.861132860183716
3003,3003,1.3241530656814575
3004,3004,1.390983819961548
3005,3005,1.4606754779815674
3006,3006,4.5807223320007315
3007,3007,4.611205101013184
3008,3008,4.026326656341554
3009,3009,3.5998241901397705
3010,3010,3.65837025642395
3011,3011,3.842520952224731
3012,3012,2.4584219455718994
3013,3013,2.1770310401916504
3014,3014,2.541046619415283
3015,3015,2.0892896652221684
3016,3016,2.0815272331237797
3017,3017,2.0953497886657715
3018,3018,1.6268240213394165
3019,3019,1.5897976160049438
3020,3020,1.6754852533340454
3021,3021,1.6395456790924072
3022,3022,1.5494588613510132
3023,3023,1.544725775718689
