timestamp,TTI,car_count,speed
1575129600.0,1.21557,5.0,32.9914
1575130200.0,1.19879,8.0,33.4532
1575130800.0,1.06595,6.0,37.6222
1575131400.0,1.22748,2.0,32.6715
1575132000.0,1.11576,8.0,35.9682
1575132600.0,1.03108,8.0,38.9413
1575133200.0,0.996893,3.0,40.4259
1575133800.0,1.16385,3.0,34.5142
1575134400.0,1.27634,2.0,31.5581
1575135000.0,1.05042,1.0,38.2195
1575135600.0,1.0598,3.0,38.0248
1575136200.0,1.00968,3.0,39.7189
1575136800.0,1.15384,1.0,34.9504
1575137400.0,1.34362,2.0,30.1287
1575138000.0,1.01385,2.0,39.8017
1575138600.0,1.04532,1.0,38.6203
1575139200.0,1.02164,1.0,39.7224
1575140400.0,0.941147,1.0,42.9568
1575141000.0,1.0489700000000002,1.0,38.1076
1575141600.0,1.12578,1.0,35.9898
1575142200.0,1.38527,2.0,28.0604
1575142800.0,1.03575,1.0,40.0332
1575143400.0,1.07722,1.0,38.0353
1575144000.0,1.03766,1.0,39.4518
1575144600.0,0.760048,1.0,49.2247
1575145200.0,0.758887,1.0,49.3
1575145800.0,0.758887,1.0,49.3
1575147600.0,1.11925,2.0,34.388000000000005
1575148200.0,1.15047,2.0,35.5368
1575148800.0,1.01834,7.0,39.7589
1575149400.0,1.19108,6.0,33.8253
1575150000.0,1.06248,7.0,38.0021
1575150600.0,1.08798,13.0,37.1637
1575151200.0,1.09735,30.0,36.5458
1575151800.0,1.3415700000000002,40.0,29.893
1575152400.0,1.35339,39.0,29.6318
1575153000.0,1.46966,43.0,27.2876
1575153600.0,1.2997,22.0,30.8561
1575154200.0,1.23021,22.0,32.599000000000004
1575154800.0,1.17395,18.0,34.152
1575155400.0,1.29011,40.0,31.0853
1575156000.0,1.29141,51.0,31.054
1575156600.0,1.34808,35.0,29.7487
1575157200.0,1.35955,49.0,29.4977
1575157800.0,1.3656,31.0,29.3669
1575158400.0,1.32868,34.0,30.1829
1575159000.0,1.29715,33.0,30.9167
1575159600.0,1.25644,31.0,31.9184
1575160200.0,1.34689,32.0,29.7749
1575160800.0,1.38827,24.0,28.8874
1575161400.0,1.4923799999999998,49.0,26.8722
1575162000.0,1.42209,26.0,28.2005
1575162600.0,1.29528,29.0,30.9613
1575163200.0,1.32864,53.0,30.184
1575163800.0,1.49959,61.0,26.7429
1575164400.0,1.6837799999999998,46.0,23.8175
1575165000.0,1.8746,65.0,21.393
1575165600.0,1.82558,52.0,21.9675
1575166200.0,1.96818,45.0,20.3759
1575166800.0,1.51209,38.0,26.5218
1575167400.0,2.15595,159.0,18.6013
1575168000.0,2.7597400000000003,165.0,14.5316
1575168600.0,2.56089,63.0,15.66
1575169200.0,2.6091900000000003,201.0,15.3701
1575169800.0,2.41193,329.0,16.6271
1575170400.0,3.55096,246.0,11.2937
1575171000.0,2.69975,159.0,14.8545
1575171600.0,2.8222400000000003,92.0,14.2098
1575172200.0,2.45279,85.0,16.3502
1575172800.0,2.05771,119.0,19.4893
1575173400.0,1.9644,162.0,20.4151
1575174000.0,2.33523,63.0,17.1733
1575174600.0,1.9278,109.0,20.8028
1575175200.0,3.33801,58.0,12.0142
1575175800.0,2.41581,86.0,16.6005
1575176400.0,2.33312,119.0,17.1888
1575177000.0,1.95678,166.0,20.4947
1575177600.0,2.2155400000000003,142.0,18.101
1575178200.0,2.10904,92.0,19.0151
1575178800.0,2.07134,373.0,19.3612
1575179400.0,4.2634,448.0,9.40645
1575180000.0,5.22681,292.0,7.67266
1575180600.0,5.065930000000002,367.0,7.91631
1575181200.0,4.38932,446.0,9.13662
1575181800.0,6.17917,433.0,6.49011
1575182400.0,7.73148,431.0,5.1870400000000005
1575183000.0,7.9241100000000015,405.0,5.06094
1575183600.0,8.50252,393.0,4.71666
1575184200.0,7.87787,293.0,5.09065
1575184800.0,9.72359,393.0,4.12435
1575185400.0,10.1748,550.0,3.94146
1575186000.0,9.20256,250.0,4.35786
1575186600.0,9.67239,398.0,4.14618
1575187200.0,11.198,408.0,3.58132
1575187800.0,11.723,271.0,3.42093
1575188400.0,7.849069999999998,401.0,5.10933
1575189000.0,7.5812,393.0,5.28986
1575189600.0,7.04718,279.0,5.80836
1575190200.0,6.638719999999998,341.0,6.19324
1575190800.0,6.54831,305.0,6.27875
1575191400.0,6.29297,375.0,6.533519999999998
1575192000.0,8.634310000000001,403.0,4.76184
1575192600.0,6.39621,225.0,6.4280599999999986
1575193200.0,3.77697,102.0,10.8858
1575193800.0,4.06416,277.0,10.1165
1575194400.0,3.88361,352.0,10.5869
1575195000.0,4.72583,154.0,8.7001
1575195600.0,4.68325,87.0,8.77921
1575196200.0,2.6026700000000003,79.0,15.7973
1575196800.0,2.69366,149.0,15.2637
1575197400.0,2.4597900000000004,99.0,16.7149
1575198000.0,2.3630400000000003,52.0,17.3993
1575198600.0,1.86612,54.0,22.0325
1575199200.0,3.34255,37.0,12.3006
1575199800.0,2.78876,45.0,14.7432
1575200400.0,1.86795,50.0,22.0109
1575201000.0,1.97469,20.0,20.8211
1575201600.0,1.50056,18.0,27.3999
1575202200.0,1.57371,34.0,26.1262
1575202800.0,1.72138,27.0,23.8851
1575203400.0,1.71439,62.0,23.9824
1575204000.0,1.8573,44.0,22.1371
1575204600.0,1.59065,62.0,25.848000000000006
1575205200.0,1.81534,124.0,22.6487
1575205800.0,1.63424,46.0,25.1586
1575206400.0,1.89689,42.0,21.6751
1575207000.0,1.51137,78.0,27.2039
1575207600.0,1.56038,80.0,26.3495
1575208200.0,1.61546,64.0,25.4511
1575208800.0,1.82484,43.0,22.5308
1575209400.0,1.83017,48.0,22.4653
1575210000.0,1.51945,38.0,27.0593
1575210600.0,1.4137,26.0,29.0834
1575211200.0,1.54351,57.0,26.6375
1575211800.0,1.64398,45.0,25.0095
1575212400.0,1.87265,69.0,21.9556
1575213000.0,1.63015,54.0,25.2217
1575213600.0,1.47563,32.0,27.8628
1575214200.0,1.27606,32.0,32.2204
1575214800.0,1.33761,82.0,30.7378
1575215400.0,1.28734,44.0,31.9382
1575216000.0,1.47678,10.0,27.841
1575216600.0,1.31049,2.0,31.3738
1575217200.0,1.4218,8.0,28.9071
1575217800.0,1.29766,5.0,31.684
1575218400.0,1.1985,1.0,34.3245
1575219000.0,1.19625,1.0,34.4952
1575219600.0,1.01478,2.0,40.5088
1575220200.0,1.17974,3.0,34.9948
1575220800.0,1.21273,1.0,33.9774
1575221400.0,1.05786,3.0,39.0089
1575222000.0,1.12461,1.0,36.812
1575223800.0,1.51245,10.0,27.5424
1575224400.0,1.3067799999999998,1.0,31.9231
1575225000.0,1.14828,1.0,36.3527
1575225600.0,1.13103,2.0,36.4774
1575226200.0,0.987921,1.0,41.8424
1575226800.0,0.917961,1.0,44.8932
1575227400.0,0.888237,2.0,43.0365
1575228000.0,1.09926,1.0,37.7922
1575228600.0,1.1677799999999998,2.0,34.8389
1575229200.0,1.29987,1.0,31.8624
1575230400.0,1.11789,2.0,40.2425
1575231000.0,1.09299,1.0,38.07
1575231600.0,0.776729,5.0,46.0723
1575232200.0,1.0129,1.0,40.2639
1575232800.0,1.04094,1.0,40.0104
1575233400.0,0.937305,2.0,44.1996
1575234000.0,6.61587,3.0,5.42692
1575234600.0,1.54634,6.0,27.1485
1575235200.0,1.46555,7.0,28.1624
1575235800.0,1.68475,3.0,24.713
1575236400.0,2.1508700000000003,4.0,19.2819
1575237000.0,1.04841,16.0,39.2095
1575237600.0,1.1622,24.0,35.3639
1575238200.0,1.1568200000000002,39.0,35.5415
1575238800.0,1.22543,35.0,33.5517
1575239400.0,1.86275,45.0,22.0723
1575240000.0,1.83619,57.0,22.3915
1575240600.0,1.42488,33.0,28.8551
1575241200.0,1.20806,51.0,34.034
1575241800.0,1.21563,44.0,33.822
1575242400.0,1.23448,54.0,33.3057
1575243000.0,1.34997,68.0,30.4565
1575243600.0,1.26751,67.0,32.4377
1575244200.0,1.24989,97.0,32.8952
1575244800.0,1.41714,71.0,29.0128
1575245400.0,1.28856,39.0,31.9078
1575246000.0,1.26849,76.0,32.4127
1575246600.0,1.16517,57.0,35.287
1575247200.0,1.22899,72.0,33.4545
1575247800.0,1.2519,76.0,32.8423
1575248400.0,1.32249,58.0,31.0892
1575249000.0,1.3414,46.0,30.651
1575249600.0,1.30965,31.0,31.3941
1575250200.0,1.22944,48.0,33.4423
1575250800.0,1.25073,46.0,32.8729
1575251400.0,1.28372,47.0,32.0282
1575252000.0,1.32638,51.0,30.9981
1575252600.0,1.33228,55.0,30.8607
1575253200.0,1.5639,39.0,26.2901
1575253800.0,1.38764,52.0,29.6297
1575254400.0,1.52004,47.0,27.0488
1575255000.0,1.47357,103.0,27.9017
1575255600.0,1.5022799999999998,60.0,27.3685
1575256200.0,1.97045,56.0,20.8659
1575256800.0,2.3042700000000003,41.0,17.8431
1575257400.0,1.5859299999999998,31.0,25.925
1575258000.0,1.55513,40.0,26.4384
1575258600.0,1.53525,49.0,26.7807
1575259200.0,2.1276200000000003,46.0,19.3245
1575259800.0,1.51234,24.0,27.1865
1575260400.0,1.46852,43.0,27.9977
1575261000.0,1.31561,34.0,31.2519
1575261600.0,1.3040200000000002,59.0,31.5296
1575262200.0,1.3963,55.0,29.4459
1575262800.0,1.57952,37.0,26.0302
1575263400.0,1.7725799999999998,82.0,23.1951
1575264000.0,1.7890400000000002,94.0,22.9817
1575264600.0,1.839,63.0,22.3573
1575265200.0,1.60974,61.0,25.5415
1575265800.0,1.61592,42.0,25.4438
1575266400.0,1.57697,54.0,26.0723
1575267000.0,1.51484,52.0,27.1416
1575267600.0,1.57972,76.0,26.0268
1575268200.0,1.90021,139.0,21.6372
1575268800.0,2.31232,41.0,17.7809
1575269400.0,2.02413,54.0,20.3125
1575270000.0,1.68623,166.0,24.3828
1575270600.0,2.35353,365.0,17.4696
1575271200.0,4.03145,238.0,10.1986
1575271800.0,4.57193,64.0,8.99297
1575272400.0,2.03326,69.0,20.2213
1575273000.0,1.48148,41.0,27.7528
1575273600.0,1.63635,52.0,25.1262
1575274200.0,1.64608,50.0,24.9777
1575274800.0,1.6431900000000002,48.0,25.0217
1575275400.0,1.51144,56.0,27.2027
1575276000.0,1.42492,56.0,28.8543
1575276600.0,1.47729,55.0,27.8314
1575277200.0,1.6304299999999998,41.0,25.2173
1575277800.0,1.504,68.0,27.3373
1575278400.0,1.55224,40.0,26.4877
1575279000.0,1.68857,34.0,24.3492
1575279600.0,1.72471,27.0,23.8389
1575280200.0,1.49778,41.0,27.4508
1575280800.0,1.7196599999999995,40.0,23.909
1575281400.0,1.75921,30.0,23.3713
1575282000.0,1.7385700000000002,64.0,23.6488
1575282600.0,1.58224,60.0,25.9854
1575283200.0,1.7447400000000002,63.0,23.5652
1575283800.0,1.89996,41.0,21.64
1575284400.0,1.63625,50.0,25.1277
1575285000.0,1.70216,48.0,24.1547
1575285600.0,1.61569,19.0,25.4474
1575286200.0,1.48045,20.0,27.7722
1575286800.0,1.4333,34.0,28.6858
1575287400.0,1.5245,27.0,26.9696
1575288000.0,1.57509,27.0,26.1034
1575288600.0,1.46841,13.0,27.9998
1575289200.0,1.43917,13.0,28.5686
1575289800.0,1.3565,34.0,30.3099
1575290400.0,1.5788,41.0,26.042
1575291000.0,1.48195,36.0,27.7439
1575291600.0,1.52167,24.0,27.0198
1575292200.0,1.60945,16.0,25.5461
1575292800.0,1.61638,20.0,25.4365
1575293400.0,1.56956,30.0,26.1953
1575294000.0,1.54248,22.0,26.6552
1575294600.0,1.3737,54.0,29.9303
1575295200.0,1.3395,25.0,30.6945
1575295800.0,1.31711,20.0,31.2449
1575296400.0,1.4503700000000002,25.0,28.3481
1575297000.0,1.29762,20.0,31.7438
1575297600.0,1.44278,26.0,28.4973
1575298200.0,1.50769,26.0,27.2703
1575298800.0,1.35191,11.0,30.4126
1575299400.0,1.26927,19.0,32.3928
1575300000.0,1.2752,23.0,32.2422
1575300600.0,1.25451,12.0,32.774
1575301200.0,1.35751,8.0,30.2872
1575301800.0,1.2271299999999998,4.0,33.5051
1575302400.0,1.27417,3.0,32.2682
1575303000.0,1.21646,3.0,33.7991
1575303600.0,1.18047,1.0,34.8294
1575304200.0,1.15825,3.0,35.6404
1575304800.0,0.994009,3.0,41.417
1575305400.0,0.970258,4.0,42.3826
1575306000.0,0.967887,3.0,42.4793
1575306600.0,0.930677,2.0,44.1615
1575307200.0,0.901754,1.0,45.6367
1575307800.0,1.14895,1.0,35.8096
1575308400.0,1.0961,1.0,37.4966
1575309000.0,1.23936,1.0,33.3269
1575309600.0,1.10791,1.0,37.3755
1575310200.0,1.23673,2.0,33.4409
1575310800.0,1.26291,1.0,32.7709
1575311400.0,1.06379,2.0,38.5739
1575312000.0,0.935817,2.0,44.3984
1575312600.0,0.892183,1.0,46.504
1575313200.0,1.0669,1.0,38.9807
1575315000.0,1.14357,1.0,34.4319
1575315600.0,1.08855,1.0,36.3821
1575316200.0,1.01027,1.0,38.2655
1575317400.0,0.927226,2.0,45.9876
1575318000.0,1.0039,1.0,41.1103
1575319200.0,1.36805,1.0,31.2
1575319800.0,1.02814,1.0,40.7
1575320400.0,1.6569200000000002,3.0,22.9565
1575321000.0,1.19994,1.0,34.5721
1575321600.0,1.07506,7.0,38.7687
1575322200.0,1.14494,4.0,36.5995
1575322800.0,1.05604,14.0,39.3867
1575323400.0,1.17171,14.0,35.1467
1575324000.0,1.15712,25.0,35.5324
1575324600.0,1.20068,37.0,34.2667
1575325200.0,1.30443,39.0,31.5198
1575325800.0,1.55936,49.0,26.3668
1575326400.0,1.33397,59.0,30.8216
1575327000.0,1.24358,34.0,33.0619
1575327600.0,1.24132,33.0,33.1223
1575328200.0,1.2356200000000002,33.0,33.275
1575328800.0,1.20015,37.0,34.2585
1575329400.0,1.31024,42.0,31.3799
1575330000.0,1.12163,61.0,36.6567
1575330600.0,1.20713,45.0,34.0604
1575331200.0,1.37327,34.0,29.9396
1575331800.0,1.31552,32.0,31.2541
1575332400.0,1.33323,49.0,30.8389
1575333000.0,1.17977,74.0,34.8502
1575333600.0,1.20718,54.0,34.0588
1575334200.0,1.25209,59.0,32.8372
1575334800.0,1.27728,41.0,32.1897
1575335400.0,1.28408,38.0,32.0192
1575336000.0,1.22626,69.0,33.5288
1575336600.0,1.2773,48.0,32.1893
1575337200.0,1.3953,57.0,29.4669
1575337800.0,1.54325,50.0,26.642
1575338400.0,1.65946,47.0,24.7763
1575339000.0,1.50706,42.0,27.2817
1575339600.0,1.43019,36.0,28.748
1575340200.0,1.383,20.0,29.729
1575340800.0,1.34543,84.0,30.5592
1575341400.0,1.44195,43.0,28.5137
1575342000.0,1.48696,47.0,27.6505
1575342600.0,1.49825,66.0,27.4421
1575343200.0,1.4669299999999998,38.0,28.0281
1575343800.0,1.33012,47.0,30.9109
1575344400.0,1.44329,35.0,28.4871
1575345000.0,1.43706,36.0,28.6107
1575345600.0,1.45216,30.0,28.3131
1575346200.0,1.46404,71.0,28.0834
1575346800.0,1.47441,64.0,27.8858
1575347400.0,1.55282,36.0,26.4778
1575348000.0,1.58707,45.0,25.9063
1575348600.0,1.5089,62.0,27.2485
1575349200.0,1.6526,112.0,24.8791
1575349800.0,1.8777,30.0,21.8965
1575350400.0,1.79265,68.0,22.9355
1575351000.0,1.92678,54.0,21.3388
1575351600.0,2.14032,32.0,19.2099
1575352200.0,1.50279,52.0,27.3592
1575352800.0,1.37679,44.0,29.863000000000003
1575353400.0,1.54474,88.0,26.6163
1575354000.0,1.91707,58.0,21.4469
1575354600.0,1.67363,105.0,24.5665
1575355200.0,2.41886,220.0,16.9978
1575355800.0,2.44714,47.0,16.8013
1575356400.0,1.8109,36.0,22.7043
1575357000.0,1.60079,81.0,25.6843
1575357600.0,1.84373,110.0,22.3
1575358200.0,2.77268,136.0,14.8287
1575358800.0,2.40548,173.0,17.0923
1575359400.0,3.18419,54.0,12.9123
1575360000.0,2.26911,41.0,18.1195
1575360600.0,1.92525,30.0,21.3557
1575361200.0,1.67785,64.0,24.5047
1575361800.0,1.56595,41.0,26.2558
1575362400.0,1.40898,61.0,29.1809
1575363000.0,1.39666,52.0,29.4382
1575363600.0,1.67858,105.0,24.4941
1575364200.0,1.70074,97.0,24.175
1575364800.0,1.85228,83.0,22.1971
1575365400.0,2.19659,48.0,18.7177
1575366000.0,1.7527400000000002,56.0,23.4576
1575366600.0,1.65352,62.0,24.8653
1575367200.0,1.73402,109.0,23.711
1575367800.0,2.25335,41.0,18.2463
1575368400.0,2.26362,57.0,18.1635
1575369000.0,1.59059,68.0,25.849
1575369600.0,1.57198,80.0,26.155
1575370200.0,1.67287,95.0,24.5776
1575370800.0,1.8993,48.0,21.6475
1575371400.0,1.89682,33.0,21.6758
1575372000.0,1.58433,42.0,25.9512
1575372600.0,1.58269,65.0,25.978
1575373200.0,1.4764700000000002,69.0,27.847
1575373800.0,1.90425,25.0,21.5913
1575374400.0,1.74921,24.0,23.5051
1575375000.0,1.54941,19.0,26.536
1575375600.0,1.48814,30.0,27.6285
1575376200.0,1.58823,64.0,25.8874
1575376800.0,1.80904,44.0,22.7276
1575377400.0,1.8512,54.0,22.2101
1575378000.0,2.82102,40.0,14.5746
1575378600.0,1.6746599999999998,25.0,24.5513
1575379200.0,1.51234,24.0,27.1864
1575379800.0,1.4642700000000002,30.0,28.0789
1575380400.0,1.34338,26.0,30.6059
1575381000.0,1.50794,16.0,27.2658
1575381600.0,1.4772299999999998,10.0,27.8326
1575382200.0,1.40198,27.0,29.3266
1575382800.0,1.4024299999999998,45.0,29.3172
1575383400.0,1.51109,20.0,27.2089
1575384000.0,1.47568,25.0,27.8618
1575384600.0,1.28742,14.0,31.9361
1575385200.0,1.4585,26.0,28.19
1575385800.0,1.36736,44.0,30.069000000000006
1575386400.0,1.47764,19.0,27.8249
1575387000.0,1.30167,13.0,31.5864
1575387600.0,1.26721,41.0,32.4456
1575388200.0,1.17458,6.0,35.0042
1575388800.0,1.33146,1.0,30.8797
1575389400.0,1.29795,6.0,31.6772
1575390000.0,1.17606,2.0,34.96
1575390600.0,0.988532,2.0,41.5922
1575391200.0,1.06893,1.0,38.5504
1575391800.0,1.04977,2.0,39.166
1575392400.0,0.960818,1.0,42.7682
1575393000.0,1.04702,2.0,38.7362
1575393600.0,0.95696,1.0,42.7574
1575394200.0,0.952647,2.0,43.3559
1575394800.0,1.1413799999999998,1.0,36.0095
1575395400.0,1.38406,1.0,29.7732
1575396000.0,1.25553,1.0,32.0641
1575396600.0,1.20109,2.0,34.2425
1575397200.0,1.01157,1.0,41.0255
1575397800.0,1.05042,2.0,39.4936
1575398400.0,1.01719,1.0,40.6948
1575399000.0,1.02781,1.0,40.3525
1575399600.0,1.56876,1.0,23.065
1575400200.0,0.925566,2.0,45.9732
1575400800.0,1.3678,1.0,28.7872
1575401400.0,1.3678,1.0,28.7872
1575402000.0,0.8256290000000001,1.0,46.3
1575403200.0,1.07884,1.0,39.2592
1575403800.0,1.06449,1.0,38.7363
1575404400.0,1.09036,1.0,38.0376
1575405000.0,1.00128,1.0,40.8905
1575405600.0,1.08733,1.0,34.6261
1575406200.0,0.804771,1.0,47.5
1575406800.0,0.807729,3.0,53.1425
1575407400.0,0.882907,2.0,46.8301
1575408000.0,1.06391,1.0,38.7651
1575408600.0,1.19865,5.0,34.4662
1575409200.0,1.52346,5.0,27.3185
1575409800.0,0.994081,21.0,41.8916
1575410400.0,1.10416,19.0,37.4101
1575411000.0,1.2426,30.0,33.088
1575411600.0,1.18401,33.0,34.7255
1575412200.0,1.14464,40.0,35.9198
1575412800.0,1.22831,46.0,33.473
1575413400.0,1.21885,38.0,33.7327
1575414000.0,1.31239,28.0,31.3286
1575414600.0,1.09217,29.0,37.6453
1575415200.0,1.1252799999999998,15.0,36.5379
1575415800.0,1.19351,40.0,34.449
1575416400.0,1.32419,74.0,31.0493
1575417000.0,1.42806,47.0,28.7909
1575417600.0,1.19568,45.0,34.3866
1575418200.0,1.17869,39.0,34.882
1575418800.0,1.2799,57.0,32.1238
1575419400.0,1.16308,80.0,35.3504
1575420000.0,1.19278,71.0,34.4701
1575420600.0,1.17291,55.0,35.054
1575421200.0,1.30056,60.0,31.6135
1575421800.0,1.30966,50.0,31.3937
1575422400.0,1.34781,62.0,30.5051
1575423000.0,1.2707,46.0,32.3563
1575423600.0,1.31607,47.0,31.241
1575424200.0,1.3287,43.0,30.944000000000006
1575424800.0,1.32413,62.0,31.0507
1575425400.0,1.3974,48.0,29.4227
1575426000.0,1.41746,82.0,29.0062
1575426600.0,1.4515,48.0,28.3259
1575427200.0,1.4754200000000002,70.0,27.8667
1575427800.0,1.53003,65.0,26.8723
1575428400.0,1.5675,48.0,26.2298
1575429000.0,1.42635,67.0,28.8255
1575429600.0,1.82518,54.0,22.5267
1575430200.0,1.87547,61.0,21.9226
1575430800.0,1.46448,53.0,28.075
1575431400.0,1.7457900000000002,25.0,23.5511
1575432000.0,1.50658,39.0,27.2904
1575432600.0,1.46479,32.0,28.0689
1575433200.0,1.48844,43.0,27.623
1575433800.0,1.4974299999999998,52.0,27.4572
1575434400.0,1.48454,45.0,27.6955
1575435000.0,1.53365,51.0,26.8087
1575435600.0,1.6403599999999998,54.0,25.0648
1575436200.0,1.46951,68.0,27.9788
1575436800.0,2.01491,70.0,20.4055
1575437400.0,1.93121,53.0,21.2899
1575438000.0,2.09001,47.0,19.6723
1575438600.0,1.97486,55.0,20.8193
1575439200.0,1.6885,62.0,24.3501
1575439800.0,1.5286799999999998,80.0,26.8959
1575440400.0,1.7941,45.0,22.9169
1575441000.0,2.38464,51.0,17.2416
1575441600.0,1.7787,49.0,23.1153
1575442200.0,1.65844,46.0,24.7915
1575442800.0,1.55411,60.0,26.4559
1575443400.0,1.73495,70.0,23.6982
1575444000.0,2.06633,51.0,19.8977
1575444600.0,1.80153,47.0,22.8224
1575445200.0,2.26629,53.0,18.1421
1575445800.0,2.38062,96.0,17.2708
1575446400.0,1.49914,183.0,27.4258
1575447000.0,2.25042,181.0,18.27
1575447600.0,2.60765,51.0,15.7672
1575448200.0,1.87803,62.0,21.8927
1575448800.0,1.62575,78.0,25.29
1575449400.0,2.08153,56.0,19.7524
1575450000.0,1.90822,85.0,21.5463
1575450600.0,1.80236,64.0,22.8118
1575451200.0,1.92854,58.0,21.3193
1575451800.0,1.85236,79.0,22.1962
1575452400.0,1.99186,82.0,20.6416
1575453000.0,1.95002,58.0,21.0845
1575453600.0,1.86171,191.0,22.0846
1575454200.0,2.80097,188.0,14.6789
1575454800.0,4.91845,106.0,8.35938
1575455400.0,3.53683,111.0,11.6249
1575456000.0,2.41025,39.0,17.0585
1575456600.0,1.63986,52.0,25.0724
1575457200.0,1.73672,36.0,23.674
1575457800.0,1.57215,70.0,26.1523
1575458400.0,1.7465099999999998,38.0,23.5413
1575459000.0,1.88408,19.0,21.8225
1575459600.0,1.4756200000000002,27.0,27.863000000000003
1575460200.0,1.43896,19.0,28.5729
1575460800.0,1.41221,25.0,29.1141
1575461400.0,1.44141,15.0,28.5243
1575462000.0,1.44559,22.0,28.4417
1575462600.0,1.49916,42.0,27.4255
1575463200.0,1.64833,77.0,24.9436
1575463800.0,1.96655,25.0,20.9073
1575464400.0,1.94758,20.0,21.111
1575465000.0,1.66431,23.0,24.7041
1575465600.0,1.70986,26.0,24.0459
1575466200.0,1.64904,61.0,24.9329
1575466800.0,1.51632,27.0,27.1151
1575467400.0,1.53853,48.0,26.7238
1575468000.0,1.48785,20.0,27.6339
1575468600.0,1.49458,34.0,27.5095
1575469200.0,1.48337,18.0,27.7174
1575469800.0,1.48138,22.0,27.7546
1575470400.0,1.70848,42.0,24.0653
1575471000.0,1.45472,54.0,28.2633
1575471600.0,1.34491,21.0,30.571
1575472200.0,1.32199,18.0,31.101
1575472800.0,1.3451,11.0,30.5666
1575473400.0,1.18439,11.0,34.7142
1575474000.0,1.18678,17.0,34.6444
1575474600.0,1.1867299999999998,32.0,34.6458
1575475200.0,1.1783,4.0,34.8936
1575475800.0,1.392,3.0,29.5367
1575476400.0,1.26056,7.0,32.6166
1575477000.0,1.16999,2.0,35.1416
1575477600.0,1.15606,5.0,35.565
1575478200.0,1.02289,3.0,40.1878
1575478800.0,1.02253,2.0,40.2092
1575479400.0,1.03304,1.0,39.8003
1575480000.0,1.06813,1.0,38.6772
1575480600.0,1.14128,1.0,36.66
1575481200.0,1.24099,1.0,33.4358
1575481800.0,1.56725,2.0,26.5885
1575482400.0,0.974549,1.0,42.5807
1575483000.0,1.0654,3.0,38.7176
1575483600.0,1.12697,1.0,36.8786
1575484200.0,1.10432,1.0,37.4215
1575484800.0,0.969279,3.0,42.9854
1575485400.0,1.1281,1.0,36.455
1575486000.0,0.996557,1.0,41.3529
1575486600.0,0.8533430000000001,2.0,49.9936
1575487200.0,0.92207,1.0,45.7074
1575487800.0,0.982659,1.0,42.1418
1575488400.0,0.8874709999999999,1.0,46.499
1575489000.0,1.32065,1.0,31.0096
1575491400.0,1.33039,1.0,31.3119
1575492000.0,1.56742,2.0,26.2019
1575492600.0,0.989857,2.0,42.2018
1575493200.0,1.2569,2.0,32.731
1575493800.0,1.09401,1.0,37.5163
1575494400.0,1.11812,5.0,37.1849
1575495000.0,1.32562,5.0,31.1948
1575495600.0,1.18565,11.0,35.2085
1575496200.0,1.06853,10.0,38.7343
1575496800.0,1.11966,27.0,36.721
1575497400.0,1.14728,15.0,35.8371
1575498000.0,1.20262,48.0,34.188
1575498600.0,1.23614,33.0,33.2609
1575499200.0,1.35889,55.0,30.2566
1575499800.0,1.44354,71.0,28.4822
1575500400.0,1.31237,43.0,31.3289
1575501000.0,1.3963299999999998,28.0,29.4451
1575501600.0,1.22051,28.0,33.687
1575502200.0,1.17394,39.0,35.0234
1575502800.0,1.20561,51.0,34.1032
1575503400.0,1.2179799999999998,34.0,33.757
1575504000.0,1.22922,50.0,33.4482
1575504600.0,1.22578,79.0,33.5421
1575505200.0,1.15655,50.0,35.5499
1575505800.0,1.2481799999999998,78.0,32.9401
1575506400.0,1.21337,57.0,33.8851
1575507000.0,1.5926,87.0,25.8164
1575507600.0,1.3496,56.0,30.4647
1575508200.0,1.32761,77.0,30.9694
1575508800.0,1.40818,72.0,29.1975
1575509400.0,1.44629,40.0,28.428
1575510000.0,1.43055,41.0,28.7408
1575510600.0,1.28841,44.0,31.9115
1575511200.0,1.35883,80.0,30.2577
1575511800.0,1.69712,62.0,24.2264
1575512400.0,1.73294,26.0,23.7256
1575513000.0,1.44251,28.0,28.5026
1575513600.0,1.39851,49.0,29.3993
1575514200.0,1.5801,44.0,26.0207
1575514800.0,1.7239799999999998,45.0,23.849
1575515400.0,1.57763,136.0,26.0613
1575516000.0,2.01478,195.0,20.4068
1575516600.0,2.62543,57.0,15.6604
1575517200.0,2.28405,63.0,18.000999999999994
1575517800.0,2.1518,60.0,19.1074
1575518400.0,2.11974,48.0,19.3964
1575519000.0,1.80502,56.0,22.7782
1575519600.0,1.6856,28.0,24.392
1575520200.0,1.63415,52.0,25.1599
1575520800.0,1.6580400000000002,37.0,24.7975
1575521400.0,1.62859,50.0,25.2459
1575522000.0,1.6645299999999998,78.0,24.7008
1575522600.0,1.85496,62.0,22.1649
1575523200.0,1.72947,215.0,23.7734
1575523800.0,1.7793599999999998,148.0,23.1067
1575524400.0,2.2086900000000003,95.0,18.6152
1575525000.0,2.09591,54.0,19.6168
1575525600.0,1.6666599999999998,51.0,24.6691
1575526200.0,1.5034299999999998,75.0,27.3476
1575526800.0,1.7155900000000002,74.0,23.9657
1575527400.0,1.59734,161.0,25.7397
1575528000.0,2.98033,197.0,13.7955
1575528600.0,3.28545,79.0,12.5143
1575529200.0,2.09681,138.0,19.6085
1575529800.0,2.18906,144.0,18.7821
1575530400.0,2.93563,102.0,14.0056
1575531000.0,2.25863,187.0,18.2036
1575531600.0,2.4102,167.0,17.0588
1575532200.0,2.55635,249.0,16.0835
1575532800.0,2.79482,38.0,14.7112
1575533400.0,2.0933900000000003,50.0,19.6405
1575534000.0,1.89961,61.0,21.644
1575534600.0,1.77296,51.0,23.1902
1575535200.0,1.64663,109.0,24.9694
1575535800.0,1.84437,109.0,22.2922
1575536400.0,1.95181,141.0,21.0652
1575537000.0,1.99113,42.0,20.6492
1575537600.0,2.09196,43.0,19.6539
1575538200.0,1.56198,31.0,26.3224
1575538800.0,1.49011,33.0,27.592
1575539400.0,1.54065,44.0,26.6869
1575540000.0,1.53698,49.0,26.7507
1575540600.0,1.7557599999999998,61.0,23.4174
1575541200.0,1.88217,83.0,21.8446
1575541800.0,1.57886,64.0,26.0411
1575542400.0,1.47687,53.0,27.8395
1575543000.0,1.5146,61.0,27.1458
1575543600.0,1.50036,51.0,27.4036
1575544200.0,1.62412,42.0,25.3154
1575544800.0,1.59751,49.0,25.7371
1575545400.0,1.42575,17.0,28.8377
1575546000.0,1.34697,35.0,30.5242
1575546600.0,1.58366,29.0,25.9621
1575547200.0,1.53638,24.0,26.7612
1575547800.0,1.42205,17.0,28.9127
1575548400.0,1.59858,36.0,25.7198
1575549000.0,1.57715,29.0,26.0694
1575549600.0,1.56172,39.0,26.3268
1575550200.0,1.65947,37.0,24.7761
1575550800.0,1.53752,33.0,26.7412
1575551400.0,1.5728,34.0,26.1221
1575552000.0,1.52423,35.0,26.9744
1575552600.0,1.67948,47.0,24.4809
1575553200.0,1.6269,22.0,25.2722
1575553800.0,1.50932,23.0,27.241
1575554400.0,1.59313,32.0,25.8078
1575555000.0,1.51178,36.0,27.1965
1575555600.0,1.58634,22.0,25.9183
1575556200.0,1.55305,20.0,26.4738
1575556800.0,1.46953,25.0,27.9784
1575557400.0,1.34059,57.0,30.6694
1575558000.0,1.41056,38.0,29.1476
1575558600.0,1.4413200000000002,26.0,28.5232
1575559200.0,1.32151,46.0,31.1092
1575559800.0,1.42801,31.0,28.7889
1575560400.0,1.34152,25.0,30.645
1575561000.0,1.40013,22.0,29.3624
1575561600.0,1.2850700000000002,23.0,31.9913
1575562200.0,1.24085,3.0,33.1314
1575562800.0,1.32721,1.0,30.9602
1575563400.0,1.3276,5.0,30.9664
1575564000.0,1.207,1.0,34.0605
1575564600.0,1.11088,2.0,37.0398
1575565200.0,1.10364,1.0,37.4476
1575565800.0,1.18741,1.0,34.7194
1575566400.0,1.16713,2.0,35.2509
1575567000.0,1.17316,1.0,35.4299
1575567600.0,1.16204,1.0,35.6953
1575568200.0,1.37586,2.0,28.9305
1575568800.0,1.19169,1.0,32.9507
1575569400.0,1.26845,1.0,33.2459
1575570000.0,1.04653,2.0,39.4249
1575571200.0,1.05546,2.0,39.027
1575571800.0,1.0465799999999998,1.0,39.4228
1575572400.0,1.12702,2.0,37.0113
1575573000.0,1.10159,1.0,37.8467
1575573600.0,1.12333,1.0,36.6134
1575574200.0,1.09397,1.0,38.1139
1575576600.0,1.02596,1.0,36.1514
1575577200.0,1.20589,1.0,31.7
1575577800.0,1.48899,2.0,25.6729
1575578400.0,1.48185,1.0,28.2716
1575579000.0,1.44719,3.0,28.7049
1575579600.0,1.22452,2.0,33.9293
1575580200.0,1.10687,5.0,38.1706
1575580800.0,0.9622,6.0,42.7728
1575581400.0,1.13303,5.0,36.4217
1575582000.0,1.50329,7.0,27.4779
1575582600.0,1.05233,21.0,39.3188
1575583200.0,1.14807,29.0,35.8089
1575583800.0,1.2216200000000002,53.0,33.6528
1575584400.0,1.42362,45.0,28.8778
1575585000.0,1.5254,54.0,26.9509
1575585600.0,1.2916299999999998,42.0,31.8288
1575586200.0,1.29551,47.0,31.7335
1575586800.0,1.26918,29.0,32.3918
1575587400.0,1.2677200000000002,42.0,32.4291
1575588000.0,1.38295,30.0,29.727
1575588600.0,1.28864,41.0,31.9026
1575589200.0,1.26136,34.0,32.5926
1575589800.0,1.25825,33.0,32.6731
1575590400.0,1.23521,42.0,33.2827
1575591000.0,1.2363,45.0,33.2531
1575591600.0,1.2825,48.0,32.0555
1575592200.0,1.25309,44.0,32.8078
1575592800.0,1.23593,38.0,33.2633
1575593400.0,1.2427,42.0,33.0819
1575594000.0,1.25134,41.0,32.8535
1575594600.0,1.42714,51.0,28.8066
1575595200.0,1.33474,44.0,30.8008
1575595800.0,1.45257,39.0,28.3022
1575596400.0,1.25978,58.0,32.6336
1575597000.0,1.28439,40.0,32.0083
1575597600.0,1.38339,27.0,29.7175
1575598200.0,1.46639,72.0,28.0356
1575598800.0,1.5019,43.0,27.3726
1575599400.0,1.65515,56.0,24.8383
1575600000.0,1.53555,69.0,26.7729
1575600600.0,1.7211900000000002,47.0,23.8852
1575601200.0,1.6930900000000002,78.0,24.2817
1575601800.0,1.80775,339.0,22.7416
1575602400.0,3.42186,87.0,12.0142
1575603000.0,2.17994,135.0,18.8588
1575603600.0,2.44131,87.0,16.8397
1575604200.0,2.11213,48.0,19.4642
1575604800.0,2.09239,64.0,19.6479
1575605400.0,1.95028,37.0,21.0796
1575606000.0,1.62106,70.0,25.3606
1575606600.0,1.59457,123.0,25.7818
1575607200.0,2.61045,58.0,15.7486
1575607800.0,2.23505,43.0,18.3938
1575608400.0,1.85698,51.0,22.1387
1575609000.0,1.89113,140.0,21.7388
1575609600.0,2.12931,258.0,19.3072
1575610200.0,1.97168,417.0,20.8507
1575610800.0,6.29475,284.0,6.5310000000000015
1575611400.0,4.6949,193.0,8.75652
1575612000.0,3.47565,179.0,11.8283
1575612600.0,2.19721,349.0,18.7105
1575613200.0,2.77268,404.0,14.8272
1575613800.0,5.41285,410.0,7.59508
1575614400.0,10.1954,308.0,4.03232
1575615000.0,8.90991,605.0,4.61408
1575615600.0,8.106869999999999,441.0,5.07113
1575616200.0,10.0377,222.0,4.09567
1575616800.0,8.75424,498.0,4.69613
1575617400.0,9.51356,360.0,4.32131
1575618000.0,10.3631,297.0,3.96707
1575618600.0,6.68685,38.0,6.14804
1575619200.0,2.72939,93.0,15.0623
1575619800.0,2.13768,275.0,19.2316
1575620400.0,3.3128900000000003,447.0,12.4094
1575621000.0,6.13831,251.0,6.69745
1575621600.0,3.87628,219.0,10.6058
1575622200.0,3.21688,299.0,12.7798
1575622800.0,5.0360000000000005,279.0,8.16342
1575623400.0,4.10199,354.0,10.0222
1575624000.0,4.59786,398.0,8.94133
1575624600.0,5.85593,327.0,7.020410000000001
1575625200.0,4.35701,99.0,9.43561
1575625800.0,3.013,94.0,13.6446
1575626400.0,2.21738,136.0,18.5403
1575627000.0,2.69555,299.0,15.2514
1575627600.0,3.88418,268.0,10.5842
1575628200.0,4.32676,307.0,9.50158
1575628800.0,5.73461,322.0,7.16892
1575629400.0,4.32075,380.0,9.51479
1575630000.0,4.66985,177.0,8.80349
1575630600.0,3.05419,62.0,13.4605
1575631200.0,2.06592,65.0,19.8996
1575631800.0,1.9467,88.0,21.1182
1575632400.0,1.7356200000000002,73.0,23.6866
1575633000.0,2.86511,45.0,14.3488
1575633600.0,2.77069,194.0,14.8378
1575634200.0,2.24342,47.0,18.3252
1575634800.0,2.16623,35.0,18.9782
1575635400.0,1.85119,95.0,22.2079
1575636000.0,1.75222,227.0,23.4622
1575636600.0,2.53921,257.0,16.1905
1575637200.0,3.4241300000000003,324.0,12.0063
1575637800.0,5.48764,277.0,7.4915600000000016
1575638400.0,5.30309,111.0,7.752269999999998
1575639000.0,3.66285,41.0,11.2238
1575639600.0,2.23685,105.0,18.3789
1575640200.0,2.212,329.0,18.5855
1575640800.0,3.55413,313.0,11.5671
1575641400.0,5.54081,74.0,7.41968
1575642000.0,3.66036,45.0,11.2314
1575642600.0,2.9575400000000003,36.0,13.9004
1575643200.0,1.92744,68.0,21.3294
1575643800.0,1.67625,158.0,24.5256
1575644400.0,2.63882,24.0,15.5793
1575645000.0,2.17459,18.0,18.9052
1575645600.0,1.46519,22.0,28.0585
1575646200.0,1.26022,34.0,32.6222
1575646800.0,1.27669,30.0,32.2013
1575647400.0,1.28735,52.0,31.9347
1575648000.0,1.37476,10.0,29.9042
1575648600.0,1.32696,5.0,30.9813
1575649200.0,1.27965,5.0,32.1268
1575649800.0,1.04959,3.0,39.1688
1575650400.0,1.06066,1.0,38.8112
1575651000.0,1.02032,1.0,40.4051
1575651600.0,1.105,3.0,37.2083
1575652200.0,1.18068,3.0,34.8502
1575652800.0,1.03157,2.0,39.9089
1575653400.0,0.956255,1.0,42.9917
1575654000.0,1.02996,3.0,39.432
1575654600.0,1.04964,1.0,39.4096
1575655200.0,1.06818,4.0,38.5219
1575655800.0,1.14638,3.0,36.0266
1575656400.0,1.06309,3.0,38.6286
1575657000.0,1.21743,2.0,34.0414
1575657600.0,1.29824,1.0,32.5683
1575658200.0,1.26847,1.0,32.2049
1575658800.0,0.920417,1.0,41.9358
1575659400.0,0.879114,2.0,47.4043
1575660000.0,1.07295,1.0,38.5451
1575660600.0,1.07894,1.0,38.3492
1575661200.0,1.10654,1.0,37.6427
1575662400.0,1.38292,1.0,30.5057
1575663000.0,1.3080200000000002,1.0,31.4347
1575663600.0,1.2380799999999998,1.0,31.1291
1575664200.0,0.9523,5.0,41.9506
1575664800.0,1.55197,1.0,26.8793
1575665400.0,1.48765,1.0,28.0811
1575666000.0,1.66156,1.0,25.4
1575666600.0,0.967452,3.0,43.3858
1575667200.0,1.05732,4.0,38.6036
1575667800.0,1.10077,4.0,37.6672
1575668400.0,1.06629,24.0,38.7737
1575669000.0,1.16819,21.0,35.192
1575669600.0,1.2052200000000002,36.0,34.1108
1575670200.0,1.26183,58.0,32.5804
1575670800.0,1.54923,66.0,26.5363
1575671400.0,1.92328,82.0,21.3754
1575672000.0,2.08323,69.0,19.7343
1575672600.0,2.6844,46.0,15.3148
1575673200.0,1.40504,60.0,29.2598
1575673800.0,1.32188,34.0,31.1004
1575674400.0,1.33736,21.0,30.7405
1575675000.0,1.33941,34.0,30.6933
1575675600.0,1.31368,103.0,31.2946
1575676200.0,1.52158,55.0,27.0186
1575676800.0,1.62456,69.0,25.306
1575677400.0,1.42355,81.0,28.8793
1575678000.0,1.7072599999999998,91.0,24.0802
1575678600.0,1.57411,52.0,26.117
1575679200.0,1.50079,72.0,27.393
1575679800.0,1.27233,64.0,32.3115
1575680400.0,1.40936,73.0,29.1699
1575681000.0,1.35031,57.0,30.4456
1575681600.0,1.49536,60.0,27.4923
1575682200.0,1.6832599999999998,31.0,24.4234
1575682800.0,1.36066,36.0,30.2139
1575683400.0,1.41694,46.0,29.0138
1575684000.0,1.476,49.0,27.853
1575684600.0,1.41169,138.0,29.1218
1575685200.0,1.6124,342.0,25.4968
1575685800.0,3.11295,267.0,13.2065
1575686400.0,3.63198,139.0,11.3192
1575687000.0,2.77101,203.0,14.8361
1575687600.0,2.6497900000000003,353.0,15.5148
1575688200.0,3.5469,543.0,11.5907
1575688800.0,5.80618,274.0,7.08056
1575689400.0,5.1733400000000005,310.0,7.9467
1575690000.0,5.35354,168.0,7.67922
1575690600.0,3.69225,161.0,11.1344
1575691200.0,3.64487,131.0,11.2792
1575691800.0,2.74611,234.0,14.9706
1575692400.0,3.42346,102.0,12.0086
1575693000.0,2.99153,30.0,13.7425
1575693600.0,1.73728,91.0,23.664
1575694200.0,1.75619,46.0,23.4092
1575694800.0,1.53702,48.0,26.7471
1575695400.0,1.46091,46.0,28.1407
1575696000.0,1.75734,83.0,23.3939
1575696600.0,1.90305,127.0,21.6028
1575697200.0,2.10346,143.0,19.5445
1575697800.0,2.54086,90.0,16.18
1575698400.0,2.91498,127.0,14.1033
1575699000.0,2.3841,389.0,17.2438
1575699600.0,3.5194300000000003,276.0,11.6812
1575700200.0,5.03254,369.0,8.169039999999999
1575700800.0,6.90821,372.0,5.95103
1575701400.0,4.6021,286.0,8.9331
1575702000.0,4.42595,175.0,9.28864
1575702600.0,3.21415,76.0,12.7906
1575703200.0,2.61343,95.0,15.7307
1575703800.0,2.41338,295.0,17.0346
1575704400.0,3.03492,249.0,13.546
1575705000.0,4.37127,213.0,9.40482
1575705600.0,4.05548,150.0,10.1371
1575706200.0,3.95005,138.0,10.4077
1575706800.0,3.5205900000000003,250.0,11.6773
1575707400.0,4.7213699999999985,193.0,8.70743
1575708000.0,5.24661,202.0,7.83573
1575708600.0,4.3852,237.0,9.37494
1575709200.0,4.0873300000000015,169.0,10.0582
1575709800.0,4.11839,108.0,9.98231
1575710400.0,2.36118,219.0,17.4112
1575711000.0,3.65076,125.0,11.2609
1575711600.0,3.37126,68.0,12.1945
1575712200.0,2.0574,112.0,19.982
1575712800.0,2.1431400000000003,95.0,19.1826
1575713400.0,2.09429,43.0,19.6301
1575714000.0,2.32943,64.0,17.6485
1575714600.0,2.00291,63.0,20.5257
1575715200.0,1.57805,77.0,26.0519
1575715800.0,2.0360400000000003,87.0,20.1916
1575716400.0,1.56863,70.0,26.2083
1575717000.0,1.56589,53.0,26.2541
1575717600.0,1.52373,61.0,26.9804
1575718200.0,1.81853,42.0,22.6068
1575718800.0,1.77683,41.0,23.1373
1575719400.0,1.60666,55.0,25.5878
1575720000.0,2.0154400000000003,31.0,20.398
1575720600.0,1.6509599999999998,13.0,24.9013
1575721200.0,1.63366,21.0,25.165
1575721800.0,1.65105,41.0,24.9
1575722400.0,1.62019,90.0,25.3742
1575723000.0,1.81629,42.0,22.6346
1575723600.0,1.56098,28.0,26.3366
1575724200.0,1.65203,28.0,24.8852
1575724800.0,1.71479,16.0,23.9744
1575725400.0,1.54675,33.0,26.5789
1575726000.0,1.41327,18.0,29.0892
1575726600.0,1.50403,30.0,27.334
1575727200.0,1.49197,39.0,27.5548
1575727800.0,1.53494,27.0,26.7835
1575728400.0,1.4600799999999998,15.0,28.1568
1575729000.0,1.51647,6.0,27.1097
1575729600.0,1.43724,26.0,28.6041
1575730200.0,1.46491,27.0,28.0639
1575730800.0,1.51297,45.0,27.1723
1575731400.0,1.57307,11.0,26.1342
1575732000.0,1.40109,18.0,29.3421
1575732600.0,1.28564,6.0,31.9771
1575733200.0,1.34353,41.0,30.5992
1575733800.0,1.43562,137.0,28.6364
1575734400.0,1.33138,6.0,30.8785
1575735000.0,1.16743,3.0,35.2149
1575735600.0,1.12393,1.0,36.5779
1575736200.0,1.07316,2.0,38.3084
1575736800.0,1.0114,2.0,40.6477
1575737400.0,1.02581,3.0,40.1159
1575738000.0,0.962883,2.0,42.7347
1575738600.0,1.10912,2.0,37.1352
1575739200.0,1.02818,3.0,39.9842
1575739800.0,0.97144,3.0,42.3982
1575740400.0,1.06883,3.0,38.1851
1575741000.0,1.36169,3.0,27.4196
1575741600.0,0.959807,2.0,42.8272
1575742200.0,1.167,4.0,35.1292
1575742800.0,1.03473,1.0,39.7984
1575743400.0,1.05929,2.0,39.0576
1575744000.0,1.0654,3.0,38.9867
1575744600.0,1.18589,1.0,34.8911
1575745200.0,1.15207,1.0,35.688
1575745800.0,0.994781,3.0,41.4459
1575746400.0,1.13149,1.0,36.2841
1575747600.0,1.7351599999999998,1.0,24.9443
1575748200.0,1.02268,1.0,40.3582
1575748800.0,0.989543,1.0,42.8366
1575749400.0,0.960423,2.0,45.2227
1575750600.0,1.0092299999999998,2.0,41.1654
1575751200.0,0.912307,1.0,45.6621
1575751800.0,1.87833,1.0,22.0484
1575752400.0,1.38308,4.0,26.7699
1575753000.0,1.2143,1.0,33.6114
1575753600.0,1.0365799999999998,1.0,39.7373
1575754200.0,1.3775700000000002,8.0,29.0054
1575754800.0,1.06565,11.0,38.8012
1575755400.0,1.15346,10.0,35.6508
1575756000.0,1.19074,24.0,34.5256
1575756600.0,1.17622,32.0,34.9518
1575757200.0,1.18079,27.0,34.8109
1575757800.0,1.67875,36.0,24.4891
1575758400.0,1.30544,29.0,31.4921
1575759000.0,1.25659,55.0,32.7163
1575759600.0,1.31328,27.0,31.3041
1575760200.0,1.29741,42.0,31.687
1575760800.0,1.31329,47.0,31.3037
1575761400.0,1.42836,30.0,28.782
1575762000.0,1.47605,55.0,27.852
1575762600.0,1.43691,37.0,28.6107
1575763200.0,1.60021,33.0,25.691
1575763800.0,1.54261,43.0,26.6503
1575764400.0,1.5626,61.0,26.3093
1575765000.0,1.59821,37.0,25.7231
1575765600.0,1.54334,65.0,26.6378
1575766200.0,1.63495,38.0,25.1451
1575766800.0,1.6034700000000002,40.0,25.6387
1575767400.0,1.486,68.0,27.6655
1575768000.0,1.40213,29.0,29.3204
1575768600.0,1.51433,41.0,27.148000000000003
1575769200.0,1.44006,35.0,28.5482
1575769800.0,1.41247,61.0,29.1057
1575770400.0,1.54228,48.0,26.656
1575771000.0,1.6338700000000002,83.0,25.1617
1575771600.0,1.63335,82.0,25.1698
1575772200.0,1.60463,86.0,25.6203
1575772800.0,1.69255,80.0,24.2894
1575773400.0,2.07864,154.0,19.7779
1575774000.0,2.24988,97.0,18.2725
1575774600.0,2.46976,257.0,16.6457
1575775200.0,2.30003,237.0,17.8741
1575775800.0,4.5152800000000015,138.0,9.10487
1575776400.0,3.85949,209.0,10.6519
1575777000.0,3.61664,124.0,11.3672
1575777600.0,3.71802,193.0,11.0572
1575778200.0,3.27452,32.0,12.5548
1575778800.0,2.60756,248.0,15.7661
1575779400.0,2.07826,295.0,19.7814
1575780000.0,3.68198,203.0,11.1655
1575780600.0,3.88896,56.0,10.5712
1575781200.0,2.28053,39.0,18.0269
1575781800.0,1.9184,193.0,21.4298
1575782400.0,2.26358,449.0,18.1619
1575783000.0,3.76331,487.0,10.9242
1575783600.0,5.20916,235.0,7.892060000000002
1575784200.0,7.630330000000002,310.0,5.38784
1575784800.0,6.17582,373.0,6.65677
1575785400.0,6.51624,363.0,6.30901
1575786000.0,5.52832,356.0,7.436439999999998
1575786600.0,8.34394,252.0,4.92705
1575787200.0,8.24047,291.0,4.98891
1575787800.0,9.88097,259.0,4.16063
1575788400.0,8.06001,425.0,5.100619999999998
1575789000.0,9.62274,293.0,4.27228
1575789600.0,9.51064,349.0,4.32263
1575790200.0,8.7726,255.0,4.6863
1575790800.0,9.39631,310.0,4.37523
1575791400.0,9.61621,419.0,4.2751800000000015
1575792000.0,10.4537,253.0,3.93269
1575792600.0,8.27055,386.0,4.97077
1575793200.0,6.557919999999998,408.0,6.26891
1575793800.0,7.92391,369.0,5.1882199999999985
1575794400.0,10.2587,210.0,4.00744
1575795000.0,5.90097,274.0,6.96683
1575795600.0,6.4866199999999985,361.0,6.33782
1575796200.0,7.68635,401.0,5.34858
1575796800.0,8.15976,372.0,5.03827
1575797400.0,7.871539999999999,331.0,5.22274
1575798000.0,5.66531,240.0,7.25662
1575798600.0,5.61272,143.0,7.324610000000002
1575799200.0,3.74891,328.0,10.9661
1575799800.0,3.0102900000000004,204.0,13.6568
1575800400.0,3.60849,304.0,11.3929
1575801000.0,4.38007,233.0,9.38593
1575801600.0,3.42025,194.0,12.0199
1575802200.0,4.27366,231.0,9.61963
1575802800.0,4.11435,52.0,9.99211
1575803400.0,2.76161,32.0,14.8866
1575804000.0,1.96853,26.0,20.8841
1575804600.0,1.59476,51.0,25.7787
1575805200.0,1.6177,85.0,25.4133
1575805800.0,1.60626,46.0,25.5943
1575806400.0,1.75754,18.0,23.3912
1575807000.0,1.7633900000000002,29.0,23.3136
1575807600.0,1.5879,44.0,25.8902
1575808200.0,2.24176,29.0,18.3387
1575808800.0,3.12269,48.0,13.1653
1575809400.0,2.31846,238.0,17.732
1575810000.0,2.95899,176.0,13.8936
1575810600.0,2.86919,63.0,14.3284
1575811200.0,3.3213699999999995,41.0,12.3777
1575811800.0,1.75295,89.0,23.4525
1575812400.0,1.55992,38.0,26.3546
1575813000.0,1.60981,88.0,25.5378
1575813600.0,1.60106,48.0,25.6774
1575814200.0,1.66556,39.0,24.683000000000003
1575814800.0,1.64368,28.0,24.9993
1575815400.0,1.47793,31.0,27.8121
1575816000.0,1.54815,93.0,26.555
1575816600.0,1.77633,62.0,23.1438
1575817200.0,1.62376,102.0,25.3184
1575817800.0,1.69513,32.0,24.2524
1575818400.0,1.51091,52.0,27.2094
1575819000.0,1.28526,37.0,31.9866
1575819600.0,1.2162,57.0,33.8027
1575820200.0,1.51682,14.0,27.1034
1575820800.0,1.29059,6.0,31.8545
1575821400.0,1.10741,3.0,37.1237
1575822000.0,1.16655,4.0,35.2415
1575822600.0,1.09566,2.0,37.5218
1575823200.0,1.15042,5.0,35.8241
1575823800.0,1.08946,1.0,37.8748
1575824400.0,1.18386,1.0,34.7251
1575825000.0,0.996766,6.0,41.4568
1575825600.0,1.04418,17.0,39.95
1575826200.0,1.07027,1.0,38.4738
1575826800.0,1.09532,1.0,34.9
1575827400.0,0.943876,1.0,44.2685
1575828000.0,1.21051,1.0,34.1229
1575828600.0,1.32233,1.0,30.2881
1575829200.0,1.22805,1.0,33.3228
1575829800.0,1.17586,5.0,35.8666
1575830400.0,1.14606,5.0,36.4558
1575831000.0,1.04211,1.0,39.2009
1575831600.0,1.01178,2.0,34.5
1575833400.0,1.0202,1.0,38.4898
1575834000.0,1.26098,1.0,31.1401
1575835800.0,0.920206,1.0,43.5013
1575836400.0,1.38925,1.0,26.5675
1575837000.0,1.05776,1.0,33.0
1575838800.0,1.2693,3.0,33.8753
1575839400.0,1.63514,2.0,25.3483
1575840000.0,0.928019,6.0,45.925
1575840600.0,1.7982200000000002,6.0,23.0403
1575841200.0,1.36819,7.0,30.4807
1575841800.0,0.999094,15.0,41.3637
1575842400.0,1.0135,24.0,40.6008
1575843000.0,1.14528,47.0,35.8962
1575843600.0,1.24534,51.0,33.0118
1575844200.0,1.26461,48.0,32.5089
1575844800.0,1.4437799999999998,48.0,28.4746
1575845400.0,1.43638,49.0,28.6212
1575846000.0,1.3928,55.0,29.5169
1575846600.0,1.1639,28.0,35.3217
1575847200.0,1.24268,46.0,33.0826
1575847800.0,1.18716,49.0,34.6299
1575848400.0,1.16522,62.0,35.2818
1575849000.0,1.17121,52.0,35.1015
1575849600.0,1.21407,40.0,33.861999999999995
1575850200.0,1.18966,53.0,34.556999999999995
1575850800.0,1.13074,49.0,36.3576
1575851400.0,1.14069,47.0,36.0404
1575852000.0,1.29095,55.0,31.8456
1575852600.0,1.24905,59.0,32.9139
1575853200.0,1.2142,41.0,33.8585
1575853800.0,1.30275,36.0,31.5571
1575854400.0,1.26488,43.0,32.5019
1575855000.0,1.36322,42.0,30.1573
1575855600.0,1.56788,49.0,26.2208
1575856200.0,1.48091,37.0,27.7606
1575856800.0,1.31085,49.0,31.3622
1575857400.0,1.35655,31.0,30.3055
1575858000.0,1.41925,54.0,28.9666
1575858600.0,1.38504,83.0,29.6822
1575859200.0,1.4974299999999998,50.0,27.4543
1575859800.0,1.68632,66.0,24.3791
1575860400.0,1.60267,59.0,25.6516
1575861000.0,1.7135,23.0,23.9925
1575861600.0,1.49424,37.0,27.5129
1575862200.0,1.37239,40.0,29.9558
1575862800.0,1.45649,32.0,28.2261
1575863400.0,1.6763,50.0,24.5249
1575864000.0,1.6794099999999998,64.0,24.4795
1575864600.0,2.04849,71.0,20.069000000000006
1575865200.0,1.87396,84.0,21.938
1575865800.0,3.1966900000000003,35.0,12.8605
1575866400.0,2.10609,45.0,19.5201
1575867000.0,1.7415900000000002,28.0,23.6054
1575867600.0,1.68406,59.0,24.4119
1575868200.0,1.84564,37.0,22.2747
1575868800.0,1.951,41.0,21.0718
1575869400.0,1.62032,54.0,25.3722
1575870000.0,1.79648,37.0,22.8842
1575870600.0,1.5351,53.0,26.7806
1575871200.0,1.4763,38.0,27.8473
1575871800.0,1.58062,56.0,26.0095
1575872400.0,1.63351,54.0,25.1673
1575873000.0,1.71377,50.0,23.9887
1575873600.0,2.17906,62.0,18.8664
1575874200.0,1.6046200000000002,73.0,25.6205
1575874800.0,2.04935,51.0,20.0605
1575875400.0,1.9711,261.0,20.8568
1575876000.0,2.28599,273.0,17.9839
1575876600.0,4.3407800000000005,105.0,9.47089
1575877200.0,3.67674,50.0,11.1814
1575877800.0,2.74762,26.0,14.9624
1575878400.0,1.47516,57.0,27.8688
1575879000.0,1.74007,70.0,23.6261
1575879600.0,1.64264,37.0,25.0275
1575880200.0,1.7919900000000002,57.0,22.9416
1575880800.0,1.84522,102.0,22.2797
1575881400.0,1.77118,73.0,23.2111
1575882000.0,1.57734,34.0,26.0635
1575882600.0,1.70643,53.0,24.0918
1575883200.0,1.72885,95.0,23.7794
1575883800.0,1.7051900000000002,38.0,24.1093
1575884400.0,1.60779,70.0,25.5698
1575885000.0,1.50738,50.0,27.2733
1575885600.0,1.65159,73.0,24.8917
1575886200.0,1.58561,63.0,25.9275
1575886800.0,1.94446,69.0,21.1427
1575887400.0,1.73114,46.0,23.7479
1575888000.0,1.94425,47.0,21.1449
1575888600.0,1.99804,30.0,20.5757
1575889200.0,1.75513,38.0,23.4233
1575889800.0,1.59433,57.0,25.7858
1575890400.0,1.65901,17.0,24.7804
1575891000.0,1.84643,33.0,22.2651
1575891600.0,1.5888799999999998,31.0,25.8742
1575892200.0,1.57542,33.0,26.0953
1575892800.0,1.61371,24.0,25.476
1575893400.0,1.68416,18.0,24.4104
1575894000.0,1.57905,7.0,26.0352
1575894600.0,1.43837,24.0,28.5816
1575895200.0,1.58625,32.0,25.917
1575895800.0,1.88739,33.0,21.7819
1575896400.0,1.72565,39.0,23.8234
1575897000.0,1.94213,14.0,21.168000000000006
1575897600.0,2.08684,25.0,19.6888
1575898200.0,1.59151,25.0,25.7579
1575898800.0,1.51296,28.0,27.0953
1575899400.0,1.40856,34.0,29.1036
1575900000.0,1.48364,29.0,27.6307
1575900600.0,1.31699,29.0,31.1272
1575901200.0,1.31318,18.0,31.2173
1575901800.0,1.50235,9.0,27.2866
1575902400.0,1.61785,28.0,25.3344
1575903000.0,1.49465,25.0,27.4272
1575903600.0,1.38571,20.0,29.5834
1575904200.0,1.48988,15.0,27.515
1575904800.0,1.32075,21.0,31.0384
1575905400.0,1.23265,9.0,33.2569
1575906000.0,1.20116,24.0,34.1288
1575906600.0,1.2900200000000002,16.0,31.7778
1575907200.0,1.25048,7.0,32.7826
1575907800.0,1.38754,4.0,29.5445
1575908400.0,1.06741,2.0,38.4051
1575909000.0,0.974839,2.0,42.0522
1575909600.0,1.00339,1.0,40.9188
1575910200.0,1.08139,1.0,37.9294
1575910800.0,1.14164,3.0,36.4775
1575911400.0,1.0334299999999998,1.0,39.8962
1575912000.0,1.07304,3.0,38.1971
1575912600.0,0.8699680000000001,1.0,46.1571
1575913200.0,1.34335,1.0,28.1897
1575913800.0,1.43338,1.0,26.5048
1575914400.0,0.930877,2.0,44.0475
1575915000.0,1.31656,1.0,28.6749
1575915600.0,1.04513,1.0,39.7812
1575916200.0,1.05637,2.0,38.8614
1575916800.0,1.60141,1.0,25.9667
1575917400.0,1.07776,1.0,38.101
1575918000.0,0.999509,1.0,41.1323
1575918600.0,1.0863200000000002,1.0,37.4362
1575920400.0,1.01229,1.0,41.46
1575921000.0,1.03881,3.0,39.0793
1575921600.0,0.943271,2.0,44.1775
1575922200.0,0.927067,2.0,44.8437
1575922800.0,1.04634,1.0,37.528
1575923400.0,0.909985,3.0,45.9037
1575924000.0,1.0872700000000002,1.0,37.8049
1575924600.0,1.2149299999999998,1.0,32.292
1575925200.0,1.10542,2.0,37.449
1575925800.0,1.12168,2.0,36.6528
1575926400.0,1.216,3.0,32.5545
1575927000.0,1.10639,5.0,36.8499
1575927600.0,0.981331,8.0,41.8038
1575928200.0,1.15137,30.0,35.7079
1575928800.0,1.30793,26.0,31.5137
1575929400.0,1.09984,22.0,37.2729
1575930000.0,1.12211,25.0,36.5329
1575930600.0,1.2229,29.0,33.5221
1575931200.0,1.31247,33.0,31.2342
1575931800.0,1.21554,40.0,33.7251
1575932400.0,1.40785,18.0,29.1181
1575933000.0,1.24758,38.0,32.8589
1575933600.0,1.23185,44.0,33.2785
1575934200.0,1.3279,48.0,30.8714
1575934800.0,1.30464,25.0,31.4218
1575935400.0,1.2748700000000002,59.0,32.1556
1575936000.0,1.30862,42.0,31.3262
1575936600.0,1.28263,39.0,31.961
1575937200.0,1.24661,33.0,32.8843
1575937800.0,1.28788,30.0,31.8305
1575938400.0,1.24641,41.0,32.8896
1575939000.0,1.21239,46.0,33.8125
1575939600.0,1.3361,32.0,30.682
1575940200.0,1.26762,57.0,32.3393
1575940800.0,1.4553,53.0,28.1689
1575941400.0,1.30559,37.0,31.3989
1575942000.0,1.28335,70.0,31.943
1575942600.0,1.26812,49.0,32.3267
1575943200.0,1.25658,37.0,32.6236
1575943800.0,1.27983,52.0,32.0307
1575944400.0,1.38475,38.0,29.604
1575945000.0,1.41384,32.0,28.9949
1575945600.0,1.4447,39.0,28.3754
1575946200.0,1.44287,36.0,28.4115
1575946800.0,1.49508,66.0,27.4194
1575947400.0,1.54732,54.0,26.4937
1575948000.0,1.47286,29.0,27.833
1575948600.0,1.49986,71.0,27.332
1575949200.0,1.47554,181.0,27.7824
1575949800.0,1.692,73.0,24.2281
1575950400.0,1.93995,58.0,21.1315
1575951000.0,1.52495,27.0,26.8822
1575951600.0,1.34033,40.0,30.5851
1575952200.0,1.47224,28.0,27.8446
1575952800.0,1.65251,30.0,24.8072
1575953400.0,1.46593,33.0,27.9645
1575954000.0,1.37057,24.0,29.9102
1575954600.0,1.35433,32.0,30.2688
1575955200.0,1.50381,43.0,27.2601
1575955800.0,1.49175,35.0,27.4806
1575956400.0,1.58991,27.0,25.784
1575957000.0,1.46023,40.0,28.0737
1575957600.0,1.41706,47.0,28.9291
1575958200.0,1.40324,55.0,29.2138
1575958800.0,1.46521,32.0,27.9782
1575959400.0,1.76771,32.0,23.1905
1575960000.0,1.53055,23.0,26.784
1575960600.0,1.59765,78.0,25.6589
1575961200.0,1.89777,66.0,21.6012
1575961800.0,2.76379,163.0,14.8325
1575962400.0,2.43969,40.0,16.803
1575963000.0,1.98567,49.0,20.645
1575963600.0,1.96464,266.0,20.866
1575964200.0,2.50676,103.0,16.3534
1575964800.0,3.02445,40.0,13.5542
1575965400.0,2.07587,46.0,19.7479
1575966000.0,1.77535,57.0,23.0907
1575966600.0,1.70298,42.0,24.072
1575967200.0,1.51588,59.0,27.0432
1575967800.0,1.55831,62.0,26.3068
1575968400.0,1.7533,48.0,23.3811
1575969000.0,1.97006,45.0,20.8085
1575969600.0,1.7231599999999998,44.0,23.7901
1575970200.0,1.58153,27.0,25.9205
1575970800.0,1.51925,34.0,26.983
1575971400.0,1.44399,54.0,28.3894
1575972000.0,1.59317,34.0,25.7311
1575972600.0,1.94861,41.0,21.0376
1575973200.0,1.87189,59.0,21.8998
1575973800.0,1.79733,60.0,22.8083
1575974400.0,1.7807099999999998,52.0,23.0212
1575975000.0,1.5722,44.0,26.0744
1575975600.0,1.43624,44.0,28.5426
1575976200.0,1.52723,28.0,26.8422
1575976800.0,1.48043,37.0,27.6907
1575977400.0,1.44768,39.0,28.3171
1575978000.0,1.5693700000000002,29.0,26.1213
1575978600.0,1.52444,28.0,26.8912
1575979200.0,1.47121,18.0,27.8641
1575979800.0,1.5072299999999998,31.0,27.1982
1575980400.0,1.69467,29.0,24.19
1575981000.0,1.6602599999999998,23.0,24.6914
1575981600.0,1.72849,25.0,23.7167
1575982200.0,1.8012400000000002,49.0,22.7588
1575982800.0,1.54103,22.0,26.6017
1575983400.0,1.61926,15.0,25.3166
1575984000.0,1.57181,17.0,26.0808
1575984600.0,1.6572099999999998,23.0,24.7369
1575985200.0,1.6449599999999998,39.0,24.921
1575985800.0,1.7504400000000002,26.0,23.4192
1575986400.0,1.7598599999999998,17.0,23.2939
1575987000.0,1.7123,42.0,23.9409
1575987600.0,1.58766,12.0,25.8204
1575988200.0,1.5733,23.0,26.0562
1575988800.0,1.50214,63.0,27.2905
1575989400.0,1.41953,25.0,28.8786
1575990000.0,1.41098,20.0,29.0537
1575990600.0,1.30473,20.0,31.4195
1575991200.0,1.3344,17.0,30.721
1575991800.0,1.21221,6.0,33.8176
1575992400.0,1.24208,53.0,33.0044
1575993000.0,1.30782,5.0,31.3454
1575993600.0,1.3844,2.0,29.6114
1575994200.0,1.34499,3.0,30.4791
1575994800.0,1.03015,1.0,39.7942
1575995400.0,1.12082,1.0,36.597
1575996000.0,0.954328,1.0,42.9404
1575996600.0,1.04243,1.0,39.4572
1575997200.0,1.01445,3.0,40.4103
1575997800.0,1.13976,1.0,35.9718
1575998400.0,1.06473,1.0,38.538
1575999000.0,0.933349,1.0,43.6811
1575999600.0,0.980355,1.0,42.7646
1576000200.0,0.8838219999999999,2.0,40.7055
1576000800.0,0.988685,2.0,41.4073
1576001400.0,0.8769170000000001,1.0,46.74800000000001
1576002000.0,1.11297,3.0,36.5513
1576002600.0,1.06007,1.0,38.6712
1576003200.0,1.40264,1.0,28.8262
1576003800.0,0.875627,1.0,47.7238
1576006200.0,1.02336,1.0,39.5767
1576006800.0,1.62121,3.0,22.9324
1576007400.0,1.12414,1.0,36.7994
1576008000.0,0.992967,2.0,42.0582
1576008600.0,1.21822,1.0,34.019
1576009200.0,1.13606,1.0,35.7305
1576011000.0,1.2205,2.0,28.6
1576011600.0,1.1333,2.0,36.4125
1576012200.0,1.11448,2.0,37.1401
1576012800.0,1.17494,6.0,35.1154
1576013400.0,1.26879,6.0,32.7702
1576014000.0,1.0474,5.0,39.4593
1576014600.0,1.13393,6.0,36.1523
1576015200.0,1.06684,53.0,38.4746
1576015800.0,1.16752,24.0,35.111999999999995
1576016400.0,1.30593,37.0,31.3908
1576017000.0,1.22698,26.0,33.4106
1576017600.0,1.39331,34.0,29.422
1576018200.0,1.14663,35.0,35.7519
1576018800.0,1.15328,23.0,35.5457
1576019400.0,1.2871,20.0,31.8498
1576020000.0,1.16685,38.0,35.1323
1576020600.0,1.27386,34.0,32.1811
1576021200.0,1.19412,20.0,34.33
1576021800.0,1.17589,49.0,34.8621
1576022400.0,1.27746,25.0,32.0903
1576023000.0,1.23894,40.0,33.088
1576023600.0,1.25937,64.0,32.5511
1576024200.0,1.3318299999999998,58.0,30.7802
1576024800.0,1.31724,81.0,31.1211
1576025400.0,1.40911,48.0,29.0922
1576026000.0,1.38175,21.0,29.6682
1576026600.0,1.28681,40.0,31.8571
1576027200.0,1.4221,70.0,28.8264
1576027800.0,1.43065,48.0,28.6542
1576028400.0,1.50625,36.0,27.216
1576029000.0,1.46597,26.0,27.9637
1576029600.0,1.47485,25.0,27.7954
1576030200.0,1.71012,36.0,23.9715
1576030800.0,1.46272,30.0,28.0259
1576031400.0,1.48851,44.0,27.5403
1576032000.0,1.58399,46.0,25.8802
1576032600.0,1.55127,34.0,26.4262
1576033200.0,1.57556,46.0,26.0188
1576033800.0,1.7101099999999998,48.0,23.9716
1576034400.0,1.7799,44.0,23.0317
1576035000.0,1.82339,50.0,22.4823
1576035600.0,1.93401,43.0,21.1964
1576036200.0,1.94987,107.0,21.024
1576036800.0,1.85955,42.0,22.0451
1576037400.0,1.443,44.0,28.4088
1576038000.0,1.58241,41.0,25.9061
1576038600.0,1.3965299999999998,30.0,29.3543
1576039200.0,1.39868,22.0,29.3092
1576039800.0,1.40267,31.0,29.2257
1576040400.0,1.41002,52.0,29.0734
1576041000.0,1.4609299999999998,71.0,28.0602
1576041600.0,1.81701,96.0,22.5612
1576042200.0,2.03293,35.0,20.165
1576042800.0,2.33841,42.0,17.5308
1576043400.0,1.50308,25.0,27.2733
1576044000.0,1.56011,124.0,26.2764
1576044600.0,1.95011,104.0,21.0215
1576045200.0,2.19383,73.0,18.6861
1576045800.0,2.31739,136.0,17.6898
1576046400.0,2.25191,72.0,18.2041
1576047000.0,2.27786,77.0,17.9968
1576047600.0,1.77033,132.0,23.1561
1576048200.0,2.72403,252.0,15.0491
1576048800.0,4.24026,206.0,9.66782
1576049400.0,3.9597,272.0,10.3528
1576050000.0,3.98167,225.0,10.2957
1576050600.0,4.231319999999998,218.0,9.68824
1576051200.0,3.5228300000000004,123.0,11.6367
1576051800.0,3.41677,92.0,11.9979
1576052400.0,2.43677,53.0,16.8231
1576053000.0,2.34043,30.0,17.5156
1576053600.0,1.8047,54.0,22.7152
1576054200.0,1.7712,45.0,23.1448
1576054800.0,1.78673,57.0,22.9437
1576055400.0,1.6178,49.0,25.3393
1576056000.0,1.64284,42.0,24.9532
1576056600.0,1.64102,73.0,24.9808
1576057200.0,1.54887,40.0,26.467
1576057800.0,1.57136,64.0,26.0882
1576058400.0,1.53336,255.0,26.7349
1576059000.0,2.80065,222.0,14.6374
1576059600.0,4.11771,81.0,9.95554
1576060200.0,3.08377,22.0,13.2935
1576060800.0,1.80537,76.0,22.7068
1576061400.0,1.42046,41.0,28.8598
1576062000.0,1.6953200000000002,39.0,24.1808
1576062600.0,1.67534,37.0,24.4691
1576063200.0,1.56931,35.0,26.1224
1576063800.0,1.5778299999999998,53.0,25.9813
1576064400.0,1.69369,23.0,24.2041
1576065000.0,1.83569,29.0,22.3317
1576065600.0,1.62556,25.0,25.2184
1576066200.0,1.52859,16.0,26.8182
1576066800.0,1.36724,17.0,29.983
1576067400.0,1.41003,27.0,29.0732
1576068000.0,1.65613,28.0,24.7529
1576068600.0,1.8526,19.0,22.1279
1576069200.0,1.5895,31.0,25.7905
1576069800.0,1.5174,16.0,27.016
1576070400.0,1.51148,24.0,27.1218
1576071000.0,1.52011,15.0,26.9678
1576071600.0,1.57976,30.0,25.9495
1576072200.0,1.5389,22.0,26.6385
1576072800.0,1.4493,30.0,28.2855
1576073400.0,1.45468,26.0,28.1809
1576074000.0,1.52657,11.0,26.8537
1576074600.0,1.35027,29.0,30.36
1576075200.0,1.49367,26.0,27.4452
1576075800.0,1.46911,33.0,27.904
1576076400.0,1.65588,16.0,24.7566
1576077000.0,1.57109,9.0,26.0927
1576077600.0,1.29084,25.0,31.7577
1576078200.0,1.29226,18.0,31.7228
1576078800.0,1.32641,25.0,30.9061
1576079400.0,1.26805,8.0,32.3284
1576080000.0,1.28843,14.0,31.8171
1576080600.0,1.15428,11.0,35.515
1576081200.0,1.15293,1.0,35.5564
1576081800.0,1.13914,4.0,36.131
1576082400.0,1.10093,2.0,37.2359
1576083000.0,1.06469,1.0,38.5066
1576083600.0,1.16438,1.0,35.2201
1576084200.0,1.08368,3.0,37.8284
1576084800.0,0.951255,3.0,43.0947
1576085400.0,1.02728,1.0,39.6765
1576086000.0,1.34486,2.0,30.7206
1576086600.0,1.03574,1.0,39.7427
1576087200.0,0.96404,3.0,43.2313
1576087800.0,1.11201,1.0,37.089
1576088400.0,0.949783,1.0,44.4607
1576089000.0,0.940595,1.0,46.6608
1576089600.0,0.977577,1.0,39.1034
1576090200.0,0.988258,2.0,41.6588
1576090800.0,1.00753,1.0,40.6209
1576091400.0,0.872834,1.0,47.0088
1576092000.0,0.8544879999999999,1.0,46.2091
1576092600.0,0.8462149999999999,1.0,45.7757
1576093200.0,1.37255,1.0,29.8977
1576093800.0,1.05349,1.0,39.3298
1576094400.0,1.23189,2.0,33.2057
1576095000.0,1.2432,1.0,30.8075
1576095600.0,1.02211,1.0,41.3037
1576096200.0,1.20418,1.0,34.4246
1576097400.0,1.3722299999999998,1.0,30.1708
1576098000.0,0.96657,3.0,42.5523
1576098600.0,1.03246,2.0,40.2309
1576099200.0,1.09123,2.0,37.6188
1576099800.0,1.11039,6.0,37.1194
1576100400.0,1.0112,10.0,40.5954
1576101000.0,1.21436,5.0,33.7521
1576101600.0,1.16012,20.0,35.3361
1576102200.0,1.22546,29.0,33.476
1576102800.0,1.28701,37.0,31.8522
1576103400.0,1.21387,40.0,33.7714
1576104000.0,1.2991,40.0,31.5557
1576104600.0,1.2738200000000002,47.0,32.1819
1576105200.0,1.15418,27.0,35.518
1576105800.0,1.22056,32.0,33.5863
1576106400.0,1.30459,19.0,31.4228
1576107000.0,1.1994,29.0,34.1787
1576107600.0,1.26027,43.0,32.5279
1576108200.0,1.41971,40.0,28.8749
1576108800.0,1.33809,41.0,30.6361
1576109400.0,1.36829,35.0,29.96
1576110000.0,1.31171,38.0,31.2523
1576110600.0,1.30473,27.0,31.4196
1576111200.0,1.65484,73.0,24.7722
1576111800.0,1.33718,52.0,30.657
1576112400.0,1.44075,59.0,28.4532
1576113000.0,1.50749,26.0,27.1936
1576113600.0,1.5894,49.0,25.7922
1576114200.0,1.42694,18.0,28.7286
1576114800.0,1.45046,52.0,28.2628
1576115400.0,1.57291,63.0,26.0626
1576116000.0,1.61822,46.0,25.3328
1576116600.0,1.61341,20.0,25.4083
1576117200.0,1.90758,30.0,21.4901
1576117800.0,1.6928299999999998,30.0,24.2162
1576118400.0,1.60993,50.0,25.4632
1576119000.0,1.65136,48.0,24.8245
1576119600.0,1.63564,35.0,25.0631
1576120200.0,1.66588,46.0,24.6081
1576120800.0,1.81049,59.0,22.6425
1576121400.0,1.9304,40.0,21.2361
1576122000.0,1.60061,31.0,25.6116
1576122600.0,1.71143,44.0,23.9531
1576123200.0,1.69317,54.0,24.2114
1576123800.0,1.52733,38.0,26.8404
1576124400.0,1.5808,70.0,25.9325
1576125000.0,1.62104,28.0,25.2888
1576125600.0,1.56695,41.0,26.1616
1576126200.0,1.58086,41.0,25.9315
1576126800.0,1.59444,57.0,25.7106
1576127400.0,1.97493,91.0,20.7572
1576128000.0,2.25049,58.0,18.2156
1576128600.0,1.91478,54.0,21.4093
1576129200.0,1.84707,59.0,22.1941
1576129800.0,1.91867,46.0,21.3659
1576130400.0,1.95302,50.0,20.9901
1576131000.0,1.7407400000000002,51.0,23.5497
1576131600.0,1.8521,64.0,22.1338
1576132200.0,1.81762,30.0,22.5537
1576132800.0,1.78427,48.0,22.9752
1576133400.0,1.72953,69.0,23.7025
1576134000.0,1.7607400000000002,83.0,23.2823
1576134600.0,2.2335,305.0,18.3542
1576135200.0,2.6398900000000003,227.0,15.5287
1576135800.0,3.12485,71.0,13.1188
1576136400.0,3.08626,45.0,13.2828
1576137000.0,2.03008,91.0,20.1933
1576137600.0,1.80687,45.0,22.6878
1576138200.0,1.77535,68.0,23.0907
1576138800.0,2.06964,52.0,19.8073
1576139400.0,1.75405,76.0,23.3711
1576140000.0,1.71773,52.0,23.8653
1576140600.0,1.67628,98.0,24.4554
1576141200.0,1.75547,227.0,23.3522
1576141800.0,2.35364,235.0,17.4173
1576142400.0,4.35581,111.0,9.41135
1576143000.0,3.42707,67.0,11.9618
1576143600.0,1.90362,71.0,21.5348
1576144200.0,1.74908,53.0,23.4375
1576144800.0,1.77099,42.0,23.1476
1576145400.0,1.98814,150.0,20.6193
1576146000.0,3.36637,57.0,12.1775
1576146600.0,1.96292,79.0,20.8842
1576147200.0,1.82191,96.0,22.5006
1576147800.0,2.41995,74.0,16.94
1576148400.0,3.06398,40.0,13.3793
1576149000.0,2.38213,41.0,17.209
1576149600.0,1.72095,44.0,23.8207
1576150200.0,1.82088,25.0,22.5133
1576150800.0,1.52231,36.0,26.9288
1576151400.0,1.79794,35.0,22.8005
1576152000.0,1.707,28.0,24.0153
1576152600.0,1.63786,13.0,25.029
1576153200.0,1.68025,17.0,24.3976
1576153800.0,1.64425,45.0,24.9317
1576154400.0,2.02625,30.0,20.2315
1576155000.0,2.7101,22.0,15.1264
1576155600.0,2.20485,26.0,18.5927
1576156200.0,2.02241,12.0,20.2699
1576156800.0,1.70885,29.0,23.9893
1576157400.0,2.24611,53.0,18.2512
1576158000.0,1.83851,14.0,22.2974
1576158600.0,1.68687,13.0,24.3019
1576159200.0,1.53235,68.0,26.7524
1576159800.0,1.54661,28.0,26.5058
1576160400.0,1.34995,23.0,30.3672
1576161000.0,1.31483,35.0,31.1784
1576161600.0,1.45019,53.0,28.268
1576162200.0,1.46686,22.0,27.9468
1576162800.0,1.45982,17.0,28.0815
1576163400.0,1.38183,13.0,29.6665
1576164000.0,1.37196,25.0,29.8799
1576164600.0,1.18468,83.0,34.6035
1576165200.0,1.33839,34.0,30.6294
1576165800.0,1.27595,21.0,32.1283
1576166400.0,1.24132,21.0,33.0245
1576167000.0,1.24719,4.0,32.8691
1576167600.0,1.1962,6.0,34.2703
1576168200.0,1.17361,12.0,34.9743
1576168800.0,1.15229,1.0,35.6015
1576169400.0,1.31043,7.0,31.2789
1576170000.0,1.10891,1.0,36.9821
1576170600.0,0.970587,1.0,42.2622
1576171200.0,0.899259,1.0,45.4648
1576171800.0,0.808708,1.0,50.4521
1576172400.0,0.995574,1.0,41.1664
1576173000.0,0.944225,3.0,43.3598
1576173600.0,1.23456,3.0,34.223
1576174200.0,1.10732,1.0,37.1916
1576174800.0,1.06658,1.0,38.2771
1576175400.0,1.05758,3.0,38.8178
1576176000.0,0.898964,2.0,45.8321
1576176600.0,1.05985,3.0,38.7553
1576177200.0,1.02908,1.0,39.8262
1576177800.0,1.0113299999999998,1.0,40.7671
1576178400.0,0.978715,2.0,41.9378
1576179000.0,1.03077,1.0,38.4724
1576179600.0,0.988936,2.0,41.7634
1576180200.0,0.949676,2.0,43.6161
1576180800.0,1.09705,1.0,37.8519
1576181400.0,0.93725,1.0,44.6479
1576183800.0,0.980629,2.0,42.5046
1576184400.0,1.79832,3.0,23.1401
1576185000.0,2.02831,1.0,20.4047
1576185600.0,2.08223,3.0,19.7463
1576186200.0,1.98414,2.0,20.4107
1576186800.0,1.50499,4.0,26.6366
1576187400.0,1.09171,16.0,37.6191
1576188000.0,1.14769,23.0,35.7189
1576188600.0,1.1972200000000002,36.0,34.2411
1576189200.0,1.2375200000000002,54.0,33.126
1576189800.0,1.24926,53.0,32.8147
1576190400.0,1.25282,38.0,32.7215
1576191000.0,1.82669,53.0,22.4417
1576191600.0,1.4202,31.0,28.865
1576192200.0,1.3604,39.0,30.1338
1576192800.0,1.39299,23.0,29.4288
1576193400.0,1.16493,41.0,35.1901
1576194000.0,1.19274,21.0,34.3696
1576194600.0,1.24003,31.0,33.0589
1576195200.0,1.27485,51.0,32.1559
1576195800.0,1.3344,24.0,30.7209
1576196400.0,1.25934,54.0,32.552
1576197000.0,1.27924,36.0,32.0458
1576197600.0,1.23473,36.0,33.2009
1576198200.0,1.30778,38.0,31.3464
1576198800.0,1.30319,34.0,31.4567
1576199400.0,1.3435700000000002,33.0,30.5114
1576200000.0,1.31675,39.0,31.1328
1576200600.0,1.32944,25.0,30.8355
1576201200.0,1.34105,49.0,30.5687
1576201800.0,1.38516,32.0,29.5951
1576202400.0,1.4054799999999998,37.0,29.1672
1576203000.0,1.4213,34.0,28.8426
1576203600.0,1.3107,21.0,31.2766
1576204200.0,1.36109,25.0,30.1185
1576204800.0,1.44364,27.0,28.3963
1576205400.0,1.47102,35.0,27.8678
1576206000.0,1.67777,45.0,24.4337
1576206600.0,1.74767,41.0,23.4564
1576207200.0,2.18813,76.0,18.7348
1576207800.0,1.76642,60.0,23.2074
1576208400.0,1.69541,43.0,24.1794
1576209000.0,1.39688,67.0,29.3468
1576209600.0,1.58759,45.0,25.8216
1576210200.0,1.65495,60.0,24.7705
1576210800.0,1.7673900000000002,49.0,23.1947
1576211400.0,2.09591,58.0,19.559
1576212000.0,1.88651,41.0,21.7301
1576212600.0,2.06371,209.0,19.8643
1576213200.0,2.16432,295.0,18.9408
1576213800.0,3.5901400000000003,33.0,11.4185
1576214400.0,2.73451,55.0,14.9914
1576215000.0,2.18744,127.0,18.7406
1576215600.0,2.10419,51.0,19.4821
1576216200.0,2.57147,24.0,15.9419
1576216800.0,1.80734,106.0,22.6821
1576217400.0,1.7678599999999998,381.0,23.1885
1576218000.0,3.16083,401.0,12.9694
1576218600.0,6.03632,463.0,6.791239999999998
1576219200.0,5.41071,317.0,7.57647
1576219800.0,7.320089999999999,258.0,5.60021
1576220400.0,4.45381,368.0,9.20426
1576221000.0,4.14035,342.0,9.90111
1576221600.0,5.08997,323.0,8.0539
1576222200.0,6.5692,295.0,6.24034
1576222800.0,5.1958199999999986,253.0,7.8898199999999985
1576223400.0,4.33646,148.0,9.45335
1576224000.0,3.49635,118.0,11.7248
1576224600.0,2.35523,330.0,17.4055
1576225200.0,2.67612,157.0,15.3185
1576225800.0,3.05314,196.0,13.4269
1576226400.0,2.1669400000000003,202.0,18.918
1576227000.0,3.00643,215.0,13.6355
1576227600.0,3.1659,371.0,12.9486
1576228200.0,3.96672,274.0,10.3345
1576228800.0,3.81142,259.0,10.7556
1576229400.0,3.73966,56.0,10.962
1576230000.0,2.43191,60.0,16.8567
1576230600.0,1.69071,138.0,24.2467
1576231200.0,1.83425,181.0,22.3492
1576231800.0,3.16055,228.0,12.9706
1576232400.0,4.17999,343.0,9.80722
1576233000.0,3.4738900000000004,203.0,11.8006
1576233600.0,3.99296,296.0,10.2666
1576234200.0,3.5524,348.0,11.5398
1576234800.0,4.84675,125.0,8.45805
1576235400.0,3.73175,45.0,10.9852
1576236000.0,2.31543,83.0,17.7048
1576236600.0,1.9522,38.0,20.9989
1576237200.0,1.95364,73.0,20.9835
1576237800.0,1.85882,64.0,22.0538
1576238400.0,1.94167,49.0,21.1128
1576239000.0,2.01598,38.0,20.3346
1576239600.0,2.0792,67.0,19.7163
1576240200.0,1.6615400000000002,105.0,24.6724
1576240800.0,2.44511,179.0,16.7658
1576241400.0,4.04401,195.0,10.137
1576242000.0,2.91712,196.0,14.0529
1576242600.0,3.3311,33.0,12.3065
1576243200.0,2.1995,44.0,18.6379
1576243800.0,1.7867099999999998,35.0,22.9439
1576244400.0,1.92356,31.0,21.3116
1576245000.0,2.01737,34.0,20.3206
1576245600.0,1.67071,102.0,24.5369
1576246200.0,1.9106,65.0,21.4561
1576246800.0,1.98979,58.0,20.6022
1576247400.0,1.46969,158.0,27.893
1576248000.0,1.83003,478.0,22.4007
1576248600.0,4.44388,212.0,9.22484
1576249200.0,3.98653,71.0,10.2831
1576249800.0,2.29304,26.0,17.8776
1576250400.0,1.34172,34.0,30.5534
1576251000.0,1.16587,21.0,35.1618
1576251600.0,1.24222,64.0,33.0008
1576252200.0,1.37414,29.0,29.8326
1576252800.0,1.45612,9.0,28.153
1576253400.0,1.24234,9.0,32.9976
1576254000.0,1.18916,5.0,34.473
1576254600.0,1.28315,2.0,31.9938
1576255200.0,1.16516,1.0,35.2339
1576255800.0,1.01529,2.0,40.462
1576256400.0,0.8880870000000001,1.0,46.8435
1576257000.0,1.00097,2.0,40.9543
1576257600.0,1.13063,1.0,36.32
1576258200.0,1.1448200000000002,3.0,36.0849
1576258800.0,1.0958,1.0,37.4706
1576259400.0,1.0884200000000002,1.0,37.7864
1576260000.0,1.05968,2.0,38.6006
1576260600.0,1.15825,1.0,35.6808
1576261200.0,3.75336,1.0,9.3
1576261800.0,1.27508,2.0,31.7158
1576262400.0,0.949631,1.0,42.9121
1576263000.0,0.908758,1.0,45.2762
1576264200.0,1.03936,1.0,40.0979
1576264800.0,1.03641,1.0,40.0442
1576265400.0,1.1191,2.0,37.7698
1576266000.0,1.05699,1.0,39.0914
1576266600.0,1.00482,1.0,41.0568
1576267200.0,0.959608,2.0,43.6917
1576267800.0,1.04776,1.0,39.0806
1576268400.0,1.06403,2.0,38.5682
1576269000.0,1.11415,3.0,36.7366
1576269600.0,1.314,1.0,30.9084
1576270200.0,1.65035,10.0,24.4723
1576270800.0,0.998743,15.0,42.3154
1576271400.0,1.21028,1.0,34.0406
1576272000.0,1.4827,2.0,27.7837
1576272600.0,1.07719,8.0,37.7933
1576273200.0,1.21277,22.0,34.0507
1576273800.0,1.09928,30.0,37.2919
1576274400.0,1.6581,39.0,24.7236
1576275000.0,1.3682299999999998,40.0,29.9615
1576275600.0,1.84186,95.0,22.2568
1576276200.0,1.61449,52.0,25.3913
1576276800.0,1.44971,58.0,28.2774
1576277400.0,1.87411,62.0,21.8739
1576278000.0,1.6624900000000002,52.0,24.6582
1576278600.0,1.5799,35.0,25.9473
1576279200.0,1.43665,67.0,28.5344
1576279800.0,1.40812,32.0,29.1127
1576280400.0,1.41248,39.0,29.0227
1576281000.0,1.38733,37.0,29.549
1576281600.0,1.44182,25.0,28.4321
1576282200.0,1.28181,22.0,31.9815
1576282800.0,1.25364,38.0,32.6999
1576283400.0,1.3762,60.0,29.7879
1576284000.0,1.44792,46.0,28.3123
1576284600.0,1.3488,34.0,30.393
1576285200.0,1.36366,38.0,30.0619
1576285800.0,1.46836,46.0,27.9182
1576286400.0,1.4832,37.0,27.639
1576287000.0,1.50335,32.0,27.2685
1576287600.0,1.40114,72.0,29.2576
1576288200.0,1.51517,55.0,27.0557
1576288800.0,1.69098,53.0,24.2428
1576289400.0,1.56103,29.0,26.2609
1576290000.0,1.56392,59.0,26.2124
1576290600.0,1.52304,49.0,26.9159
1576291200.0,1.585,76.0,25.8637
1576291800.0,1.77683,250.0,23.0715
1576292400.0,2.28181,203.0,17.9656
1576293000.0,2.60941,47.0,15.7101
1576293600.0,2.38116,105.0,17.215999999999998
1576294200.0,2.25026,158.0,18.2175
1576294800.0,2.38824,363.0,17.165
1576295400.0,3.39796,351.0,12.0643
1576296000.0,5.04882,185.0,8.119539999999999
1576296600.0,3.77305,47.0,10.865
1576297200.0,2.18776,95.0,18.7379
1576297800.0,1.86827,56.0,21.9423
1576298400.0,1.92197,66.0,21.3292
1576299000.0,2.05896,166.0,19.9101
1576299600.0,2.05782,267.0,19.9212
1576300200.0,2.86076,54.0,14.3298
1576300800.0,2.40345,35.0,17.0563
1576301400.0,1.5590000000000002,28.0,26.2951
1576302000.0,1.5177,47.0,27.0106
1576302600.0,1.99417,184.0,20.557
1576303200.0,2.23239,381.0,18.3633
1576303800.0,2.78748,197.0,14.7065
1576304400.0,3.48501,426.0,11.763
1576305000.0,4.10674,275.0,9.98214
1576305600.0,4.55198,225.0,9.00577
1576306200.0,4.58052,290.0,8.94965
1576306800.0,4.13965,373.0,9.90279
1576307400.0,6.40857,302.0,6.39676
1576308000.0,6.5116,413.0,6.29555
1576308600.0,7.96311,400.0,5.148
1576309200.0,7.96212,209.0,5.14864
1576309800.0,5.02784,156.0,8.15342
1576310400.0,3.39272,315.0,12.083
1576311000.0,3.51272,136.0,11.6702
1576311600.0,4.50559,366.0,9.09849
1576312200.0,4.27418,449.0,9.5911
1576312800.0,4.67635,225.0,8.76625
1576313400.0,4.88103,96.0,8.398660000000001
1576314000.0,2.17941,251.0,18.8097
1576314600.0,2.84201,326.0,14.4243
1576315200.0,5.21387,354.0,7.86251
1576315800.0,5.79265,316.0,7.076910000000002
1576316400.0,5.26022,226.0,7.79323
1576317000.0,4.95529,119.0,8.272789999999999
1576317600.0,3.29001,143.0,12.4602
1576318200.0,2.72888,107.0,15.0223
1576318800.0,3.09246,47.0,13.2561
1576319400.0,2.07024,57.0,19.8016
1576320000.0,1.73371,94.0,23.6452
1576320600.0,1.90264,207.0,21.5459
1576321200.0,2.35297,56.0,17.4223
1576321800.0,1.86654,66.0,21.9626
1576322400.0,2.10521,142.0,19.4727
1576323000.0,2.11943,60.0,19.3421
1576323600.0,2.53602,59.0,16.1647
1576324200.0,2.04238,39.0,20.0717
1576324800.0,1.89001,23.0,21.6899
1576325400.0,1.56275,45.0,26.232
1576326000.0,1.59783,27.0,25.6562
1576326600.0,1.57103,41.0,26.0937
1576327200.0,1.61222,27.0,25.4272
1576327800.0,1.971,32.0,20.7986
1576328400.0,1.71065,30.0,23.964
1576329000.0,1.90974,15.0,21.4658
1576329600.0,1.62492,15.0,25.2284
1576330200.0,1.43124,22.0,28.6424
1576330800.0,1.4437799999999998,19.0,28.3937
1576331400.0,1.40211,24.0,29.2373
1576332000.0,1.5606799999999998,29.0,26.2669
1576332600.0,1.38915,10.0,29.5101
1576333200.0,1.4015,27.0,29.2502
1576333800.0,1.36461,62.0,30.0409
1576334400.0,1.4866,39.0,27.5758
1576335000.0,1.46581,133.0,27.9669
1576335600.0,1.44769,30.0,28.3169
1576336200.0,1.69318,69.0,24.2113
1576336800.0,1.4282,11.0,28.7032
1576337400.0,1.31331,25.0,31.2142
1576338000.0,1.31902,17.0,31.0792
1576338600.0,1.34194,69.0,30.5483
1576339200.0,1.42076,42.0,28.8537
1576339800.0,1.30923,1.0,31.3116
1576340400.0,1.13031,2.0,36.2679
1576341000.0,1.19833,1.0,34.2913
1576341600.0,1.20032,1.0,34.4921
1576342200.0,1.20146,1.0,34.3467
1576342800.0,1.01862,6.0,40.2446
1576343400.0,1.07483,1.0,38.1399
1576344000.0,1.03911,12.0,39.4789
1576344600.0,1.17362,9.0,35.0595
1576345200.0,1.12086,4.0,36.6993
1576345800.0,0.89907,1.0,45.3742
1576346400.0,1.00742,2.0,40.7342
1576347000.0,0.961876,1.0,43.0023
1576347600.0,1.1824,1.0,33.4953
1576348200.0,1.00004,4.0,40.595
1576348800.0,0.813926,2.0,50.5228
1576349400.0,0.980733,1.0,42.1886
1576350000.0,1.05067,1.0,38.9056
1576350600.0,1.05995,1.0,36.0645
1576352400.0,1.20212,1.0,34.7534
1576353000.0,1.00981,1.0,39.3488
1576353600.0,1.14407,4.0,35.5693
1576354200.0,1.02417,1.0,40.0611
1576354800.0,1.96972,2.0,20.9449
1576355400.0,1.55728,1.0,26.2796
1576356000.0,1.03246,1.0,40.1564
1576356600.0,1.11187,13.0,37.0932
1576357200.0,1.13351,1.0,36.6597
1576357800.0,1.35329,3.0,30.64
1576358400.0,1.29305,2.0,32.0068
1576359000.0,1.33929,2.0,30.8269
1576359600.0,1.10187,11.0,37.3902
1576360200.0,1.09367,8.0,37.6352
1576360800.0,1.1467,25.0,35.7495
1576361400.0,1.39214,25.0,29.4467
1576362000.0,1.31891,29.0,31.0817
1576362600.0,1.28689,44.0,31.8551
1576363200.0,1.31582,33.0,31.1547
1576363800.0,1.27404,30.0,32.1764
1576364400.0,1.38448,24.0,29.6097
1576365000.0,1.25908,26.0,32.5587
1576365600.0,1.31047,28.0,31.2819
1576366200.0,1.38631,25.0,29.5706
1576366800.0,1.36271,29.0,30.0828
1576367400.0,1.464,45.0,28.0013
1576368000.0,1.4507,21.0,28.2581
1576368600.0,1.4769,30.0,27.7522
1576369200.0,1.31566,30.0,31.1585
1576369800.0,1.29333,40.0,31.6966
1576370400.0,1.55663,28.0,26.3351
1576371000.0,1.34358,22.0,30.5112
1576371600.0,1.45376,35.0,28.1987
1576372200.0,1.40085,41.0,29.2638
1576372800.0,1.4280700000000002,30.0,28.7058
1576373400.0,1.37802,26.0,29.7485
1576374000.0,1.50173,28.0,27.2979
1576374600.0,1.62046,24.0,25.2978
1576375200.0,1.50783,37.0,27.1875
1576375800.0,1.63197,45.0,25.1193
1576376400.0,1.62566,32.0,25.2169
1576377000.0,1.5796,27.0,25.9522
1576377600.0,1.61387,40.0,25.4011
1576378200.0,1.76456,32.0,23.2319
1576378800.0,1.74235,59.0,23.528
1576379400.0,2.11087,66.0,19.4204
1576380000.0,2.2481,53.0,18.235
1576380600.0,1.88014,43.0,21.8038
1576381200.0,2.09477,57.0,19.5697
1576381800.0,1.75905,141.0,23.3047
1576382400.0,2.15179,63.0,19.0511
1576383000.0,2.92872,132.0,13.9973
1576383600.0,2.41543,114.0,16.9718
1576384200.0,2.42688,114.0,16.8917
1576384800.0,2.09807,98.0,19.5389
1576385400.0,2.39271,268.0,17.1329
1576386000.0,2.8536200000000003,310.0,14.3656
1576386600.0,3.89775,96.0,10.5174
1576387200.0,2.00871,221.0,20.4082
1576387800.0,2.73577,181.0,14.9845
1576388400.0,3.84778,87.0,10.654000000000002
1576389000.0,2.50274,180.0,16.3797
1576389600.0,3.28899,372.0,12.464
1576390200.0,4.9502,418.0,8.28129
1576390800.0,5.61486,115.0,7.30099
1576391400.0,7.369089999999999,320.0,5.5629800000000005
1576392000.0,6.6643300000000005,252.0,6.15126
1576392600.0,7.5405,197.0,5.43652
1576393200.0,6.93755,266.0,5.9090099999999985
1576393800.0,7.10382,326.0,5.77071
1576394400.0,7.989489999999999,234.0,5.131
1576395000.0,6.22941,269.0,6.58073
1576395600.0,5.3567,357.0,7.65286
1576396200.0,6.85002,395.0,5.98452
1576396800.0,7.31355,162.0,5.6052300000000015
1576397400.0,6.1485400000000014,234.0,6.66728
1576398000.0,6.25222,167.0,6.5567199999999985
1576398600.0,5.81546,71.0,7.04915
1576399200.0,2.5463400000000003,110.0,16.0992
1576399800.0,2.29509,58.0,17.8616
1576400400.0,2.35045,83.0,17.441
1576401000.0,2.17867,75.0,18.8161
1576401600.0,2.66956,124.0,15.3561
1576402200.0,2.95762,304.0,13.8605
1576402800.0,3.44426,172.0,11.9021
1576403400.0,3.48007,75.0,11.7797
1576404000.0,2.77445,155.0,14.7756
1576404600.0,2.68454,188.0,15.2704
1576405200.0,4.37827,103.0,9.36308
1576405800.0,3.21681,91.0,12.7437
1576406400.0,2.72152,58.0,15.0629
1576407000.0,2.1905,57.0,18.7145
1576407600.0,1.59074,53.0,25.7704
1576408200.0,1.57334,59.0,26.0554
1576408800.0,1.6679099999999998,38.0,24.578000000000007
1576409400.0,1.79237,32.0,22.8714
1576410000.0,1.80841,23.0,22.6686
1576410600.0,1.67128,34.0,24.5286
1576411200.0,1.63044,25.0,25.143
1576411800.0,1.38561,25.0,29.5857
1576412400.0,1.5766,32.0,26.0016
1576413000.0,1.6660700000000002,26.0,24.6052
1576413600.0,1.91081,35.0,21.4538
1576414200.0,1.7381400000000002,44.0,23.585
1576414800.0,2.01486,31.0,20.3458
1576415400.0,1.91537,49.0,21.4026
1576416000.0,1.6902700000000002,39.0,24.253
1576416600.0,1.58419,38.0,25.877
1576417200.0,1.9209,45.0,21.341
1576417800.0,1.72285,39.0,23.7944
1576418400.0,1.6259,32.0,25.2132
1576419000.0,1.68535,23.0,24.3238
1576419600.0,1.41501,23.0,28.9709
1576420200.0,1.45803,44.0,28.1161
1576420800.0,1.35271,66.0,30.3051
1576421400.0,1.53471,41.0,26.7113
1576422000.0,1.51254,58.0,27.1028
1576422600.0,1.9015,56.0,21.5588
1576423200.0,1.62183,92.0,25.2764
1576423800.0,1.4274,46.0,28.7193
1576424400.0,1.23976,36.0,33.0662
1576425000.0,1.3369,46.0,30.6636
1576425600.0,1.44218,14.0,28.4251
1576426200.0,1.50862,7.0,27.1732
1576426800.0,1.30286,3.0,31.4647
1576427400.0,1.27193,1.0,32.2299
1576428000.0,1.12003,1.0,36.6008
1576428600.0,1.33539,1.0,30.7422
1576429200.0,1.3242,1.0,31.1377
1576429800.0,1.02928,1.0,40.064
1576430400.0,1.03547,2.0,39.7457
1576431000.0,0.98411,1.0,42.1779
1576431600.0,0.95662,1.0,43.8318
1576432200.0,1.04131,1.0,39.3827
1576432800.0,1.12856,1.0,36.4296
1576433400.0,1.12535,1.0,36.4353
1576434000.0,0.93866,5.0,44.3312
1576434600.0,1.01252,1.0,41.0556
1576435200.0,1.15998,1.0,35.9293
1576436400.0,0.818142,1.0,47.4126
1576439400.0,1.00721,2.0,38.986
1576440600.0,1.84236,1.0,22.9601
1576441200.0,2.32335,2.0,17.9807
1576441800.0,1.01417,1.0,39.2144
1576442400.0,0.862351,1.0,48.2655
1576443600.0,1.14705,1.0,36.4701
1576444800.0,1.2401799999999998,2.0,33.8945
1576445400.0,1.20356,5.0,34.5094
1576446000.0,1.2655,15.0,32.5553
1576446600.0,1.10485,9.0,37.259
1576447200.0,1.25604,23.0,32.6845
1576447800.0,1.21156,35.0,33.8357
1576448400.0,1.41024,40.0,29.0688
1576449000.0,1.4736200000000002,64.0,27.8187
1576449600.0,1.54255,48.0,26.5756
1576450200.0,1.42457,47.0,28.7763
1576450800.0,1.31594,49.0,31.152
1576451400.0,1.2990000000000002,43.0,31.5581
1576452000.0,1.28489,39.0,31.9046
1576452600.0,1.26718,27.0,32.3507
1576453200.0,1.19674,43.0,34.2547
1576453800.0,1.2285700000000002,74.0,33.3673
1576454400.0,1.39071,49.0,29.477
1576455000.0,1.30061,23.0,31.519
1576455600.0,1.3072,55.0,31.3601
1576456200.0,1.46578,26.0,27.9674
1576456800.0,1.31571,43.0,31.1574
1576457400.0,1.2451299999999998,64.0,32.9236
1576458000.0,1.27151,74.0,32.2404
1576458600.0,1.40638,51.0,29.1487
1576459200.0,1.43097,63.0,28.6477
1576459800.0,1.32023,82.0,31.0506
1576460400.0,1.58023,76.0,25.9419
1576461000.0,1.62561,51.0,25.2177
1576461600.0,1.5265,82.0,26.8549
1576462200.0,1.7775900000000002,97.0,23.0616
1576462800.0,2.31488,124.0,17.7089
1576463400.0,2.64145,49.0,15.5195
1576464000.0,2.3040000000000003,120.0,17.7926
1576464600.0,2.3764,57.0,17.2505
1576465200.0,2.23374,47.0,18.3522
1576465800.0,1.61936,62.0,25.3149
1576466400.0,1.57695,41.0,25.9957
1576467000.0,1.78225,92.0,23.0013
1576467600.0,1.63061,40.0,25.1403
1576468200.0,1.60569,50.0,25.5306
1576468800.0,1.64963,97.0,24.8505
1576469400.0,1.72887,35.0,23.7115
1576470000.0,1.72725,50.0,23.7337
1576470600.0,1.5957,51.0,25.6904
1576471200.0,1.60626,86.0,25.5214
1576471800.0,1.4841,72.0,27.6222
1576472400.0,1.66735,54.0,24.5863
1576473000.0,2.0314,43.0,20.1802
1576473600.0,1.6009,58.0,25.6069
1576474200.0,1.53593,48.0,26.6902
1576474800.0,1.47985,52.0,27.7016
1576475400.0,1.58948,33.0,25.7909
1576476000.0,1.77427,72.0,23.1047
1576476600.0,1.49708,71.0,27.3826
1576477200.0,1.64712,93.0,24.8884
1576477800.0,2.20864,305.0,18.5608
1576478400.0,3.88717,307.0,10.546
1576479000.0,5.24579,205.0,7.81465
1576479600.0,2.48092,162.0,16.5238
1576480200.0,2.05232,56.0,19.9745
1576480800.0,1.94632,54.0,21.0623
1576481400.0,2.1705400000000004,56.0,18.8866
1576482000.0,2.01346,160.0,20.36
1576482600.0,2.12596,76.0,19.2826
1576483200.0,2.59883,54.0,15.7741
1576483800.0,1.96393,80.0,20.8735
1576484400.0,1.7834,121.0,22.9864
1576485000.0,2.2741,27.0,18.0265
1576485600.0,1.99383,47.0,20.5605
1576486200.0,1.53525,29.0,26.7019
1576486800.0,1.7540099999999998,66.0,23.3717
1576487400.0,1.72771,50.0,23.7274
1576488000.0,1.7867099999999998,53.0,22.9439
1576488600.0,1.86136,46.0,22.0237
1576489200.0,1.46422,57.0,27.9972
1576489800.0,1.5978,57.0,25.6566
1576490400.0,1.69855,42.0,24.1347
1576491000.0,1.95264,40.0,20.9942
1576491600.0,2.0063,72.0,20.4327
1576492200.0,2.15555,38.0,19.0179
1576492800.0,1.90147,57.0,21.5592
1576493400.0,1.55551,39.0,26.3541
1576494000.0,1.68535,29.0,24.3238
1576494600.0,1.75744,52.0,23.326
1576495200.0,1.52906,36.0,26.81
1576495800.0,1.66927,44.0,24.5582
1576496400.0,1.64648,51.0,24.898000000000003
1576497000.0,1.75605,22.0,23.3445
1576497600.0,1.62545,17.0,25.2202
1576498200.0,1.4633,11.0,28.0148
1576498800.0,1.50024,47.0,27.3249
1576499400.0,1.5318,31.0,26.7621
1576500000.0,1.5084799999999998,46.0,27.1758
1576500600.0,1.60094,40.0,25.6063
1576501200.0,1.7329,25.0,23.6563
1576501800.0,1.58469,8.0,25.8689
1576502400.0,1.48366,18.0,27.6304
1576503000.0,1.38402,22.0,29.6195
1576503600.0,1.50701,20.0,27.2022
1576504200.0,1.38642,25.0,29.5684
1576504800.0,1.26724,12.0,32.3492
1576505400.0,1.34544,22.0,30.469
1576506000.0,1.402,17.0,29.2397
1576506600.0,1.442,16.0,28.4287
1576507200.0,1.42595,19.0,28.7486
1576507800.0,1.28309,30.0,31.9496
1576508400.0,1.3659,26.0,30.0126
1576509000.0,1.37705,81.0,29.7696
1576509600.0,1.38399,14.0,29.6202
1576510200.0,1.2048299999999998,14.0,34.0249
1576510800.0,1.34748,11.0,30.4227
1576511400.0,1.42428,12.0,28.7776
1576512000.0,1.43791,1.0,28.5094
1576512600.0,1.36372,3.0,30.0605
1576513200.0,1.07169,1.0,38.2519
1576513800.0,1.10974,1.0,37.1162
1576514400.0,1.20884,3.0,33.8414
1576515000.0,1.18728,3.0,34.5634
1576515600.0,1.13574,1.0,36.1794
1576516200.0,1.07894,2.0,38.2875
1576516800.0,1.00963,2.0,41.2071
1576517400.0,0.906225,5.0,45.3685
1576518000.0,0.959606,3.0,42.743
1576518600.0,1.18049,1.0,34.7264
1576519200.0,1.29601,1.0,31.7615
1576519800.0,0.867288,1.0,47.1039
1576520400.0,0.867107,4.0,47.2191
1576521000.0,0.995428,1.0,41.3671
1576521600.0,1.2117,2.0,34.0788
1576522200.0,0.921984,1.0,44.6812
1576522800.0,1.10923,1.0,36.5125
1576523400.0,0.901888,1.0,44.9847
1576524000.0,1.63336,1.0,25.1697
1576524600.0,0.935707,1.0,44.4291
1576525200.0,0.933968,1.0,45.5642
1576527600.0,0.946593,3.0,43.5489
1576528200.0,0.935705,2.0,44.027
1576528800.0,1.17754,1.0,34.8891
1576529400.0,1.26777,1.0,32.3737
1576530000.0,1.19603,12.0,31.2508
1576530600.0,0.88551,3.0,42.9469
1576531200.0,1.92684,6.0,21.7135
1576531800.0,1.0502200000000002,3.0,39.1971
1576532400.0,1.31256,5.0,31.3816
1576533000.0,1.14456,14.0,35.8765
1576533600.0,1.1761700000000002,11.0,34.8538
1576534200.0,1.31904,29.0,31.0787
1576534800.0,1.16974,75.0,35.0455
1576535400.0,1.66335,44.0,24.6454
1576536000.0,1.22124,46.0,33.5676
1576536600.0,1.33768,32.0,30.6456
1576537200.0,1.33606,47.0,30.6827
1576537800.0,1.31003,54.0,31.2925
1576538400.0,1.19853,38.0,34.2036
1576539000.0,1.28846,52.0,31.8163
1576539600.0,1.34125,51.0,30.5641
1576540200.0,1.39103,47.0,29.4703
1576540800.0,1.36537,35.0,30.0241
1576541400.0,1.18677,55.0,34.5425
1576542000.0,1.2839,96.0,31.9293
1576542600.0,1.35176,82.0,30.3264
1576543200.0,1.35915,98.0,30.1616
1576543800.0,1.3529799999999998,92.0,30.299
1576544400.0,1.62603,146.0,25.2111
1576545000.0,1.65873,127.0,24.7141
1576545600.0,2.15228,78.0,19.0469
1576546200.0,1.95829,43.0,20.9336
1576546800.0,1.36893,32.0,29.9461
1576547400.0,1.39722,36.0,29.3398
1576548000.0,1.32041,31.0,31.0465
1576548600.0,1.32455,32.0,30.9495
1576549200.0,1.3688,60.0,29.9489
1576549800.0,1.44451,31.0,28.3792
1576550400.0,1.42621,33.0,28.7433
1576551000.0,1.39872,65.0,29.3082
1576551600.0,1.3773799999999998,54.0,29.7624
1576552200.0,1.47448,35.0,27.8025
1576552800.0,1.3574700000000002,75.0,30.199
1576553400.0,1.58903,32.0,25.7982
1576554000.0,1.58732,23.0,25.826
1576554600.0,1.4916,30.0,27.4833
1576555200.0,1.4025,29.0,29.2293
1576555800.0,1.46658,48.0,27.9521
1576556400.0,1.52731,48.0,26.8408
1576557000.0,1.6596799999999998,79.0,24.6999
1576557600.0,1.75957,56.0,23.2978
1576558200.0,1.5973,50.0,25.6646
1576558800.0,1.85863,97.0,22.0561
1576559400.0,1.71602,41.0,23.8891
1576560000.0,1.88311,78.0,21.7693
1576560600.0,1.6982700000000002,68.0,24.1387
1576561200.0,1.94052,34.0,21.1253
1576561800.0,1.7704099999999998,73.0,23.1551
1576562400.0,1.46825,59.0,27.9204
1576563000.0,1.3767200000000002,74.0,29.7766
1576563600.0,1.55101,98.0,26.4306
1576564200.0,1.73148,61.0,23.6757
1576564800.0,2.2357400000000003,60.0,18.3358
1576565400.0,2.48889,62.0,16.4708
1576566000.0,1.79242,52.0,22.8708
1576566600.0,1.70563,62.0,24.0346
1576567200.0,1.6283299999999998,32.0,25.1755
1576567800.0,1.8133,54.0,22.6075
1576568400.0,1.6596799999999998,63.0,24.6999
1576569000.0,1.71878,59.0,23.8507
1576569600.0,1.64865,49.0,24.8652
1576570200.0,1.5606,55.0,26.2682
1576570800.0,1.65654,49.0,24.7467
1576571400.0,1.53708,34.0,26.6702
1576572000.0,1.72976,164.0,23.6992
1576572600.0,1.9656,119.0,20.8558
1576573200.0,2.0673,85.0,19.8297
1576573800.0,1.88263,84.0,21.7749
1576574400.0,1.83499,27.0,22.3402
1576575000.0,1.58564,40.0,25.8534
1576575600.0,1.62879,47.0,25.1685
1576576200.0,1.38424,33.0,29.615
1576576800.0,1.39318,28.0,29.4247
1576577400.0,1.44593,43.0,28.3514
1576578000.0,1.42882,39.0,28.6909
1576578600.0,1.60622,77.0,25.5221
1576579200.0,1.6831599999999998,63.0,24.3554
1576579800.0,1.7400799999999998,89.0,23.5588
1576580400.0,1.57568,54.0,26.0167
1576581000.0,1.4839,53.0,27.6259
1576581600.0,1.37971,36.0,29.7122
1576582200.0,1.43632,52.0,28.5411
1576582800.0,1.5365,26.0,26.6801
1576583400.0,1.72445,31.0,23.7723
1576584000.0,1.69894,26.0,24.1293
1576584600.0,1.71673,13.0,23.8791
1576585200.0,1.6045200000000002,11.0,25.5492
1576585800.0,1.54108,27.0,26.6008
1576586400.0,1.63333,52.0,25.0984
1576587000.0,1.57929,30.0,25.9572
1576587600.0,1.62521,31.0,25.2239
1576588200.0,1.5262,11.0,26.8603
1576588800.0,1.56475,19.0,26.1985
1576589400.0,1.48877,25.0,27.5355
1576590000.0,1.6131799999999998,21.0,25.412
1576590600.0,1.6238,14.0,25.2458
1576591200.0,1.6155,28.0,25.3754
1576591800.0,1.44074,26.0,28.4535
1576592400.0,1.3876,18.0,29.5432
1576593000.0,1.22156,26.0,33.5588
1576593600.0,1.40675,19.0,29.1409
1576594200.0,1.21852,24.0,33.6425
1576594800.0,1.4288,20.0,28.6912
1576595400.0,1.36848,22.0,29.9559
1576596000.0,1.26464,19.0,32.4157
1576596600.0,1.25062,31.0,32.779
1576597200.0,1.32827,14.0,30.8628
1576597800.0,1.24253,17.0,32.9924
1576598400.0,1.26758,2.0,32.3724
1576599000.0,1.31894,5.0,31.1032
1576599600.0,1.14054,5.0,35.9428
1576600200.0,1.2077,3.0,33.9382
1576600800.0,1.13896,1.0,35.9925
1576601400.0,1.16737,2.0,35.1165
1576602000.0,1.06344,4.0,38.6632
1576602600.0,1.0471,2.0,39.2219
1576603200.0,1.0158200000000002,2.0,40.1915
1576603800.0,1.03173,2.0,39.7476
1576604400.0,1.0256,1.0,40.0366
1576605000.0,1.05239,1.0,39.2919
1576605600.0,1.09535,2.0,37.6838
1576606200.0,1.01786,1.0,40.3458
1576606800.0,1.23819,3.0,33.0389
1576607400.0,1.17259,2.0,35.2383
1576608000.0,0.93383,1.0,43.7916
1576609800.0,1.18676,1.0,34.9555
1576610400.0,1.18685,1.0,34.9629
1576611600.0,1.2842,3.0,32.6413
1576612200.0,1.1081,3.0,37.7707
1576612800.0,1.02175,1.0,40.7876
1576613400.0,2.56224,1.0,15.8723
1576614600.0,0.997528,1.0,44.256
1576615200.0,0.964819,2.0,43.0231
1576615800.0,0.932763,3.0,43.4624
1576616400.0,1.17618,2.0,35.5206
1576617000.0,1.16921,1.0,35.5717
1576617600.0,1.10691,9.0,37.4102
1576618200.0,1.13575,13.0,36.3995
1576618800.0,0.975162,10.0,42.7624
1576619400.0,1.00161,15.0,41.1354
1576620000.0,1.6771200000000002,12.0,24.4565
1576620600.0,1.12733,37.0,36.364
1576621200.0,1.15833,27.0,35.3905
1576621800.0,1.6969299999999998,48.0,24.1578
1576622400.0,1.3068799999999998,40.0,31.3679
1576623000.0,1.47526,33.0,27.7878
1576623600.0,1.35926,55.0,30.1592
1576624200.0,1.21709,41.0,33.6821
1576624800.0,1.20014,25.0,34.1578
1576625400.0,1.25099,46.0,32.7694
1576626000.0,1.27173,39.0,32.2348
1576626600.0,1.276,34.0,32.1272
1576627200.0,1.255,41.0,32.6645
1576627800.0,1.21187,54.0,33.8271
1576628400.0,1.22444,31.0,33.4798
1576629000.0,1.21651,35.0,33.6981
1576629600.0,1.20396,88.0,34.0494
1576630200.0,1.1731200000000002,38.0,34.9444
1576630800.0,1.19773,38.0,34.2266
1576631400.0,1.31205,29.0,31.2444
1576632000.0,1.46673,44.0,27.9493
1576632600.0,1.48796,118.0,27.5505
1576633200.0,1.76073,130.0,23.2824
1576633800.0,3.42354,65.0,11.9742
1576634400.0,1.52745,51.0,26.8383
1576635000.0,1.32902,47.0,30.8453
1576635600.0,1.41858,64.0,28.8981
1576636200.0,1.51823,77.0,27.0013
1576636800.0,1.6663400000000002,34.0,24.6013
1576637400.0,1.66685,55.0,24.5938
1576638000.0,1.57691,76.0,25.9964
1576638600.0,1.64308,60.0,24.9495
1576639200.0,1.71944,72.0,23.8415
1576639800.0,1.6936,61.0,24.2053
1576640400.0,1.66072,29.0,24.6846
1576641000.0,1.55985,45.0,26.2808
1576641600.0,1.40942,42.0,29.0858
1576642200.0,1.50574,54.0,27.2252
1576642800.0,1.53555,50.0,26.6966
1576643400.0,1.6693099999999998,39.0,24.5574
1576644000.0,1.63107,50.0,25.1333
1576644600.0,1.44737,34.0,28.3232
1576645200.0,1.52268,44.0,26.9223
1576645800.0,1.45343,58.0,28.2051
1576646400.0,1.42507,95.0,28.7663
1576647000.0,2.01569,51.0,20.3341
1576647600.0,2.09326,47.0,19.5839
1576648200.0,1.6228200000000002,80.0,25.2611
1576648800.0,1.71029,119.0,23.9691
1576649400.0,1.74419,78.0,23.5033
1576650000.0,1.6485,166.0,24.8675
1576650600.0,1.91724,188.0,21.3818
1576651200.0,2.1306,75.0,19.2406
1576651800.0,1.97653,193.0,20.7404
1576652400.0,2.3348,102.0,17.5578
1576653000.0,2.32062,71.0,17.6651
1576653600.0,1.87562,64.0,21.8563
1576654200.0,1.86977,87.0,21.9246
1576654800.0,2.1813700000000003,56.0,18.7929
1576655400.0,1.94959,46.0,21.027
1576656000.0,1.64957,62.0,24.8513
1576656600.0,1.87662,120.0,21.8447
1576657200.0,2.44602,45.0,16.7595
1576657800.0,2.06964,63.0,19.8074
1576658400.0,1.63093,35.0,25.1355
1576659000.0,1.5724,70.0,26.071
1576659600.0,1.86663,19.0,21.9615
1576660200.0,2.30894,53.0,17.7545
1576660800.0,1.7221799999999998,25.0,23.8036
1576661400.0,1.4624,39.0,28.0321
1576662000.0,1.46729,56.0,27.9387
1576662600.0,1.60646,112.0,25.5183
1576663200.0,1.74993,121.0,23.4261
1576663800.0,2.42285,54.0,16.9198
1576664400.0,1.88018,58.0,21.8033
1576665000.0,1.83156,101.0,22.3821
1576665600.0,2.03486,254.0,20.1459
1576666200.0,2.92102,51.0,14.0341
1576666800.0,2.57603,34.0,15.9137
1576667400.0,1.75242,51.0,23.3928
1576668000.0,1.52846,29.0,26.8206
1576668600.0,1.56512,57.0,26.1923
1576669200.0,1.63017,20.0,25.1471
1576669800.0,1.79227,17.0,22.8727
1576670400.0,1.7462099999999998,38.0,23.476
1576671000.0,1.63495,18.0,25.0736
1576671600.0,1.68156,40.0,24.3786
1576672200.0,1.65905,71.0,24.7093
1576672800.0,1.58202,52.0,25.9125
1576673400.0,1.68816,31.0,24.2833
1576674000.0,1.6840400000000002,31.0,24.3427
1576674600.0,1.6877,17.0,24.2898
1576675200.0,1.82156,29.0,22.505
1576675800.0,1.87909,15.0,21.8159
1576676400.0,1.7133599999999998,11.0,23.9261
1576677000.0,1.57978,16.0,25.9492
1576677600.0,1.49044,26.0,27.5048
1576678200.0,1.39544,32.0,29.3771
1576678800.0,1.28001,23.0,32.0264
1576679400.0,1.33977,16.0,30.5978
1576680000.0,1.3805,31.0,29.6952
1576680600.0,1.39183,27.0,29.4534
1576681200.0,1.42769,21.0,28.7136
1576681800.0,1.41937,4.0,28.8818
1576682400.0,1.32931,7.0,30.8386
1576683000.0,1.29322,22.0,31.6993
1576683600.0,1.17574,25.0,34.8667
1576684200.0,1.28191,13.0,31.9788
1576684800.0,1.30337,1.0,31.4523
1576685400.0,1.18777,3.0,34.5134
1576686000.0,1.07565,6.0,38.111
1576686600.0,1.04703,2.0,39.1527
1576687200.0,1.08132,2.0,37.9113
1576687800.0,0.958995,3.0,42.9125
1576688400.0,1.04971,3.0,39.2988
1576689000.0,1.06707,2.0,38.4176
1576689600.0,1.08202,3.0,37.6367
1576690200.0,1.08152,1.0,37.4536
1576690800.0,1.31957,1.0,30.8244
1576691400.0,1.13685,4.0,35.6048
1576692000.0,1.0324799999999998,1.0,39.6812
1576692600.0,1.15637,1.0,35.0246
1576693200.0,1.08724,1.0,36.9906
1576693800.0,1.0919299999999998,3.0,35.9612
1576694400.0,1.56972,2.0,26.7802
1576695000.0,1.36816,1.0,30.0314
1576695600.0,1.1536799999999998,1.0,36.1166
1576696200.0,1.04071,1.0,39.8867
1576698000.0,1.25613,1.0,31.0141
1576698600.0,1.2923,2.0,32.1169
1576703400.0,1.09425,2.0,35.8848
1576704000.0,1.10463,5.0,37.5146
1576704600.0,0.982984,4.0,41.7941
1576705200.0,1.07905,10.0,38.1568
1576705800.0,1.0881299999999998,18.0,37.674
1576706400.0,1.15267,39.0,35.5646
1576707000.0,1.55419,28.0,26.3765
1576707600.0,1.50597,51.0,27.2211
1576708200.0,1.37656,38.0,29.78
1576708800.0,1.35,26.0,30.3659
1576709400.0,1.25373,63.0,32.6976
1576710000.0,1.32406,60.0,30.9609
1576710600.0,1.50063,32.0,27.3179
1576711200.0,1.2596,16.0,32.5452
1576711800.0,1.18963,22.0,34.4595
1576712400.0,1.28167,45.0,31.9848
1576713000.0,1.22073,53.0,33.5816
1576713600.0,1.21873,49.0,33.6368
1576714200.0,1.2129299999999998,32.0,33.7976
1576714800.0,1.25025,40.0,32.7887
1576715400.0,1.27924,40.0,32.0458
1576716000.0,1.33722,58.0,30.6563
1576716600.0,1.26222,48.0,32.4778
1576717200.0,1.24632,43.0,32.8921
1576717800.0,1.30724,51.0,31.3592
1576718400.0,1.45071,30.0,28.258000000000006
1576719000.0,1.36578,38.0,30.0152
1576719600.0,1.43696,38.0,28.5284
1576720200.0,1.45143,21.0,28.2439
1576720800.0,1.36168,58.0,30.1055
1576721400.0,1.6629599999999998,51.0,24.6513
1576722000.0,1.6443900000000002,36.0,24.9296
1576722600.0,1.44752,49.0,28.3202
1576723200.0,1.58844,78.0,25.8077
1576723800.0,1.81283,69.0,22.6133
1576724400.0,2.40741,76.0,17.0283
1576725000.0,2.72331,59.0,15.0531
1576725600.0,1.67714,87.0,24.4429
1576726200.0,2.08687,48.0,19.6438
1576726800.0,1.87597,23.0,21.8523
1576727400.0,1.50983,31.0,27.1515
1576728000.0,1.48935,43.0,27.5248
1576728600.0,1.5325799999999998,46.0,26.7484
1576729200.0,1.49731,59.0,27.3784
1576729800.0,1.5117200000000002,67.0,27.1176
1576730400.0,1.50956,23.0,27.1563
1576731000.0,1.50155,67.0,27.3012
1576731600.0,1.588,50.0,25.815
1576732200.0,1.5562200000000002,47.0,26.342
1576732800.0,1.41416,65.0,28.9882
1576733400.0,1.69251,41.0,24.2209
1576734000.0,1.98398,53.0,20.6625
1576734600.0,1.58816,75.0,25.8123
1576735200.0,1.56054,50.0,26.2692
1576735800.0,1.65767,54.0,24.7299
1576736400.0,1.94176,96.0,21.1119
1576737000.0,1.7374900000000002,323.0,23.5939
1576737600.0,2.41366,121.0,16.9842
1576738200.0,2.52445,61.0,16.2388
1576738800.0,1.77744,107.0,23.0636
1576739400.0,2.06435,116.0,19.8581
1576740000.0,2.84441,109.0,14.4121
1576740600.0,2.50151,188.0,16.3877
1576741200.0,2.74648,43.0,14.925999999999998
1576741800.0,2.06368,101.0,19.8646
1576742400.0,2.02259,223.0,20.2681
1576743000.0,2.60523,214.0,15.7353
1576743600.0,2.86824,190.0,14.2924
1576744200.0,3.36416,38.0,12.1856
1576744800.0,2.39768,52.0,17.0974
1576745400.0,1.74808,53.0,23.4509
1576746000.0,1.74812,73.0,23.4504
1576746600.0,1.82848,31.0,22.4197
1576747200.0,1.96824,49.0,20.8278
1576747800.0,1.7307099999999995,34.0,23.6863
1576748400.0,1.61593,31.0,25.3688
1576749000.0,1.40651,53.0,29.146
1576749600.0,1.59749,116.0,25.6616
1576750200.0,2.3063700000000003,27.0,17.7743
1576750800.0,2.44576,34.0,16.7613
1576751400.0,1.61571,61.0,25.3722
1576752000.0,1.7191900000000002,41.0,23.845
1576752600.0,1.68881,34.0,24.2739
1576753200.0,1.52657,28.0,26.8537
1576753800.0,1.47052,49.0,27.8773
1576754400.0,1.53939,29.0,26.6301
1576755000.0,1.6767900000000002,56.0,24.448
1576755600.0,1.59744,19.0,25.6624
1576756200.0,1.63014,24.0,25.1476
1576756800.0,1.42877,36.0,28.6919
1576757400.0,1.4922799999999998,9.0,27.4708
1576758000.0,1.57215,12.0,26.0752
1576758600.0,1.47835,19.0,27.7295
1576759200.0,1.55774,26.0,26.3164
1576759800.0,1.48463,38.0,27.6123
1576760400.0,1.75483,21.0,23.3607
1576761000.0,1.57592,18.0,26.0129
1576761600.0,1.52433,12.0,26.8932
1576762200.0,1.45151,23.0,28.2424
1576762800.0,1.40847,31.0,29.1053
1576763400.0,1.36123,22.0,30.1156
1576764000.0,1.33026,24.0,30.8167
1576764600.0,1.3194,18.0,31.0703
1576765200.0,1.45384,34.0,28.1972
1576765800.0,1.3948,17.0,29.3907
1576766400.0,1.39768,35.0,29.3302
1576767000.0,1.26962,53.0,32.2884
1576767600.0,1.34787,23.0,30.414
1576768200.0,1.25425,7.0,32.6842
1576768800.0,1.2722,20.0,32.223
1576769400.0,1.23676,12.0,33.1464
1576770000.0,1.27166,15.0,32.2367
1576770600.0,1.22254,13.0,33.5318
1576771200.0,1.28557,24.0,31.8878
1576771800.0,1.17445,10.0,34.9049
1576772400.0,1.05921,4.0,38.7025
1576773000.0,1.18296,1.0,34.6538
1576773600.0,1.06611,3.0,38.5947
1576774200.0,1.01981,4.0,40.1206
1576774800.0,1.07796,1.0,38.0864
1576775400.0,1.02764,2.0,40.0492
1576776000.0,1.06319,2.0,38.399
1576776600.0,1.02117,1.0,40.1441
1576777200.0,1.43971,3.0,29.2248
1576777800.0,1.30824,3.0,31.4324
1576778400.0,1.00111,2.0,40.6674
1576779000.0,0.940426,1.0,43.5909
1576779600.0,0.845332,2.0,48.6321
1576780200.0,0.890465,1.0,46.3066
1576780800.0,0.807491,4.0,53.1123
1576781400.0,0.960439,1.0,42.7997
1576782000.0,0.93097,1.0,44.4576
1576782600.0,1.16343,1.0,35.9545
1576783200.0,1.0901299999999998,2.0,38.7737
1576783800.0,1.07307,1.0,38.3701
1576784400.0,1.05945,1.0,38.8256
1576785000.0,1.27898,2.0,32.1941
1576787400.0,1.0632,1.0,38.989
1576788000.0,1.00408,1.0,41.3472
1576788600.0,0.960192,2.0,42.5675
1576789200.0,1.07751,6.0,38.1974
1576789800.0,1.3350799999999998,4.0,31.2271
1576790400.0,1.51995,6.0,27.1013
1576791000.0,1.0455299999999998,7.0,39.301
1576791600.0,1.07854,7.0,38.2763
1576792200.0,1.20413,18.0,34.0855
1576792800.0,1.22315,22.0,33.5151
1576793400.0,1.17903,39.0,34.7694
1576794000.0,1.55227,54.0,26.4092
1576794600.0,1.29389,52.0,31.6828
1576795200.0,1.49303,43.0,27.457
1576795800.0,1.25214,39.0,32.7393
1576796400.0,1.31787,38.0,31.1064
1576797000.0,1.28184,26.0,31.9805
1576797600.0,1.23682,18.0,33.1446
1576798200.0,1.1070799999999998,56.0,37.0291
1576798800.0,1.28616,39.0,31.8733
1576799400.0,1.22185,78.0,33.5508
1576800000.0,1.26039,45.0,32.525
1576800600.0,1.3342,38.0,30.7257
1576801200.0,1.4135799999999998,50.0,29.0002
1576801800.0,1.3249,54.0,30.9412
1576802400.0,1.3905299999999998,51.0,29.4809
1576803000.0,1.3775,68.0,29.7599
1576803600.0,1.38602,145.0,29.5768
1576804200.0,1.6647299999999998,205.0,24.6251
1576804800.0,1.79158,77.0,22.8815
1576805400.0,1.80987,146.0,22.6503
1576806000.0,1.74002,72.0,23.5595
1576806600.0,1.59243,20.0,25.7431
1576807200.0,1.65533,30.0,24.7649
1576807800.0,1.54368,35.0,26.5561
1576808400.0,1.5288,39.0,26.8146
1576809000.0,1.39217,53.0,29.4461
1576809600.0,1.66518,38.0,24.6183
1576810200.0,1.85109,43.0,22.1458
1576810800.0,2.55979,64.0,16.0146
1576811400.0,2.3281400000000003,74.0,17.6081
1576812000.0,2.12277,47.0,19.3116
1576812600.0,1.91033,65.0,21.4591
1576813200.0,1.64378,56.0,24.9389
1576813800.0,1.77551,38.0,23.0886
1576814400.0,1.6411099999999998,38.0,24.9795
1576815000.0,1.56226,70.0,26.2402
1576815600.0,1.50039,124.0,27.3223
1576816200.0,2.90231,88.0,14.1246
1576816800.0,2.31874,85.0,17.6794
1576817400.0,2.88754,42.0,14.1969
1576818000.0,1.91433,105.0,21.4144
1576818600.0,1.87408,82.0,21.8742
1576819200.0,1.66115,108.0,24.6782
1576819800.0,1.88183,104.0,21.7842
1576820400.0,2.14651,34.0,19.098
1576821000.0,1.99017,39.0,20.5983
1576821600.0,2.47484,53.0,16.5644
1576822200.0,2.02258,286.0,20.2682
1576822800.0,2.46049,352.0,16.6609
1576823400.0,3.81947,352.0,10.7329
1576824000.0,4.44301,444.0,9.22666
1576824600.0,4.82952,412.0,8.48823
1576825200.0,4.82366,352.0,8.49854
1576825800.0,5.79804,210.0,7.07033
1576826400.0,9.92824,589.0,4.12904
1576827000.0,5.47746,328.0,7.484139999999999
1576827600.0,8.16377,292.0,5.02146
1576828200.0,7.77152,206.0,5.27491
1576828800.0,3.33632,159.0,12.2872
1576829400.0,2.21475,273.0,18.5096
1576830000.0,3.37028,313.0,12.1634
1576830600.0,4.43812,103.0,9.23682
1576831200.0,3.19857,46.0,12.8164
1576831800.0,1.84427,92.0,22.2278
1576832400.0,2.41416,101.0,16.9807
1576833000.0,2.95251,78.0,13.8845
1576833600.0,2.29033,170.0,17.8987
1576834200.0,1.88435,241.0,21.7551
1576834800.0,2.93351,88.0,13.9744
1576835400.0,2.17518,165.0,18.8463
1576836000.0,2.09036,232.0,19.611
1576836600.0,2.82145,304.0,14.5294
1576837200.0,5.30211,283.0,7.73165
1576837800.0,6.47006,350.0,6.33597
1576838400.0,5.15842,317.0,7.947030000000002
1576839000.0,4.1459199999999985,254.0,9.88781
1576839600.0,3.03511,133.0,13.5066
1576840200.0,2.5785,71.0,15.8984
1576840800.0,1.89641,70.0,21.6166
1576841400.0,2.02998,81.0,20.1943
1576842000.0,2.0135400000000003,103.0,20.3593
1576842600.0,2.60347,98.0,15.7459
1576843200.0,1.95685,54.0,20.949
1576843800.0,1.9623,24.0,20.8909
1576844400.0,1.7682400000000005,61.0,23.1836
1576845000.0,1.85484,61.0,22.1011
1576845600.0,2.28181,147.0,17.9656
1576846200.0,3.701330000000001,299.0,11.0755
1576846800.0,3.81461,128.0,10.7466
1576847400.0,2.91474,30.0,14.0644
1576848000.0,2.32765,35.0,17.6118
1576848600.0,1.73288,84.0,23.6566
1576849200.0,2.23129,58.0,18.3723
1576849800.0,2.17061,42.0,18.886
1576850400.0,1.85392,69.0,22.1121
1576851000.0,1.52478,26.0,26.8852
1576851600.0,2.18285,36.0,18.78
1576852200.0,1.6730599999999998,25.0,24.5025
1576852800.0,1.44944,54.0,28.2826
1576853400.0,1.3585,59.0,30.1759
1576854000.0,1.50126,43.0,27.3064
1576854600.0,1.84028,31.0,22.276
1576855200.0,1.62766,24.0,25.1859
1576855800.0,1.31815,107.0,31.0996
1576856400.0,1.28073,75.0,32.0085
1576857000.0,1.38232,21.0,29.656
